{"metadata": {"schema_version": "0.1", "title": "Black Tulip Hornpipe", "source_format": "abc"}, "resolution": 24, "tempos": [{"time": 0, "qpm": 120.0}], "key_signatures": [{"time": 0, "root": 7, "mode": "major", "fifths": 1}], "time_signatures": [{"time": 0, "numerator": 2, "denominator": 2}], "beats": [{"time": 0, "is_downbeat": true}, {"time": 24, "is_downbeat": true}, {"time": 72, "is_downbeat": false}, {"time": 120, "is_downbeat": true}, {"time": 168, "is_downbeat": false}, {"time": 216, "is_downbeat": true}, {"time": 264, "is_downbeat": false}, {"time": 312, "is_downbeat": true}, {"time": 360, "is_downbeat": false}, {"time": 408, "is_downbeat": true}, {"time": 456, "is_downbeat": false}, {"time": 504, "is_downbeat": true}, {"time": 552, "is_downbeat": false}, {"time": 600, "is_downbeat": true}, {"time": 648, "is_downbeat": false}, {"time": 696, "is_downbeat": true}, {"time": 744, "is_downbeat": false}, {"time": 792, "is_downbeat": true}, {"time": 840, "is_downbeat": false}, {"time": 888, "is_downbeat": true}, {"time": 936, "is_downbeat": false}, {"time": 984, "is_downbeat": true}, {"time": 1032, "is_downbeat": false}, {"time": 1080, "is_downbeat": true}, {"time": 1128, "is_downbeat": false}, {"time": 1176, "is_downbeat": true}, {"time": 1224, "is_downbeat": false}, {"time": 1272, "is_downbeat": true}, {"time": 1320, "is_downbeat": false}, {"time": 1368, "is_downbeat": true}, {"time": 1416, "is_downbeat": false}, {"time": 1464, "is_downbeat": true}, {"time": 1512, "is_downbeat": false}], "tracks": [{"program": 0, "is_drum": false, "notes": [{"time": 0, "pitch": 74, "duration": 24, "velocity": 64}, {"time": 24, "pitch": 71, "duration": 18, "velocity": 64}, {"time": 42, "pitch": 79, "duration": 6, "velocity": 64}, {"time": 48, "pitch": 74, "duration": 18, "velocity": 64}, {"time": 66, "pitch": 71, "duration": 6, "velocity": 64}, {"time": 72, "pitch": 67, "duration": 18, "velocity": 64}, {"time": 90, "pitch": 71, "duration": 6, "velocity": 64}, {"time": 96, "pitch": 74, "duration": 18, "velocity": 64}, {"time": 114, "pitch": 71, "duration": 6, "velocity": 64}, {"time": 120, "pitch": 72, "duration": 18, "velocity": 64}, {"time": 138, "pitch": 76, "duration": 6, "velocity": 64}, {"time": 144, "pitch": 81, "duration": 18, "velocity": 64}, {"time": 162, "pitch": 79, "duration": 6, "velocity": 64}, {"time": 168, "pitch": 78, "duration": 18, "velocity": 64}, {"time": 186, "pitch": 74, "duration": 6, "velocity": 64}, {"time": 192, "pitch": 76, "duration": 18, "velocity": 64}, {"time": 210, "pitch": 78, "duration": 6, "velocity": 64}, {"time": 216, "pitch": 71, "duration": 18, "velocity": 64}, {"time": 234, "pitch": 79, "duration": 6, "velocity": 64}, {"time": 240, "pitch": 74, "duration": 18, "velocity": 64}, {"time": 258, "pitch": 71, "duration": 6, "velocity": 64}, {"time": 264, "pitch": 79, "duration": 18, "velocity": 64}, {"time": 282, "pitch": 74, "duration": 6, "velocity": 64}, {"time": 288, "pitch": 71, "duration": 18, "velocity": 64}, {"time": 306, "pitch": 74, "duration": 6, "velocity": 64}, {"time": 312, "pitch": 72, "duration": 18, "velocity": 64}, {"time": 330, "pitch": 69, "duration": 6, "velocity": 64}, {"time": 336, "pitch": 74, "duration": 18, "velocity": 64}, {"time": 354, "pitch": 69, "duration": 6, "velocity": 64}, {"time": 360, "pitch": 76, "duration": 18, "velocity": 64}, {"time": 378, "pitch": 69, "duration": 6, "velocity": 64}, {"time": 384, "pitch": 78, "duration": 18, "velocity": 64}, {"time": 402, "pitch": 69, "duration": 6, "velocity": 64}, {"time": 408, "pitch": 79, "duration": 18, "velocity": 64}, {"time": 426, "pitch": 74, "duration": 6, "velocity": 64}, {"time": 432, "pitch": 71, "duration": 18, "velocity": 64}, {"time": 450, "pitch": 74, "duration": 6, "velocity": 64}, {"time": 456, "pitch": 79, "duration": 18, "velocity": 64}, {"time": 474, "pitch": 83, "duration": 6, "velocity": 64}, {"time": 480, "pitch": 81, "duration": 18, "velocity": 64}, {"time": 498, "pitch": 79, "duration": 6, "velocity": 64}, {"time": 504, "pitch": 78, "duration": 18, "velocity": 64}, {"time": 522, "pitch": 74, "duration": 6, "velocity": 64}, {"time": 528, "pitch": 69, "duration": 18, "velocity": 64}, {"time": 546, "pitch": 74, "duration": 6, "velocity": 64}, {"time": 552, "pitch": 78, "duration": 18, "velocity": 64}, {"time": 570, "pitch": 81, "duration": 6, "velocity": 64}, {"time": 576, "pitch": 79, "duration": 18, "velocity": 64}, {"time": 594, "pitch": 78, "duration": 6, "velocity": 64}, {"time": 600, "pitch": 76, "duration": 18, "velocity": 64}, {"time": 618, "pitch": 74, "duration": 6, "velocity": 64}, {"time": 624, "pitch": 72, "duration": 18, "velocity": 64}, {"time": 642, "pitch": 71, "duration": 6, "velocity": 64}, {"time": 648, "pitch": 72, "duration": 18, "velocity": 64}, {"time": 666, "pitch": 76, "duration": 6, "velocity": 64}, {"time": 672, "pitch": 74, "duration": 18, "velocity": 64}, {"time": 690, "pitch": 72, "duration": 6, "velocity": 64}, {"time": 696, "pitch": 71, "duration": 24, "velocity": 64}, {"time": 720, "pitch": 67, "duration": 24, "velocity": 64}, {"time": 744, "pitch": 67, "duration": 24, "velocity": 64}, {"time": 768, "pitch": 74, "duration": 24, "velocity": 64}, {"time": 792, "pitch": 69, "duration": 12, "velocity": 64}, {"time": 804, "pitch": 62, "duration": 12, "velocity": 64}, {"time": 816, "pitch": 71, "duration": 12, "velocity": 64}, {"time": 828, "pitch": 62, "duration": 12, "velocity": 64}, {"time": 840, "pitch": 72, "duration": 12, "velocity": 64}, {"time": 852, "pitch": 62, "duration": 12, "velocity": 64}, {"time": 864, "pitch": 74, "duration": 12, "velocity": 64}, {"time": 876, "pitch": 72, "duration": 12, "velocity": 64}, {"time": 888, "pitch": 71, "duration": 12, "velocity": 64}, {"time": 900, "pitch": 67, "duration": 12, "velocity": 64}, {"time": 912, "pitch": 72, "duration": 12, "velocity": 64}, {"time": 924, "pitch": 67, "duration": 12, "velocity": 64}, {"time": 936, "pitch": 73, "duration": 12, "velocity": 64}, {"time": 948, "pitch": 67, "duration": 12, "velocity": 64}, {"time": 960, "pitch": 74, "duration": 12, "velocity": 64}, {"time": 972, "pitch": 67, "duration": 12, "velocity": 64}, {"time": 984, "pitch": 69, "duration": 12, "velocity": 64}, {"time": 996, "pitch": 62, "duration": 12, "velocity": 64}, {"time": 1008, "pitch": 71, "duration": 12, "velocity": 64}, {"time": 1020, "pitch": 62, "duration": 12, "velocity": 64}, {"time": 1032, "pitch": 72, "duration": 12, "velocity": 64}, {"time": 1044, "pitch": 62, "duration": 12, "velocity": 64}, {"time": 1056, "pitch": 74, "duration": 24, "velocity": 64}, {"time": 1080, "pitch": 76, "duration": 12, "velocity": 64}, {"time": 1092, "pitch": 74, "duration": 12, "velocity": 64}, {"time": 1104, "pitch": 74, "duration": 12, "velocity": 64}, {"time": 1116, "pitch": 73, "duration": 12, "velocity": 64}, {"time": 1128, "pitch": 74, "duration": 48, "velocity": 64}, {"time": 1176, "pitch": 69, "duration": 12, "velocity": 64}, {"time": 1188, "pitch": 62, "duration": 12, "velocity": 64}, {"time": 1200, "pitch": 71, "duration": 12, "velocity": 64}, {"time": 1212, "pitch": 62, "duration": 12, "velocity": 64}, {"time": 1224, "pitch": 72, "duration": 12, "velocity": 64}, {"time": 1236, "pitch": 62, "duration": 12, "velocity": 64}, {"time": 1248, "pitch": 74, "duration": 12, "velocity": 64}, {"time": 1260, "pitch": 72, "duration": 12, "velocity": 64}, {"time": 1272, "pitch": 71, "duration": 12, "velocity": 64}, {"time": 1284, "pitch": 67, "duration": 12, "velocity": 64}, {"time": 1296, "pitch": 72, "duration": 12, "velocity": 64}, {"time": 1308, "pitch": 67, "duration": 12, "velocity": 64}, {"time": 1320, "pitch": 73, "duration": 12, "velocity": 64}, {"time": 1332, "pitch": 67, "duration": 12, "velocity": 64}, {"time": 1344, "pitch": 74, "duration": 24, "velocity": 64}, {"time": 1368, "pitch": 76, "duration": 12, "velocity": 64}, {"time": 1380, "pitch": 72, "duration": 12, "velocity": 64}, {"time": 1392, "pitch": 79, "duration": 12, "velocity": 64}, {"time": 1404, "pitch": 72, "duration": 12, "velocity": 64}, {"time": 1416, "pitch": 78, "duration": 12, "velocity": 64}, {"time": 1428, "pitch": 72, "duration": 12, "velocity": 64}, {"time": 1440, "pitch": 81, "duration": 12, "velocity": 64}, {"time": 1452, "pitch": 72, "duration": 12, "velocity": 64}, {"time": 1464, "pitch": 79, "duration": 24, "velocity": 64}, {"time": 1488, "pitch": 83, "duration": 24, "velocity": 64}, {"time": 1512, "pitch": 79, "duration": 48, "velocity": 64}], "chords": [{"time": 24, "pitches": [55, 59, 62], "duration": 0, "velocity": 64}, {"time": 120, "pitches": [50, 54, 57], "duration": 0, "velocity": 64}, {"time": 216, "pitches": [55, 59, 62], "duration": 0, "velocity": 64}, {"time": 312, "pitches": [50, 54, 57], "duration": 0, "velocity": 64}, {"time": 408, "pitches": [55, 59, 62], "duration": 0, "velocity": 64}, {"time": 504, "pitches": [50, 54, 57], "duration": 0, "velocity": 64}, {"time": 600, "pitches": [48, 52, 55], "duration": 0, "velocity": 64}, {"time": 648, "pitches": [50, 54, 57], "duration": 0, "velocity": 64}, {"time": 696, "pitches": [55, 59, 62], "duration": 0, "velocity": 64}, {"time": 792, "pitches": [50, 54, 57], "duration": 0, "velocity": 64}, {"time": 888, "pitches": [55, 59, 62], "duration": 0, "velocity": 64}, {"time": 984, "pitches": [50, 54, 57], "duration": 0, "velocity": 64}, {"time": 1080, "pitches": [55, 59, 62], "duration": 0, "velocity": 64}, {"time": 1176, "pitches": [50, 54, 57], "duration": 0, "velocity": 64}, {"time": 1272, "pitches": [55, 59, 62], "duration": 0, "velocity": 64}, {"time": 1368, "pitches": [48, 52, 55], "duration": 0, "velocity": 64}, {"time": 1416, "pitches": [50, 54, 57], "duration": 0, "velocity": 64}, {"time": 1464, "pitches": [55, 59, 62], "duration": 0, "velocity": 64}]}]}