{"metadata": {"schema_version": "0.1", "title": "Bobbin Mill Reel", "source_format": "abc"}, "resolution": 24, "tempos": [{"time": 0, "qpm": 120.0}], "key_signatures": [{"time": 0, "root": 2, "mode": "major", "fifths": 2}], "time_signatures": [{"time": 0, "numerator": 4, "denominator": 4}], "beats": [{"time": 0, "is_downbeat": true}, {"time": 12, "is_downbeat": true}, {"time": 36, "is_downbeat": false}, {"time": 60, "is_downbeat": false}, {"time": 84, "is_downbeat": false}, {"time": 108, "is_downbeat": true}, {"time": 132, "is_downbeat": false}, {"time": 156, "is_downbeat": false}, {"time": 180, "is_downbeat": false}, {"time": 204, "is_downbeat": true}, {"time": 228, "is_downbeat": false}, {"time": 252, "is_downbeat": false}, {"time": 276, "is_downbeat": false}, {"time": 300, "is_downbeat": true}, {"time": 324, "is_downbeat": false}, {"time": 348, "is_downbeat": false}, {"time": 372, "is_downbeat": false}, {"time": 396, "is_downbeat": true}, {"time": 420, "is_downbeat": false}, {"time": 444, "is_downbeat": false}, {"time": 468, "is_downbeat": false}, {"time": 492, "is_downbeat": true}, {"time": 516, "is_downbeat": false}, {"time": 540, "is_downbeat": false}, {"time": 564, "is_downbeat": false}, {"time": 588, "is_downbeat": true}, {"time": 612, "is_downbeat": false}, {"time": 636, "is_downbeat": false}, {"time": 660, "is_downbeat": false}, {"time": 684, "is_downbeat": true}, {"time": 708, "is_downbeat": false}, {"time": 732, "is_downbeat": false}, {"time": 756, "is_downbeat": false}, {"time": 780, "is_downbeat": true}, {"time": 804, "is_downbeat": false}, {"time": 828, "is_downbeat": false}, {"time": 852, "is_downbeat": false}, {"time": 876, "is_downbeat": true}, {"time": 900, "is_downbeat": false}, {"time": 924, "is_downbeat": false}, {"time": 948, "is_downbeat": false}, {"time": 972, "is_downbeat": true}, {"time": 996, "is_downbeat": false}, {"time": 1020, "is_downbeat": false}, {"time": 1044, "is_downbeat": false}, {"time": 1068, "is_downbeat": true}, {"time": 1092, "is_downbeat": false}, {"time": 1116, "is_downbeat": false}, {"time": 1140, "is_downbeat": false}, {"time": 1164, "is_downbeat": true}, {"time": 1188, "is_downbeat": false}, {"time": 1212, "is_downbeat": false}, {"time": 1236, "is_downbeat": false}, {"time": 1260, "is_downbeat": true}, {"time": 1284, "is_downbeat": false}, {"time": 1308, "is_downbeat": false}, {"time": 1332, "is_downbeat": false}, {"time": 1356, "is_downbeat": true}, {"time": 1380, "is_downbeat": false}, {"time": 1404, "is_downbeat": false}, {"time": 1428, "is_downbeat": false}, {"time": 1452, "is_downbeat": true}, {"time": 1476, "is_downbeat": false}, {"time": 1500, "is_downbeat": false}, {"time": 1524, "is_downbeat": false}, {"time": 1548, "is_downbeat": true}, {"time": 1572, "is_downbeat": false}, {"time": 1596, "is_downbeat": false}, {"time": 1620, "is_downbeat": false}], "tracks": [{"program": 0, "is_drum": false, "notes": [{"time": 0, "pitch": 69, "duration": 12, "velocity": 64}, {"time": 12, "pitch": 74, "duration": 12, "velocity": 64}, {"time": 24, "pitch": 73, "duration": 12, "velocity": 64}, {"time": 36, "pitch": 74, "duration": 12, "velocity": 64}, {"time": 48, "pitch": 76, "duration": 12, "velocity": 64}, {"time": 60, "pitch": 78, "duration": 24, "velocity": 64}, {"time": 84, "pitch": 69, "duration": 24, "velocity": 64}, {"time": 108, "pitch": 71, "duration": 24, "velocity": 64}, {"time": 132, "pitch": 76, "duration": 24, "velocity": 64}, {"time": 156, "pitch": 73, "duration": 24, "velocity": 64}, {"time": 180, "pitch": 69, "duration": 24, "velocity": 64}, {"time": 204, "pitch": 74, "duration": 12, "velocity": 64}, {"time": 216, "pitch": 73, "duration": 12, "velocity": 64}, {"time": 228, "pitch": 74, "duration": 12, "velocity": 64}, {"time": 240, "pitch": 76, "duration": 12, "velocity": 64}, {"time": 252, "pitch": 78, "duration": 12, "velocity": 64}, {"time": 264, "pitch": 76, "duration": 12, "velocity": 64}, {"time": 276, "pitch": 74, "duration": 12, "velocity": 64}, {"time": 288, "pitch": 73, "duration": 12, "velocity": 64}, {"time": 300, "pitch": 71, "duration": 24, "velocity": 64}, {"time": 324, "pitch": 76, "duration": 24, "velocity": 64}, {"time": 348, "pitch": 81, "duration": 24, "velocity": 64}, {"time": 372, "pitch": 69, "duration": 24, "velocity": 64}, {"time": 396, "pitch": 74, "duration": 12, "velocity": 64}, {"time": 408, "pitch": 73, "duration": 12, "velocity": 64}, {"time": 420, "pitch": 74, "duration": 12, "velocity": 64}, {"time": 432, "pitch": 76, "duration": 12, "velocity": 64}, {"time": 444, "pitch": 78, "duration": 12, "velocity": 64}, {"time": 456, "pitch": 76, "duration": 12, "velocity": 64}, {"time": 468, "pitch": 74, "duration": 12, "velocity": 64}, {"time": 480, "pitch": 73, "duration": 12, "velocity": 64}, {"time": 492, "pitch": 71, "duration": 24, "velocity": 64}, {"time": 516, "pitch": 76, "duration": 24, "velocity": 64}, {"time": 540, "pitch": 73, "duration": 24, "velocity": 64}, {"time": 564, "pitch": 69, "duration": 24, "velocity": 64}, {"time": 588, "pitch": 71, "duration": 12, "velocity": 64}, {"time": 600, "pitch": 73, "duration": 12, "velocity": 64}, {"time": 612, "pitch": 74, "duration": 12, "velocity": 64}, {"time": 624, "pitch": 71, "duration": 12, "velocity": 64}, {"time": 636, "pitch": 73, "duration": 12, "velocity": 64}, {"time": 648, "pitch": 74, "duration": 12, "velocity": 64}, {"time": 660, "pitch": 76, "duration": 12, "velocity": 64}, {"time": 672, "pitch": 73, "duration": 12, "velocity": 64}, {"time": 684, "pitch": 74, "duration": 48, "velocity": 64}, {"time": 732, "pitch": 74, "duration": 24, "velocity": 64}, {"time": 756, "pitch": 69, "duration": 24, "velocity": 64}, {"time": 780, "pitch": 71, "duration": 12, "velocity": 64}, {"time": 792, "pitch": 69, "duration": 12, "velocity": 64}, {"time": 804, "pitch": 71, "duration": 12, "velocity": 64}, {"time": 816, "pitch": 73, "duration": 12, "velocity": 64}, {"time": 828, "pitch": 74, "duration": 24, "velocity": 64}, {"time": 852, "pitch": 69, "duration": 24, "velocity": 64}, {"time": 876, "pitch": 71, "duration": 12, "velocity": 64}, {"time": 888, "pitch": 69, "duration": 12, "velocity": 64}, {"time": 900, "pitch": 71, "duration": 12, "velocity": 64}, {"time": 912, "pitch": 73, "duration": 12, "velocity": 64}, {"time": 924, "pitch": 74, "duration": 24, "velocity": 64}, {"time": 948, "pitch": 69, "duration": 24, "velocity": 64}, {"time": 972, "pitch": 71, "duration": 12, "velocity": 64}, {"time": 984, "pitch": 69, "duration": 12, "velocity": 64}, {"time": 996, "pitch": 71, "duration": 12, "velocity": 64}, {"time": 1008, "pitch": 73, "duration": 12, "velocity": 64}, {"time": 1020, "pitch": 74, "duration": 12, "velocity": 64}, {"time": 1032, "pitch": 73, "duration": 12, "velocity": 64}, {"time": 1044, "pitch": 74, "duration": 12, "velocity": 64}, {"time": 1056, "pitch": 76, "duration": 12, "velocity": 64}, {"time": 1068, "pitch": 78, "duration": 12, "velocity": 64}, {"time": 1080, "pitch": 76, "duration": 12, "velocity": 64}, {"time": 1092, "pitch": 74, "duration": 12, "velocity": 64}, {"time": 1104, "pitch": 78, "duration": 12, "velocity": 64}, {"time": 1116, "pitch": 76, "duration": 24, "velocity": 64}, {"time": 1140, "pitch": 81, "duration": 24, "velocity": 64}, {"time": 1164, "pitch": 71, "duration": 12, "velocity": 64}, {"time": 1176, "pitch": 69, "duration": 12, "velocity": 64}, {"time": 1188, "pitch": 71, "duration": 12, "velocity": 64}, {"time": 1200, "pitch": 73, "duration": 12, "velocity": 64}, {"time": 1212, "pitch": 74, "duration": 24, "velocity": 64}, {"time": 1236, "pitch": 69, "duration": 24, "velocity": 64}, {"time": 1260, "pitch": 71, "duration": 12, "velocity": 64}, {"time": 1272, "pitch": 69, "duration": 12, "velocity": 64}, {"time": 1284, "pitch": 71, "duration": 12, "velocity": 64}, {"time": 1296, "pitch": 73, "duration": 12, "velocity": 64}, {"time": 1308, "pitch": 74, "duration": 24, "velocity": 64}, {"time": 1332, "pitch": 76, "duration": 12, "velocity": 64}, {"time": 1344, "pitch": 78, "duration": 12, "velocity": 64}, {"time": 1356, "pitch": 79, "duration": 12, "velocity": 64}, {"time": 1368, "pitch": 78, "duration": 12, "velocity": 64}, {"time": 1380, "pitch": 76, "duration": 12, "velocity": 64}, {"time": 1392, "pitch": 79, "duration": 12, "velocity": 64}, {"time": 1404, "pitch": 78, "duration": 12, "velocity": 64}, {"time": 1416, "pitch": 76, "duration": 12, "velocity": 64}, {"time": 1428, "pitch": 74, "duration": 12, "velocity": 64}, {"time": 1440, "pitch": 78, "duration": 12, "velocity": 64}, {"time": 1452, "pitch": 76, "duration": 12, "velocity": 64}, {"time": 1464, "pitch": 74, "duration": 12, "velocity": 64}, {"time": 1476, "pitch": 73, "duration": 12, "velocity": 64}, {"time": 1488, "pitch": 74, "duration": 12, "velocity": 64}, {"time": 1500, "pitch": 76, "duration": 48, "velocity": 64}, {"time": 1548, "pitch": 76, "duration": 12, "velocity": 64}, {"time": 1560, "pitch": 74, "duration": 12, "velocity": 64}, {"time": 1572, "pitch": 73, "duration": 12, "velocity": 64}, {"time": 1584, "pitch": 76, "duration": 12, "velocity": 64}, {"time": 1596, "pitch": 74, "duration": 48, "velocity": 64}], "chords": [{"time": 12, "pitches": [50, 54, 57], "duration": 0, "velocity": 64}, {"time": 108, "pitches": [55, 59, 62], "duration": 0, "velocity": 64}, {"time": 156, "pitches": [45, 49, 52], "duration": 0, "velocity": 64}, {"time": 204, "pitches": [50, 54, 57], "duration": 0, "velocity": 64}, {"time": 300, "pitches": [52, 55, 59], "duration": 0, "velocity": 64}, {"time": 348, "pitches": [45, 49, 52], "duration": 0, "velocity": 64}, {"time": 396, "pitches": [50, 54, 57], "duration": 0, "velocity": 64}, {"time": 492, "pitches": [55, 59, 62], "duration": 0, "velocity": 64}, {"time": 540, "pitches": [45, 49, 52], "duration": 0, "velocity": 64}, {"time": 588, "pitches": [55, 59, 62], "duration": 0, "velocity": 64}, {"time": 636, "pitches": [45, 49, 52], "duration": 0, "velocity": 64}, {"time": 684, "pitches": [50, 54, 57], "duration": 0, "velocity": 64}, {"time": 780, "pitches": [55, 59, 62], "duration": 0, "velocity": 64}, {"time": 828, "pitches": [50, 54, 57], "duration": 0, "velocity": 64}, {"time": 876, "pitches": [55, 59, 62], "duration": 0, "velocity": 64}, {"time": 924, "pitches": [50, 54, 57], "duration": 0, "velocity": 64}, {"time": 972, "pitches": [55, 59, 62], "duration": 0, "velocity": 64}, {"time": 1020, "pitches": [50, 54, 57], "duration": 0, "velocity": 64}, {"time": 1068, "pitches": [52, 56, 59], "duration": 0, "velocity": 64}, {"time": 1116, "pitches": [45, 49, 52], "duration": 0, "velocity": 64}, {"time": 1164, "pitches": [55, 59, 62], "duration": 0, "velocity": 64}, {"time": 1212, "pitches": [50, 54, 57], "duration": 0, "velocity": 64}, {"time": 1260, "pitches": [55, 59, 62], "duration": 0, "velocity": 64}, {"time": 1308, "pitches": [50, 54, 57], "duration": 0, "velocity": 64}, {"time": 1356, "pitches": [55, 59, 62], "duration": 0, "velocity": 64}, {"time": 1404, "pitches": [50, 54, 57], "duration": 0, "velocity": 64}, {"time": 1452, "pitches": [52, 56, 59], "duration": 0, "velocity": 64}, {"time": 1500, "pitches": [45, 49, 52], "duration": 0, "velocity": 64}, {"time": 1548, "pitches": [45, 49, 52], "duration": 0, "velocity": 64}, {"time": 1596, "pitches": [50, 54, 57], "duration": 0, "velocity": 64}]}]}