{"metadata": {"schema_version": "0.1", "title": "Chestnut Reel", "source_format": "abc"}, "resolution": 24, "tempos": [{"time": 0, "qpm": 120.0}], "key_signatures": [{"time": 0, "root": 7, "mode": "major", "fifths": 1}, {"time": 900, "root": 0, "mode": "minor", "fifths": -3}], "time_signatures": [{"time": 0, "numerator": 4, "denominator": 4}], "beats": [{"time": 0, "is_downbeat": true}, {"time": 24, "is_downbeat": false}, {"time": 36, "is_downbeat": true}, {"time": 60, "is_downbeat": false}, {"time": 84, "is_downbeat": false}, {"time": 108, "is_downbeat": false}, {"time": 132, "is_downbeat": true}, {"time": 156, "is_downbeat": false}, {"time": 180, "is_downbeat": false}, {"time": 204, "is_downbeat": false}, {"time": 228, "is_downbeat": true}, {"time": 252, "is_downbeat": false}, {"time": 276, "is_downbeat": false}, {"time": 300, "is_downbeat": false}, {"time": 324, "is_downbeat": true}, {"time": 348, "is_downbeat": false}, {"time": 372, "is_downbeat": false}, {"time": 396, "is_downbeat": false}, {"time": 420, "is_downbeat": true}, {"time": 444, "is_downbeat": false}, {"time": 468, "is_downbeat": false}, {"time": 492, "is_downbeat": false}, {"time": 516, "is_downbeat": true}, {"time": 540, "is_downbeat": false}, {"time": 564, "is_downbeat": false}, {"time": 588, "is_downbeat": false}, {"time": 612, "is_downbeat": true}, {"time": 636, "is_downbeat": false}, {"time": 660, "is_downbeat": false}, {"time": 684, "is_downbeat": false}, {"time": 708, "is_downbeat": true}, {"time": 732, "is_downbeat": false}, {"time": 756, "is_downbeat": false}, {"time": 780, "is_downbeat": false}, {"time": 804, "is_downbeat": true}, {"time": 828, "is_downbeat": false}, {"time": 852, "is_downbeat": false}, {"time": 876, "is_downbeat": false}, {"time": 900, "is_downbeat": true}, {"time": 924, "is_downbeat": false}, {"time": 948, "is_downbeat": false}, {"time": 972, "is_downbeat": false}, {"time": 996, "is_downbeat": true}, {"time": 1020, "is_downbeat": false}, {"time": 1044, "is_downbeat": false}, {"time": 1068, "is_downbeat": false}, {"time": 1092, "is_downbeat": true}, {"time": 1116, "is_downbeat": false}, {"time": 1140, "is_downbeat": false}, {"time": 1164, "is_downbeat": false}, {"time": 1188, "is_downbeat": true}, {"time": 1212, "is_downbeat": false}, {"time": 1236, "is_downbeat": false}, {"time": 1260, "is_downbeat": false}, {"time": 1284, "is_downbeat": true}, {"time": 1308, "is_downbeat": false}, {"time": 1332, "is_downbeat": false}, {"time": 1356, "is_downbeat": false}, {"time": 1380, "is_downbeat": true}, {"time": 1404, "is_downbeat": false}, {"time": 1428, "is_downbeat": false}, {"time": 1452, "is_downbeat": false}, {"time": 1476, "is_downbeat": true}, {"time": 1500, "is_downbeat": false}, {"time": 1524, "is_downbeat": false}, {"time": 1548, "is_downbeat": false}, {"time": 1572, "is_downbeat": true}, {"time": 1596, "is_downbeat": false}, {"time": 1620, "is_downbeat": false}, {"time": 1644, "is_downbeat": false}, {"time": 1668, "is_downbeat": true}, {"time": 1692, "is_downbeat": false}, {"time": 1716, "is_downbeat": false}, {"time": 1740, "is_downbeat": false}], "tracks": [{"program": 0, "is_drum": false, "notes": [{"time": 0, "pitch": 68, "duration": 12, "velocity": 64}, {"time": 12, "pitch": 69, "duration": 12, "velocity": 64}, {"time": 24, "pitch": 70, "duration": 12, "velocity": 64}, {"time": 36, "pitch": 71, "duration": 12, "velocity": 64}, {"time": 48, "pitch": 67, "duration": 12, "velocity": 64}, {"time": 60, "pitch": 71, "duration": 12, "velocity": 64}, {"time": 72, "pitch": 74, "duration": 12, "velocity": 64}, {"time": 84, "pitch": 79, "duration": 12, "velocity": 64}, {"time": 96, "pitch": 74, "duration": 12, "velocity": 64}, {"time": 108, "pitch": 71, "duration": 12, "velocity": 64}, {"time": 120, "pitch": 67, "duration": 12, "velocity": 64}, {"time": 132, "pitch": 69, "duration": 24, "velocity": 64}, {"time": 156, "pitch": 69, "duration": 24, "velocity": 64}, {"time": 180, "pitch": 69, "duration": 48, "velocity": 64}, {"time": 228, "pitch": 69, "duration": 12, "velocity": 64}, {"time": 240, "pitch": 66, "duration": 12, "velocity": 64}, {"time": 252, "pitch": 69, "duration": 12, "velocity": 64}, {"time": 264, "pitch": 72, "duration": 12, "velocity": 64}, {"time": 276, "pitch": 69, "duration": 12, "velocity": 64}, {"time": 288, "pitch": 76, "duration": 12, "velocity": 64}, {"time": 300, "pitch": 74, "duration": 12, "velocity": 64}, {"time": 312, "pitch": 72, "duration": 12, "velocity": 64}, {"time": 324, "pitch": 71, "duration": 24, "velocity": 64}, {"time": 348, "pitch": 67, "duration": 24, "velocity": 64}, {"time": 372, "pitch": 67, "duration": 12, "velocity": 64}, {"time": 384, "pitch": 68, "duration": 12, "velocity": 64}, {"time": 396, "pitch": 69, "duration": 12, "velocity": 64}, {"time": 408, "pitch": 70, "duration": 12, "velocity": 64}, {"time": 420, "pitch": 71, "duration": 12, "velocity": 64}, {"time": 432, "pitch": 67, "duration": 12, "velocity": 64}, {"time": 444, "pitch": 71, "duration": 12, "velocity": 64}, {"time": 456, "pitch": 74, "duration": 12, "velocity": 64}, {"time": 468, "pitch": 79, "duration": 12, "velocity": 64}, {"time": 480, "pitch": 74, "duration": 12, "velocity": 64}, {"time": 492, "pitch": 71, "duration": 12, "velocity": 64}, {"time": 504, "pitch": 67, "duration": 12, "velocity": 64}, {"time": 516, "pitch": 69, "duration": 24, "velocity": 64}, {"time": 540, "pitch": 69, "duration": 24, "velocity": 64}, {"time": 564, "pitch": 69, "duration": 48, "velocity": 64}, {"time": 612, "pitch": 69, "duration": 12, "velocity": 64}, {"time": 624, "pitch": 66, "duration": 12, "velocity": 64}, {"time": 636, "pitch": 69, "duration": 12, "velocity": 64}, {"time": 648, "pitch": 72, "duration": 12, "velocity": 64}, {"time": 660, "pitch": 69, "duration": 12, "velocity": 64}, {"time": 672, "pitch": 78, "duration": 12, "velocity": 64}, {"time": 684, "pitch": 76, "duration": 12, "velocity": 64}, {"time": 696, "pitch": 78, "duration": 12, "velocity": 64}, {"time": 708, "pitch": 79, "duration": 24, "velocity": 64}, {"time": 732, "pitch": 67, "duration": 24, "velocity": 64}, {"time": 756, "pitch": 67, "duration": 12, "velocity": 64}, {"time": 768, "pitch": 68, "duration": 12, "velocity": 64}, {"time": 780, "pitch": 69, "duration": 12, "velocity": 64}, {"time": 792, "pitch": 70, "duration": 12, "velocity": 64}, {"time": 804, "pitch": 79, "duration": 24, "velocity": 64}, {"time": 828, "pitch": 67, "duration": 24, "velocity": 64}, {"time": 852, "pitch": 67, "duration": 12, "velocity": 64}, {"time": 864, "pitch": 72, "duration": 12, "velocity": 64}, {"time": 876, "pitch": 73, "duration": 12, "velocity": 64}, {"time": 888, "pitch": 74, "duration": 12, "velocity": 64}, {"time": 900, "pitch": 75, "duration": 12, "velocity": 64}, {"time": 912, "pitch": 72, "duration": 12, "velocity": 64}, {"time": 924, "pitch": 75, "duration": 12, "velocity": 64}, {"time": 936, "pitch": 79, "duration": 12, "velocity": 64}, {"time": 948, "pitch": 84, "duration": 12, "velocity": 64}, {"time": 960, "pitch": 79, "duration": 12, "velocity": 64}, {"time": 972, "pitch": 75, "duration": 12, "velocity": 64}, {"time": 984, "pitch": 72, "duration": 12, "velocity": 64}, {"time": 996, "pitch": 74, "duration": 12, "velocity": 64}, {"time": 1008, "pitch": 75, "duration": 12, "velocity": 64}, {"time": 1020, "pitch": 77, "duration": 12, "velocity": 64}, {"time": 1032, "pitch": 75, "duration": 12, "velocity": 64}, {"time": 1044, "pitch": 74, "duration": 12, "velocity": 64}, {"time": 1056, "pitch": 72, "duration": 12, "velocity": 64}, {"time": 1068, "pitch": 71, "duration": 12, "velocity": 64}, {"time": 1080, "pitch": 72, "duration": 12, "velocity": 64}, {"time": 1092, "pitch": 71, "duration": 12, "velocity": 64}, {"time": 1104, "pitch": 67, "duration": 12, "velocity": 64}, {"time": 1116, "pitch": 70, "duration": 12, "velocity": 64}, {"time": 1128, "pitch": 74, "duration": 12, "velocity": 64}, {"time": 1140, "pitch": 70, "duration": 12, "velocity": 64}, {"time": 1152, "pitch": 80, "duration": 12, "velocity": 64}, {"time": 1164, "pitch": 79, "duration": 12, "velocity": 64}, {"time": 1176, "pitch": 77, "duration": 12, "velocity": 64}, {"time": 1188, "pitch": 75, "duration": 12, "velocity": 64}, {"time": 1200, "pitch": 74, "duration": 12, "velocity": 64}, {"time": 1212, "pitch": 72, "duration": 12, "velocity": 64}, {"time": 1224, "pitch": 71, "duration": 12, "velocity": 64}, {"time": 1236, "pitch": 72, "duration": 12, "velocity": 64}, {"time": 1248, "pitch": 67, "duration": 12, "velocity": 64}, {"time": 1260, "pitch": 72, "duration": 12, "velocity": 64}, {"time": 1272, "pitch": 74, "duration": 12, "velocity": 64}, {"time": 1284, "pitch": 75, "duration": 12, "velocity": 64}, {"time": 1296, "pitch": 72, "duration": 12, "velocity": 64}, {"time": 1308, "pitch": 75, "duration": 12, "velocity": 64}, {"time": 1320, "pitch": 79, "duration": 12, "velocity": 64}, {"time": 1332, "pitch": 84, "duration": 12, "velocity": 64}, {"time": 1344, "pitch": 79, "duration": 12, "velocity": 64}, {"time": 1356, "pitch": 75, "duration": 12, "velocity": 64}, {"time": 1368, "pitch": 72, "duration": 12, "velocity": 64}, {"time": 1380, "pitch": 74, "duration": 12, "velocity": 64}, {"time": 1392, "pitch": 75, "duration": 12, "velocity": 64}, {"time": 1404, "pitch": 77, "duration": 12, "velocity": 64}, {"time": 1416, "pitch": 75, "duration": 12, "velocity": 64}, {"time": 1428, "pitch": 74, "duration": 12, "velocity": 64}, {"time": 1440, "pitch": 72, "duration": 12, "velocity": 64}, {"time": 1452, "pitch": 71, "duration": 12, "velocity": 64}, {"time": 1464, "pitch": 72, "duration": 12, "velocity": 64}, {"time": 1476, "pitch": 71, "duration": 12, "velocity": 64}, {"time": 1488, "pitch": 67, "duration": 12, "velocity": 64}, {"time": 1500, "pitch": 70, "duration": 12, "velocity": 64}, {"time": 1512, "pitch": 74, "duration": 12, "velocity": 64}, {"time": 1524, "pitch": 70, "duration": 12, "velocity": 64}, {"time": 1536, "pitch": 80, "duration": 12, "velocity": 64}, {"time": 1548, "pitch": 79, "duration": 12, "velocity": 64}, {"time": 1560, "pitch": 77, "duration": 12, "velocity": 64}, {"time": 1572, "pitch": 75, "duration": 24, "velocity": 64}, {"time": 1596, "pitch": 72, "duration": 24, "velocity": 64}, {"time": 1620, "pitch": 72, "duration": 24, "velocity": 64}, {"time": 1644, "pitch": 73, "duration": 12, "velocity": 64}, {"time": 1656, "pitch": 74, "duration": 12, "velocity": 64}, {"time": 1668, "pitch": 75, "duration": 24, "velocity": 64}, {"time": 1692, "pitch": 72, "duration": 24, "velocity": 64}, {"time": 1716, "pitch": 72, "duration": 48, "velocity": 64}], "chords": [{"time": 36, "pitches": [55, 59, 62], "duration": 0, "velocity": 64}, {"time": 132, "pitches": [48, 52, 55], "duration": 0, "velocity": 64}, {"time": 228, "pitches": [50, 54, 57], "duration": 0, "velocity": 64}, {"time": 324, "pitches": [55, 59, 62], "duration": 0, "velocity": 64}, {"time": 420, "pitches": [55, 59, 62], "duration": 0, "velocity": 64}, {"time": 516, "pitches": [48, 52, 55], "duration": 0, "velocity": 64}, {"time": 612, "pitches": [50, 54, 57], "duration": 0, "velocity": 64}, {"time": 708, "pitches": [55, 59, 62], "duration": 0, "velocity": 64}, {"time": 804, "pitches": [55, 59, 62], "duration": 0, "velocity": 64}, {"time": 900, "pitches": [48, 51, 55], "duration": 0, "velocity": 64}, {"time": 948, "pitches": [48, 51, 55], "duration": 0, "velocity": 64}, {"time": 996, "pitches": [53, 56, 60], "duration": 0, "velocity": 64}, {"time": 1044, "pitches": [53, 56, 60], "duration": 0, "velocity": 64}, {"time": 1092, "pitches": [55, 59, 62], "duration": 0, "velocity": 64}, {"time": 1188, "pitches": [48, 51, 55], "duration": 0, "velocity": 64}, {"time": 1284, "pitches": [48, 51, 55], "duration": 0, "velocity": 64}, {"time": 1332, "pitches": [48, 51, 55], "duration": 0, "velocity": 64}, {"time": 1380, "pitches": [53, 56, 60], "duration": 0, "velocity": 64}, {"time": 1428, "pitches": [50, 54, 57], "duration": 0, "velocity": 64}, {"time": 1476, "pitches": [55, 59, 62], "duration": 0, "velocity": 64}, {"time": 1572, "pitches": [48, 51, 55], "duration": 0, "velocity": 64}, {"time": 1668, "pitches": [48, 51, 55], "duration": 0, "velocity": 64}]}]}