{"metadata": {"schema_version": "0.1", "title": "Duncan's Waltz", "source_format": "abc"}, "resolution": 24, "tempos": [{"time": 0, "qpm": 120.0}], "key_signatures": [{"time": 0, "root": 0, "mode": "major", "fifths": 0}], "time_signatures": [{"time": 0, "numerator": 3, "denominator": 4}], "beats": [{"time": 0, "is_downbeat": true}, {"time": 24, "is_downbeat": true}, {"time": 48, "is_downbeat": false}, {"time": 72, "is_downbeat": false}, {"time": 96, "is_downbeat": true}, {"time": 120, "is_downbeat": false}, {"time": 144, "is_downbeat": false}, {"time": 168, "is_downbeat": true}, {"time": 192, "is_downbeat": false}, {"time": 216, "is_downbeat": false}, {"time": 240, "is_downbeat": true}, {"time": 264, "is_downbeat": false}, {"time": 288, "is_downbeat": false}, {"time": 312, "is_downbeat": true}, {"time": 336, "is_downbeat": false}, {"time": 360, "is_downbeat": false}, {"time": 384, "is_downbeat": true}, {"time": 408, "is_downbeat": false}, {"time": 432, "is_downbeat": false}, {"time": 456, "is_downbeat": true}, {"time": 480, "is_downbeat": false}, {"time": 504, "is_downbeat": false}, {"time": 528, "is_downbeat": true}, {"time": 552, "is_downbeat": false}, {"time": 576, "is_downbeat": false}, {"time": 600, "is_downbeat": true}, {"time": 624, "is_downbeat": false}, {"time": 648, "is_downbeat": false}, {"time": 672, "is_downbeat": true}, {"time": 696, "is_downbeat": false}, {"time": 720, "is_downbeat": false}, {"time": 744, "is_downbeat": true}, {"time": 768, "is_downbeat": false}, {"time": 792, "is_downbeat": false}, {"time": 816, "is_downbeat": true}, {"time": 840, "is_downbeat": false}, {"time": 864, "is_downbeat": false}, {"time": 888, "is_downbeat": true}, {"time": 912, "is_downbeat": false}, {"time": 936, "is_downbeat": false}, {"time": 960, "is_downbeat": true}, {"time": 984, "is_downbeat": false}, {"time": 1008, "is_downbeat": false}, {"time": 1032, "is_downbeat": true}, {"time": 1056, "is_downbeat": false}, {"time": 1080, "is_downbeat": false}, {"time": 1104, "is_downbeat": true}, {"time": 1128, "is_downbeat": false}, {"time": 1152, "is_downbeat": false}, {"time": 1176, "is_downbeat": true}, {"time": 1200, "is_downbeat": false}, {"time": 1224, "is_downbeat": false}, {"time": 1248, "is_downbeat": true}, {"time": 1272, "is_downbeat": false}, {"time": 1296, "is_downbeat": false}, {"time": 1320, "is_downbeat": true}, {"time": 1344, "is_downbeat": false}, {"time": 1368, "is_downbeat": false}, {"time": 1392, "is_downbeat": true}, {"time": 1416, "is_downbeat": false}, {"time": 1440, "is_downbeat": false}, {"time": 1464, "is_downbeat": true}, {"time": 1488, "is_downbeat": false}, {"time": 1512, "is_downbeat": false}, {"time": 1536, "is_downbeat": true}, {"time": 1560, "is_downbeat": false}, {"time": 1584, "is_downbeat": false}, {"time": 1608, "is_downbeat": true}, {"time": 1632, "is_downbeat": false}, {"time": 1656, "is_downbeat": false}, {"time": 1680, "is_downbeat": true}, {"time": 1704, "is_downbeat": false}, {"time": 1728, "is_downbeat": false}, {"time": 1752, "is_downbeat": true}, {"time": 1776, "is_downbeat": false}, {"time": 1800, "is_downbeat": false}, {"time": 1824, "is_downbeat": true}, {"time": 1848, "is_downbeat": false}, {"time": 1872, "is_downbeat": false}, {"time": 1896, "is_downbeat": true}, {"time": 1920, "is_downbeat": false}, {"time": 1944, "is_downbeat": false}, {"time": 1968, "is_downbeat": true}, {"time": 1992, "is_downbeat": false}, {"time": 2016, "is_downbeat": false}, {"time": 2040, "is_downbeat": true}, {"time": 2064, "is_downbeat": false}, {"time": 2088, "is_downbeat": false}, {"time": 2112, "is_downbeat": true}, {"time": 2136, "is_downbeat": false}, {"time": 2160, "is_downbeat": false}, {"time": 2184, "is_downbeat": true}, {"time": 2208, "is_downbeat": false}, {"time": 2232, "is_downbeat": false}, {"time": 2256, "is_downbeat": true}, {"time": 2280, "is_downbeat": false}, {"time": 2304, "is_downbeat": false}, {"time": 2328, "is_downbeat": true}, {"time": 2352, "is_downbeat": false}, {"time": 2376, "is_downbeat": false}, {"time": 2400, "is_downbeat": true}, {"time": 2424, "is_downbeat": false}, {"time": 2448, "is_downbeat": false}, {"time": 2472, "is_downbeat": true}, {"time": 2496, "is_downbeat": false}, {"time": 2520, "is_downbeat": false}, {"time": 2544, "is_downbeat": true}, {"time": 2568, "is_downbeat": false}, {"time": 2592, "is_downbeat": false}, {"time": 2616, "is_downbeat": true}, {"time": 2640, "is_downbeat": false}, {"time": 2664, "is_downbeat": false}, {"time": 2688, "is_downbeat": true}, {"time": 2712, "is_downbeat": false}, {"time": 2736, "is_downbeat": false}], "tracks": [{"program": 0, "is_drum": false, "notes": [{"time": 0, "pitch": 67, "duration": 24, "velocity": 64}, {"time": 24, "pitch": 72, "duration": 48, "velocity": 64}, {"time": 72, "pitch": 72, "duration": 24, "velocity": 64}, {"time": 96, "pitch": 74, "duration": 24, "velocity": 64}, {"time": 120, "pitch": 72, "duration": 24, "velocity": 64}, {"time": 144, "pitch": 69, "duration": 24, "velocity": 64}, {"time": 168, "pitch": 67, "duration": 12, "velocity": 64}, {"time": 180, "pitch": 72, "duration": 36, "velocity": 64}, {"time": 216, "pitch": 64, "duration": 24, "velocity": 64}, {"time": 240, "pitch": 62, "duration": 36, "velocity": 64}, {"time": 276, "pitch": 69, "duration": 12, "velocity": 64}, {"time": 288, "pitch": 67, "duration": 24, "velocity": 64}, {"time": 312, "pitch": 64, "duration": 24, "velocity": 64}, {"time": 336, "pitch": 67, "duration": 24, "velocity": 64}, {"time": 360, "pitch": 72, "duration": 24, "velocity": 64}, {"time": 384, "pitch": 69, "duration": 36, "velocity": 64}, {"time": 420, "pitch": 67, "duration": 12, "velocity": 64}, {"time": 432, "pitch": 65, "duration": 24, "velocity": 64}, {"time": 456, "pitch": 64, "duration": 24, "velocity": 64}, {"time": 480, "pitch": 67, "duration": 24, "velocity": 64}, {"time": 504, "pitch": 76, "duration": 24, "velocity": 64}, {"time": 528, "pitch": 74, "duration": 48, "velocity": 64}, {"time": 576, "pitch": 76, "duration": 12, "velocity": 64}, {"time": 588, "pitch": 74, "duration": 12, "velocity": 64}, {"time": 600, "pitch": 72, "duration": 48, "velocity": 64}, {"time": 648, "pitch": 72, "duration": 24, "velocity": 64}, {"time": 672, "pitch": 74, "duration": 24, "velocity": 64}, {"time": 696, "pitch": 72, "duration": 24, "velocity": 64}, {"time": 720, "pitch": 69, "duration": 24, "velocity": 64}, {"time": 744, "pitch": 67, "duration": 12, "velocity": 64}, {"time": 756, "pitch": 72, "duration": 36, "velocity": 64}, {"time": 792, "pitch": 64, "duration": 24, "velocity": 64}, {"time": 816, "pitch": 62, "duration": 36, "velocity": 64}, {"time": 852, "pitch": 69, "duration": 12, "velocity": 64}, {"time": 864, "pitch": 67, "duration": 24, "velocity": 64}, {"time": 888, "pitch": 64, "duration": 24, "velocity": 64}, {"time": 912, "pitch": 67, "duration": 24, "velocity": 64}, {"time": 936, "pitch": 72, "duration": 24, "velocity": 64}, {"time": 960, "pitch": 74, "duration": 24, "velocity": 64}, {"time": 984, "pitch": 77, "duration": 24, "velocity": 64}, {"time": 1008, "pitch": 76, "duration": 24, "velocity": 64}, {"time": 1032, "pitch": 74, "duration": 24, "velocity": 64}, {"time": 1056, "pitch": 69, "duration": 24, "velocity": 64}, {"time": 1080, "pitch": 71, "duration": 24, "velocity": 64}, {"time": 1104, "pitch": 72, "duration": 48, "velocity": 64}, {"time": 1152, "pitch": 72, "duration": 24, "velocity": 64}, {"time": 1176, "pitch": 74, "duration": 48, "velocity": 64}, {"time": 1224, "pitch": 79, "duration": 24, "velocity": 64}, {"time": 1248, "pitch": 76, "duration": 24, "velocity": 64}, {"time": 1272, "pitch": 74, "duration": 24, "velocity": 64}, {"time": 1296, "pitch": 72, "duration": 24, "velocity": 64}, {"time": 1464, "pitch": 81, "duration": 24, "velocity": 64}, {"time": 1488, "pitch": 76, "duration": 24, "velocity": 64}, {"time": 1512, "pitch": 77, "duration": 24, "velocity": 64}, {"time": 1536, "pitch": 79, "duration": 24, "velocity": 64}, {"time": 1560, "pitch": 76, "duration": 24, "velocity": 64}, {"time": 1584, "pitch": 74, "duration": 24, "velocity": 64}, {"time": 1608, "pitch": 72, "duration": 12, "velocity": 64}, {"time": 1620, "pitch": 69, "duration": 36, "velocity": 64}, {"time": 1656, "pitch": 76, "duration": 24, "velocity": 64}, {"time": 1680, "pitch": 74, "duration": 48, "velocity": 64}, {"time": 1728, "pitch": 76, "duration": 12, "velocity": 64}, {"time": 1740, "pitch": 74, "duration": 12, "velocity": 64}, {"time": 1752, "pitch": 72, "duration": 48, "velocity": 64}, {"time": 1800, "pitch": 72, "duration": 24, "velocity": 64}, {"time": 1824, "pitch": 74, "duration": 24, "velocity": 64}, {"time": 1848, "pitch": 72, "duration": 24, "velocity": 64}, {"time": 1872, "pitch": 69, "duration": 24, "velocity": 64}, {"time": 1896, "pitch": 67, "duration": 12, "velocity": 64}, {"time": 1908, "pitch": 72, "duration": 36, "velocity": 64}, {"time": 1944, "pitch": 64, "duration": 24, "velocity": 64}, {"time": 1968, "pitch": 62, "duration": 36, "velocity": 64}, {"time": 2004, "pitch": 69, "duration": 12, "velocity": 64}, {"time": 2016, "pitch": 67, "duration": 24, "velocity": 64}, {"time": 2040, "pitch": 64, "duration": 24, "velocity": 64}, {"time": 2064, "pitch": 67, "duration": 24, "velocity": 64}, {"time": 2088, "pitch": 72, "duration": 24, "velocity": 64}, {"time": 2112, "pitch": 74, "duration": 24, "velocity": 64}, {"time": 2136, "pitch": 77, "duration": 24, "velocity": 64}, {"time": 2160, "pitch": 76, "duration": 24, "velocity": 64}, {"time": 2184, "pitch": 74, "duration": 24, "velocity": 64}, {"time": 2208, "pitch": 69, "duration": 24, "velocity": 64}, {"time": 2232, "pitch": 71, "duration": 24, "velocity": 64}, {"time": 2256, "pitch": 72, "duration": 72, "velocity": 64}, {"time": 2352, "pitch": 65, "duration": 48, "velocity": 64}, {"time": 2400, "pitch": 64, "duration": 48, "velocity": 64}, {"time": 2472, "pitch": 72, "duration": 72, "velocity": 64}, {"time": 2544, "pitch": 72, "duration": 72, "velocity": 64}, {"time": 2640, "pitch": 65, "duration": 48, "velocity": 64}, {"time": 2688, "pitch": 64, "duration": 72, "velocity": 64}], "chords": [{"time": 24, "pitches": [48, 52, 55], "duration": 0, "velocity": 64}, {"time": 96, "pitches": [55, 59, 62], "duration": 0, "velocity": 64}, {"time": 168, "pitches": [48, 52, 55], "duration": 0, "velocity": 64}, {"time": 240, "pitches": [55, 59, 62], "duration": 0, "velocity": 64}, {"time": 312, "pitches": [48, 52, 55], "duration": 0, "velocity": 64}, {"time": 384, "pitches": [53, 57, 60], "duration": 0, "velocity": 64}, {"time": 456, "pitches": [48, 52, 55], "duration": 0, "velocity": 64}, {"time": 528, "pitches": [55, 59, 62], "duration": 0, "velocity": 64}, {"time": 600, "pitches": [48, 52, 55], "duration": 0, "velocity": 64}, {"time": 672, "pitches": [55, 59, 62], "duration": 0, "velocity": 64}, {"time": 744, "pitches": [48, 52, 55], "duration": 0, "velocity": 64}, {"time": 816, "pitches": [55, 59, 62], "duration": 0, "velocity": 64}, {"time": 888, "pitches": [48, 52, 55, 58], "duration": 0, "velocity": 64}, {"time": 960, "pitches": [53, 57, 60], "duration": 0, "velocity": 64}, {"time": 1032, "pitches": [55, 59, 62], "duration": 0, "velocity": 64}, {"time": 1104, "pitches": [48, 52, 55], "duration": 0, "velocity": 64}, {"time": 1176, "pitches": [55, 59, 62], "duration": 0, "velocity": 64}, {"time": 1248, "pitches": [48, 52, 55], "duration": 0, "velocity": 64}, {"time": 1320, "pitches": [55, 59, 62], "duration": 0, "velocity": 64}, {"time": 1320, "pitches": [74, 71], "duration": 24, "velocity": 64}, {"time": 1344, "pitches": [76, 72], "duration": 24, "velocity": 64}, {"time": 1368, "pitches": [77, 74], "duration": 24, "velocity": 64}, {"time": 1392, "pitches": [48, 52, 55], "duration": 0, "velocity": 64}, {"time": 1392, "pitches": [76, 72], "duration": 72, "velocity": 64}, {"time": 1464, "pitches": [53, 57, 60], "duration": 0, "velocity": 64}, {"time": 1536, "pitches": [48, 52, 55], "duration": 0, "velocity": 64}, {"time": 1608, "pitches": [50, 54, 57], "duration": 0, "velocity": 64}, {"time": 1680, "pitches": [55, 59, 62], "duration": 0, "velocity": 64}, {"time": 1752, "pitches": [48, 52, 55], "duration": 0, "velocity": 64}, {"time": 1824, "pitches": [55, 59, 62], "duration": 0, "velocity": 64}, {"time": 1896, "pitches": [48, 52, 55], "duration": 0, "velocity": 64}, {"time": 1968, "pitches": [55, 59, 62], "duration": 0, "velocity": 64}, {"time": 2040, "pitches": [48, 52, 55, 58], "duration": 0, "velocity": 64}, {"time": 2112, "pitches": [53, 57, 60], "duration": 0, "velocity": 64}, {"time": 2184, "pitches": [55, 59, 62], "duration": 0, "velocity": 64}, {"time": 2256, "pitches": [48, 52, 55], "duration": 0, "velocity": 64}]}]}