{"metadata": {"schema_version": "0.1", "title": "Hopwas Hornpipe", "source_format": "abc"}, "resolution": 24, "tempos": [{"time": 0, "qpm": 120.0}], "key_signatures": [{"time": 0, "root": 7, "mode": "major", "fifths": 1}], "time_signatures": [{"time": 0, "numerator": 2, "denominator": 2}], "beats": [{"time": 0, "is_downbeat": true}, {"time": 24, "is_downbeat": true}, {"time": 72, "is_downbeat": false}, {"time": 120, "is_downbeat": true}, {"time": 168, "is_downbeat": false}, {"time": 216, "is_downbeat": true}, {"time": 264, "is_downbeat": false}, {"time": 312, "is_downbeat": true}, {"time": 360, "is_downbeat": false}, {"time": 408, "is_downbeat": true}, {"time": 456, "is_downbeat": false}, {"time": 504, "is_downbeat": true}, {"time": 552, "is_downbeat": false}, {"time": 600, "is_downbeat": true}, {"time": 648, "is_downbeat": false}, {"time": 696, "is_downbeat": true}, {"time": 744, "is_downbeat": false}, {"time": 768, "is_downbeat": true}, {"time": 792, "is_downbeat": true}, {"time": 840, "is_downbeat": false}, {"time": 888, "is_downbeat": true}, {"time": 936, "is_downbeat": false}, {"time": 984, "is_downbeat": true}, {"time": 1032, "is_downbeat": false}, {"time": 1080, "is_downbeat": true}, {"time": 1128, "is_downbeat": false}, {"time": 1176, "is_downbeat": true}, {"time": 1224, "is_downbeat": false}, {"time": 1272, "is_downbeat": true}, {"time": 1320, "is_downbeat": false}, {"time": 1368, "is_downbeat": true}, {"time": 1416, "is_downbeat": false}, {"time": 1464, "is_downbeat": true}, {"time": 1512, "is_downbeat": false}, {"time": 1560, "is_downbeat": true}, {"time": 1608, "is_downbeat": false}], "tracks": [{"program": 0, "is_drum": false, "notes": [{"time": 0, "pitch": 71, "duration": 18, "velocity": 64}, {"time": 18, "pitch": 72, "duration": 6, "velocity": 64}, {"time": 24, "pitch": 74, "duration": 24, "velocity": 64}, {"time": 48, "pitch": 74, "duration": 18, "velocity": 64}, {"time": 66, "pitch": 71, "duration": 6, "velocity": 64}, {"time": 72, "pitch": 67, "duration": 18, "velocity": 64}, {"time": 90, "pitch": 66, "duration": 6, "velocity": 64}, {"time": 96, "pitch": 67, "duration": 18, "velocity": 64}, {"time": 114, "pitch": 71, "duration": 6, "velocity": 64}, {"time": 120, "pitch": 74, "duration": 18, "velocity": 64}, {"time": 138, "pitch": 76, "duration": 6, "velocity": 64}, {"time": 144, "pitch": 74, "duration": 18, "velocity": 64}, {"time": 162, "pitch": 71, "duration": 6, "velocity": 64}, {"time": 168, "pitch": 67, "duration": 24, "velocity": 64}, {"time": 192, "pitch": 72, "duration": 8, "velocity": 64}, {"time": 200, "pitch": 74, "duration": 8, "velocity": 64}, {"time": 208, "pitch": 75, "duration": 8, "velocity": 64}, {"time": 216, "pitch": 76, "duration": 24, "velocity": 64}, {"time": 240, "pitch": 76, "duration": 18, "velocity": 64}, {"time": 258, "pitch": 73, "duration": 6, "velocity": 64}, {"time": 264, "pitch": 69, "duration": 18, "velocity": 64}, {"time": 282, "pitch": 68, "duration": 6, "velocity": 64}, {"time": 288, "pitch": 69, "duration": 18, "velocity": 64}, {"time": 306, "pitch": 72, "duration": 6, "velocity": 64}, {"time": 312, "pitch": 76, "duration": 18, "velocity": 64}, {"time": 330, "pitch": 78, "duration": 6, "velocity": 64}, {"time": 336, "pitch": 76, "duration": 18, "velocity": 64}, {"time": 354, "pitch": 72, "duration": 6, "velocity": 64}, {"time": 360, "pitch": 69, "duration": 24, "velocity": 64}, {"time": 384, "pitch": 73, "duration": 24, "velocity": 64}, {"time": 408, "pitch": 74, "duration": 18, "velocity": 64}, {"time": 426, "pitch": 76, "duration": 6, "velocity": 64}, {"time": 432, "pitch": 74, "duration": 18, "velocity": 64}, {"time": 450, "pitch": 69, "duration": 6, "velocity": 64}, {"time": 456, "pitch": 66, "duration": 18, "velocity": 64}, {"time": 474, "pitch": 62, "duration": 6, "velocity": 64}, {"time": 480, "pitch": 66, "duration": 18, "velocity": 64}, {"time": 498, "pitch": 69, "duration": 6, "velocity": 64}, {"time": 504, "pitch": 74, "duration": 18, "velocity": 64}, {"time": 522, "pitch": 76, "duration": 6, "velocity": 64}, {"time": 528, "pitch": 78, "duration": 18, "velocity": 64}, {"time": 546, "pitch": 76, "duration": 6, "velocity": 64}, {"time": 552, "pitch": 74, "duration": 18, "velocity": 64}, {"time": 570, "pitch": 72, "duration": 6, "velocity": 64}, {"time": 576, "pitch": 71, "duration": 18, "velocity": 64}, {"time": 594, "pitch": 69, "duration": 6, "velocity": 64}, {"time": 600, "pitch": 67, "duration": 18, "velocity": 64}, {"time": 618, "pitch": 71, "duration": 6, "velocity": 64}, {"time": 624, "pitch": 74, "duration": 18, "velocity": 64}, {"time": 642, "pitch": 71, "duration": 6, "velocity": 64}, {"time": 648, "pitch": 72, "duration": 18, "velocity": 64}, {"time": 666, "pitch": 69, "duration": 6, "velocity": 64}, {"time": 672, "pitch": 66, "duration": 18, "velocity": 64}, {"time": 690, "pitch": 69, "duration": 6, "velocity": 64}, {"time": 696, "pitch": 67, "duration": 24, "velocity": 64}, {"time": 720, "pitch": 67, "duration": 24, "velocity": 64}, {"time": 744, "pitch": 67, "duration": 24, "velocity": 64}, {"time": 768, "pitch": 71, "duration": 8, "velocity": 64}, {"time": 776, "pitch": 69, "duration": 8, "velocity": 64}, {"time": 784, "pitch": 67, "duration": 8, "velocity": 64}, {"time": 792, "pitch": 66, "duration": 18, "velocity": 64}, {"time": 810, "pitch": 71, "duration": 6, "velocity": 64}, {"time": 816, "pitch": 70, "duration": 18, "velocity": 64}, {"time": 834, "pitch": 71, "duration": 6, "velocity": 64}, {"time": 840, "pitch": 75, "duration": 18, "velocity": 64}, {"time": 858, "pitch": 71, "duration": 6, "velocity": 64}, {"time": 864, "pitch": 69, "duration": 18, "velocity": 64}, {"time": 882, "pitch": 71, "duration": 6, "velocity": 64}, {"time": 888, "pitch": 78, "duration": 18, "velocity": 64}, {"time": 906, "pitch": 71, "duration": 6, "velocity": 64}, {"time": 912, "pitch": 69, "duration": 18, "velocity": 64}, {"time": 930, "pitch": 71, "duration": 6, "velocity": 64}, {"time": 936, "pitch": 66, "duration": 18, "velocity": 64}, {"time": 954, "pitch": 71, "duration": 6, "velocity": 64}, {"time": 960, "pitch": 69, "duration": 18, "velocity": 64}, {"time": 978, "pitch": 71, "duration": 6, "velocity": 64}, {"time": 984, "pitch": 64, "duration": 18, "velocity": 64}, {"time": 1002, "pitch": 71, "duration": 6, "velocity": 64}, {"time": 1008, "pitch": 70, "duration": 18, "velocity": 64}, {"time": 1026, "pitch": 71, "duration": 6, "velocity": 64}, {"time": 1032, "pitch": 74, "duration": 18, "velocity": 64}, {"time": 1050, "pitch": 71, "duration": 6, "velocity": 64}, {"time": 1056, "pitch": 69, "duration": 18, "velocity": 64}, {"time": 1074, "pitch": 71, "duration": 6, "velocity": 64}, {"time": 1080, "pitch": 76, "duration": 18, "velocity": 64}, {"time": 1098, "pitch": 71, "duration": 6, "velocity": 64}, {"time": 1104, "pitch": 69, "duration": 18, "velocity": 64}, {"time": 1122, "pitch": 71, "duration": 6, "velocity": 64}, {"time": 1128, "pitch": 64, "duration": 18, "velocity": 64}, {"time": 1146, "pitch": 71, "duration": 6, "velocity": 64}, {"time": 1152, "pitch": 69, "duration": 18, "velocity": 64}, {"time": 1170, "pitch": 71, "duration": 6, "velocity": 64}, {"time": 1176, "pitch": 64, "duration": 18, "velocity": 64}, {"time": 1194, "pitch": 69, "duration": 6, "velocity": 64}, {"time": 1200, "pitch": 68, "duration": 18, "velocity": 64}, {"time": 1218, "pitch": 69, "duration": 6, "velocity": 64}, {"time": 1224, "pitch": 73, "duration": 18, "velocity": 64}, {"time": 1242, "pitch": 69, "duration": 6, "velocity": 64}, {"time": 1248, "pitch": 67, "duration": 18, "velocity": 64}, {"time": 1266, "pitch": 69, "duration": 6, "velocity": 64}, {"time": 1272, "pitch": 76, "duration": 18, "velocity": 64}, {"time": 1290, "pitch": 69, "duration": 6, "velocity": 64}, {"time": 1296, "pitch": 67, "duration": 18, "velocity": 64}, {"time": 1314, "pitch": 69, "duration": 6, "velocity": 64}, {"time": 1320, "pitch": 64, "duration": 18, "velocity": 64}, {"time": 1338, "pitch": 71, "duration": 6, "velocity": 64}, {"time": 1344, "pitch": 69, "duration": 18, "velocity": 64}, {"time": 1362, "pitch": 71, "duration": 6, "velocity": 64}, {"time": 1368, "pitch": 72, "duration": 18, "velocity": 64}, {"time": 1386, "pitch": 69, "duration": 6, "velocity": 64}, {"time": 1392, "pitch": 68, "duration": 18, "velocity": 64}, {"time": 1410, "pitch": 72, "duration": 6, "velocity": 64}, {"time": 1416, "pitch": 69, "duration": 18, "velocity": 64}, {"time": 1434, "pitch": 67, "duration": 6, "velocity": 64}, {"time": 1440, "pitch": 72, "duration": 18, "velocity": 64}, {"time": 1458, "pitch": 69, "duration": 6, "velocity": 64}, {"time": 1464, "pitch": 66, "duration": 18, "velocity": 64}, {"time": 1482, "pitch": 62, "duration": 6, "velocity": 64}, {"time": 1488, "pitch": 64, "duration": 18, "velocity": 64}, {"time": 1506, "pitch": 66, "duration": 6, "velocity": 64}, {"time": 1512, "pitch": 67, "duration": 24, "velocity": 64}, {"time": 1536, "pitch": 71, "duration": 8, "velocity": 64}, {"time": 1544, "pitch": 69, "duration": 8, "velocity": 64}, {"time": 1552, "pitch": 67, "duration": 8, "velocity": 64}, {"time": 1560, "pitch": 67, "duration": 24, "velocity": 64}], "chords": [{"time": 24, "pitches": [55, 59, 62], "duration": 0, "velocity": 64}, {"time": 216, "pitches": [45, 49, 52], "duration": 0, "velocity": 64}, {"time": 408, "pitches": [50, 54, 57], "duration": 0, "velocity": 64}, {"time": 600, "pitches": [55, 59, 62], "duration": 0, "velocity": 64}, {"time": 648, "pitches": [50, 54, 57], "duration": 0, "velocity": 64}, {"time": 696, "pitches": [55, 59, 62], "duration": 0, "velocity": 64}, {"time": 792, "pitches": [47, 51, 54, 57], "duration": 0, "velocity": 64}, {"time": 984, "pitches": [52, 56, 59, 62], "duration": 0, "velocity": 64}, {"time": 1176, "pitches": [45, 49, 52, 55], "duration": 0, "velocity": 64}, {"time": 1368, "pitches": [50, 54, 57], "duration": 0, "velocity": 64}, {"time": 1416, "pitches": [45, 48, 52], "duration": 0, "velocity": 64}, {"time": 1464, "pitches": [50, 54, 57], "duration": 0, "velocity": 64}, {"time": 1512, "pitches": [55, 59, 62], "duration": 0, "velocity": 64}, {"time": 1560, "pitches": [55, 59, 62], "duration": 0, "velocity": 64}]}]}