{"metadata": {"schema_version": "0.1", "title": "Russian Dance", "source_format": "abc"}, "resolution": 24, "tempos": [{"time": 0, "qpm": 120.0}], "key_signatures": [{"time": 0, "root": 0, "mode": "major", "fifths": 0}], "time_signatures": [{"time": 0, "numerator": 2, "denominator": 4}], "beats": [{"time": 0, "is_downbeat": true}, {"time": 12, "is_downbeat": true}, {"time": 36, "is_downbeat": false}, {"time": 60, "is_downbeat": true}, {"time": 84, "is_downbeat": false}, {"time": 108, "is_downbeat": true}, {"time": 132, "is_downbeat": false}, {"time": 156, "is_downbeat": true}, {"time": 180, "is_downbeat": false}, {"time": 204, "is_downbeat": true}, {"time": 228, "is_downbeat": false}, {"time": 252, "is_downbeat": true}, {"time": 276, "is_downbeat": false}, {"time": 300, "is_downbeat": true}, {"time": 324, "is_downbeat": false}, {"time": 348, "is_downbeat": true}, {"time": 372, "is_downbeat": false}, {"time": 396, "is_downbeat": true}, {"time": 420, "is_downbeat": false}, {"time": 444, "is_downbeat": true}, {"time": 468, "is_downbeat": false}, {"time": 492, "is_downbeat": true}, {"time": 516, "is_downbeat": false}, {"time": 540, "is_downbeat": true}, {"time": 564, "is_downbeat": false}, {"time": 588, "is_downbeat": true}, {"time": 612, "is_downbeat": false}, {"time": 636, "is_downbeat": true}, {"time": 660, "is_downbeat": false}, {"time": 684, "is_downbeat": true}, {"time": 708, "is_downbeat": false}, {"time": 732, "is_downbeat": true}, {"time": 756, "is_downbeat": false}, {"time": 780, "is_downbeat": true}, {"time": 804, "is_downbeat": false}], "tracks": [{"program": 0, "is_drum": false, "notes": [{"time": 0, "pitch": 81, "duration": 4, "velocity": 64}, {"time": 4, "pitch": 79, "duration": 4, "velocity": 64}, {"time": 8, "pitch": 77, "duration": 4, "velocity": 64}, {"time": 12, "pitch": 76, "duration": 12, "velocity": 64}, {"time": 24, "pitch": 72, "duration": 12, "velocity": 64}, {"time": 36, "pitch": 71, "duration": 12, "velocity": 64}, {"time": 48, "pitch": 74, "duration": 12, "velocity": 64}, {"time": 60, "pitch": 72, "duration": 36, "velocity": 64}, {"time": 96, "pitch": 65, "duration": 12, "velocity": 64}, {"time": 108, "pitch": 64, "duration": 12, "velocity": 64}, {"time": 120, "pitch": 67, "duration": 12, "velocity": 64}, {"time": 132, "pitch": 69, "duration": 12, "velocity": 64}, {"time": 144, "pitch": 72, "duration": 12, "velocity": 64}, {"time": 156, "pitch": 71, "duration": 12, "velocity": 64}, {"time": 168, "pitch": 74, "duration": 24, "velocity": 64}, {"time": 192, "pitch": 79, "duration": 6, "velocity": 64}, {"time": 198, "pitch": 77, "duration": 6, "velocity": 64}, {"time": 204, "pitch": 76, "duration": 12, "velocity": 64}, {"time": 216, "pitch": 72, "duration": 12, "velocity": 64}, {"time": 228, "pitch": 71, "duration": 12, "velocity": 64}, {"time": 240, "pitch": 74, "duration": 12, "velocity": 64}, {"time": 252, "pitch": 76, "duration": 12, "velocity": 64}, {"time": 264, "pitch": 72, "duration": 12, "velocity": 64}, {"time": 276, "pitch": 71, "duration": 12, "velocity": 64}, {"time": 288, "pitch": 74, "duration": 12, "velocity": 64}, {"time": 300, "pitch": 64, "duration": 12, "velocity": 64}, {"time": 312, "pitch": 67, "duration": 12, "velocity": 64}, {"time": 324, "pitch": 76, "duration": 12, "velocity": 64}, {"time": 336, "pitch": 71, "duration": 12, "velocity": 64}, {"time": 348, "pitch": 72, "duration": 36, "velocity": 64}, {"time": 384, "pitch": 81, "duration": 4, "velocity": 64}, {"time": 388, "pitch": 79, "duration": 4, "velocity": 64}, {"time": 392, "pitch": 77, "duration": 4, "velocity": 64}, {"time": 396, "pitch": 72, "duration": 36, "velocity": 64}, {"time": 432, "pitch": 71, "duration": 6, "velocity": 64}, {"time": 438, "pitch": 72, "duration": 6, "velocity": 64}, {"time": 444, "pitch": 74, "duration": 12, "velocity": 64}, {"time": 456, "pitch": 71, "duration": 12, "velocity": 64}, {"time": 468, "pitch": 67, "duration": 12, "velocity": 64}, {"time": 480, "pitch": 77, "duration": 12, "velocity": 64}, {"time": 492, "pitch": 76, "duration": 12, "velocity": 64}, {"time": 504, "pitch": 79, "duration": 24, "velocity": 64}, {"time": 528, "pitch": 81, "duration": 4, "velocity": 64}, {"time": 532, "pitch": 79, "duration": 4, "velocity": 64}, {"time": 536, "pitch": 77, "duration": 4, "velocity": 64}, {"time": 540, "pitch": 76, "duration": 12, "velocity": 64}, {"time": 552, "pitch": 72, "duration": 12, "velocity": 64}, {"time": 564, "pitch": 71, "duration": 12, "velocity": 64}, {"time": 576, "pitch": 74, "duration": 12, "velocity": 64}, {"time": 588, "pitch": 79, "duration": 12, "velocity": 64}, {"time": 600, "pitch": 67, "duration": 24, "velocity": 64}, {"time": 624, "pitch": 65, "duration": 12, "velocity": 64}, {"time": 636, "pitch": 64, "duration": 12, "velocity": 64}, {"time": 648, "pitch": 67, "duration": 12, "velocity": 64}, {"time": 660, "pitch": 69, "duration": 12, "velocity": 64}, {"time": 672, "pitch": 64, "duration": 12, "velocity": 64}, {"time": 696, "pitch": 81, "duration": 24, "velocity": 64}, {"time": 720, "pitch": 79, "duration": 6, "velocity": 64}, {"time": 726, "pitch": 77, "duration": 6, "velocity": 64}, {"time": 732, "pitch": 76, "duration": 12, "velocity": 64}, {"time": 744, "pitch": 72, "duration": 12, "velocity": 64}, {"time": 756, "pitch": 67, "duration": 12, "velocity": 64}, {"time": 768, "pitch": 71, "duration": 12, "velocity": 64}, {"time": 780, "pitch": 72, "duration": 48, "velocity": 64}], "chords": [{"time": 12, "pitches": [48, 52, 55], "duration": 0, "velocity": 64}, {"time": 36, "pitches": [55, 59, 62], "duration": 0, "velocity": 64}, {"time": 60, "pitches": [48, 52, 55], "duration": 0, "velocity": 64}, {"time": 96, "pitches": [53, 57, 60], "duration": 0, "velocity": 64}, {"time": 108, "pitches": [48, 52, 55], "duration": 0, "velocity": 64}, {"time": 132, "pitches": [50, 54, 57], "duration": 0, "velocity": 64}, {"time": 156, "pitches": [55, 59, 62], "duration": 0, "velocity": 64}, {"time": 204, "pitches": [48, 52, 55], "duration": 0, "velocity": 64}, {"time": 228, "pitches": [55, 59, 62], "duration": 0, "velocity": 64}, {"time": 252, "pitches": [48, 52, 55], "duration": 0, "velocity": 64}, {"time": 276, "pitches": [55, 59, 62], "duration": 0, "velocity": 64}, {"time": 300, "pitches": [48, 52, 55], "duration": 0, "velocity": 64}, {"time": 324, "pitches": [55, 59, 62], "duration": 0, "velocity": 64}, {"time": 348, "pitches": [48, 52, 55], "duration": 0, "velocity": 64}, {"time": 396, "pitches": [48, 52, 55], "duration": 0, "velocity": 64}, {"time": 444, "pitches": [55, 59, 62], "duration": 0, "velocity": 64}, {"time": 492, "pitches": [48, 52, 55], "duration": 0, "velocity": 64}, {"time": 504, "pitches": [53, 57, 60], "duration": 0, "velocity": 64}, {"time": 540, "pitches": [48, 52, 55], "duration": 0, "velocity": 64}, {"time": 564, "pitches": [50, 54, 57], "duration": 0, "velocity": 64}, {"time": 588, "pitches": [55, 59, 62], "duration": 0, "velocity": 64}, {"time": 636, "pitches": [48, 52, 55], "duration": 0, "velocity": 64}, {"time": 684, "pitches": [53, 57, 60], "duration": 0, "velocity": 64}, {"time": 732, "pitches": [48, 52, 55], "duration": 0, "velocity": 64}, {"time": 756, "pitches": [55, 59, 62], "duration": 0, "velocity": 64}, {"time": 780, "pitches": [48, 52, 55], "duration": 0, "velocity": 64}]}]}