{"metadata": {"schema_version": "0.1", "title": "The Scotch Ramble", "source_format": "abc"}, "resolution": 24, "tempos": [{"time": 0, "qpm": 120.0}], "key_signatures": [{"time": 0, "root": 9, "mode": "major", "fifths": 3}], "time_signatures": [{"time": 0, "numerator": 4, "denominator": 4}], "beats": [{"time": 0, "is_downbeat": true}, {"time": 24, "is_downbeat": false}, {"time": 48, "is_downbeat": false}, {"time": 72, "is_downbeat": false}, {"time": 96, "is_downbeat": true}, {"time": 120, "is_downbeat": false}, {"time": 144, "is_downbeat": false}, {"time": 168, "is_downbeat": false}, {"time": 192, "is_downbeat": true}, {"time": 216, "is_downbeat": false}, {"time": 240, "is_downbeat": false}, {"time": 264, "is_downbeat": false}, {"time": 288, "is_downbeat": true}, {"time": 312, "is_downbeat": false}, {"time": 336, "is_downbeat": false}, {"time": 360, "is_downbeat": false}, {"time": 384, "is_downbeat": true}, {"time": 408, "is_downbeat": false}, {"time": 432, "is_downbeat": false}, {"time": 456, "is_downbeat": false}, {"time": 480, "is_downbeat": true}, {"time": 504, "is_downbeat": false}, {"time": 528, "is_downbeat": false}, {"time": 552, "is_downbeat": false}, {"time": 576, "is_downbeat": true}, {"time": 600, "is_downbeat": false}, {"time": 624, "is_downbeat": false}, {"time": 648, "is_downbeat": false}, {"time": 672, "is_downbeat": true}, {"time": 696, "is_downbeat": false}, {"time": 720, "is_downbeat": false}, {"time": 744, "is_downbeat": false}], "tracks": [{"program": 0, "is_drum": false, "notes": [{"time": 0, "pitch": 69, "duration": 6, "velocity": 64}, {"time": 6, "pitch": 69, "duration": 6, "velocity": 64}, {"time": 12, "pitch": 69, "duration": 12, "velocity": 64}, {"time": 24, "pitch": 69, "duration": 12, "velocity": 64}, {"time": 36, "pitch": 73, "duration": 12, "velocity": 64}, {"time": 48, "pitch": 76, "duration": 12, "velocity": 64}, {"time": 60, "pitch": 73, "duration": 12, "velocity": 64}, {"time": 72, "pitch": 69, "duration": 12, "velocity": 64}, {"time": 84, "pitch": 73, "duration": 12, "velocity": 64}, {"time": 96, "pitch": 71, "duration": 6, "velocity": 64}, {"time": 102, "pitch": 71, "duration": 6, "velocity": 64}, {"time": 108, "pitch": 71, "duration": 12, "velocity": 64}, {"time": 120, "pitch": 68, "duration": 12, "velocity": 64}, {"time": 132, "pitch": 71, "duration": 12, "velocity": 64}, {"time": 144, "pitch": 74, "duration": 24, "velocity": 64}, {"time": 168, "pitch": 73, "duration": 12, "velocity": 64}, {"time": 180, "pitch": 71, "duration": 12, "velocity": 64}, {"time": 192, "pitch": 69, "duration": 6, "velocity": 64}, {"time": 198, "pitch": 69, "duration": 6, "velocity": 64}, {"time": 204, "pitch": 69, "duration": 12, "velocity": 64}, {"time": 216, "pitch": 69, "duration": 12, "velocity": 64}, {"time": 228, "pitch": 73, "duration": 12, "velocity": 64}, {"time": 240, "pitch": 76, "duration": 12, "velocity": 64}, {"time": 252, "pitch": 73, "duration": 12, "velocity": 64}, {"time": 264, "pitch": 74, "duration": 12, "velocity": 64}, {"time": 276, "pitch": 71, "duration": 12, "velocity": 64}, {"time": 288, "pitch": 73, "duration": 18, "velocity": 64}, {"time": 306, "pitch": 76, "duration": 6, "velocity": 64}, {"time": 312, "pitch": 71, "duration": 12, "velocity": 64}, {"time": 324, "pitch": 73, "duration": 12, "velocity": 64}, {"time": 336, "pitch": 69, "duration": 6, "velocity": 64}, {"time": 342, "pitch": 69, "duration": 6, "velocity": 64}, {"time": 348, "pitch": 69, "duration": 12, "velocity": 64}, {"time": 360, "pitch": 69, "duration": 24, "velocity": 64}, {"time": 384, "pitch": 73, "duration": 12, "velocity": 64}, {"time": 396, "pitch": 76, "duration": 12, "velocity": 64}, {"time": 408, "pitch": 76, "duration": 12, "velocity": 64}, {"time": 420, "pitch": 78, "duration": 6, "velocity": 64}, {"time": 426, "pitch": 80, "duration": 6, "velocity": 64}, {"time": 432, "pitch": 81, "duration": 24, "velocity": 64}, {"time": 456, "pitch": 76, "duration": 12, "velocity": 64}, {"time": 468, "pitch": 73, "duration": 12, "velocity": 64}, {"time": 480, "pitch": 81, "duration": 12, "velocity": 64}, {"time": 492, "pitch": 76, "duration": 12, "velocity": 64}, {"time": 504, "pitch": 73, "duration": 12, "velocity": 64}, {"time": 516, "pitch": 69, "duration": 12, "velocity": 64}, {"time": 528, "pitch": 71, "duration": 6, "velocity": 64}, {"time": 534, "pitch": 71, "duration": 6, "velocity": 64}, {"time": 540, "pitch": 71, "duration": 12, "velocity": 64}, {"time": 552, "pitch": 71, "duration": 12, "velocity": 64}, {"time": 564, "pitch": 74, "duration": 12, "velocity": 64}, {"time": 576, "pitch": 73, "duration": 12, "velocity": 64}, {"time": 588, "pitch": 69, "duration": 12, "velocity": 64}, {"time": 600, "pitch": 76, "duration": 12, "velocity": 64}, {"time": 612, "pitch": 69, "duration": 12, "velocity": 64}, {"time": 624, "pitch": 81, "duration": 12, "velocity": 64}, {"time": 636, "pitch": 76, "duration": 12, "velocity": 64}, {"time": 648, "pitch": 73, "duration": 12, "velocity": 64}, {"time": 660, "pitch": 69, "duration": 12, "velocity": 64}, {"time": 672, "pitch": 73, "duration": 18, "velocity": 64}, {"time": 690, "pitch": 76, "duration": 6, "velocity": 64}, {"time": 696, "pitch": 71, "duration": 12, "velocity": 64}, {"time": 708, "pitch": 73, "duration": 12, "velocity": 64}, {"time": 720, "pitch": 69, "duration": 6, "velocity": 64}, {"time": 726, "pitch": 69, "duration": 6, "velocity": 64}, {"time": 732, "pitch": 69, "duration": 12, "velocity": 64}, {"time": 744, "pitch": 69, "duration": 24, "velocity": 64}], "chords": [{"time": 0, "pitches": [45, 49, 52], "duration": 0, "velocity": 64}, {"time": 96, "pitches": [52, 56, 59], "duration": 0, "velocity": 64}, {"time": 192, "pitches": [45, 49, 52], "duration": 0, "velocity": 64}, {"time": 264, "pitches": [52, 56, 59], "duration": 0, "velocity": 64}, {"time": 288, "pitches": [45, 49, 52], "duration": 0, "velocity": 64}, {"time": 312, "pitches": [52, 56, 59], "duration": 0, "velocity": 64}, {"time": 336, "pitches": [45, 49, 52], "duration": 0, "velocity": 64}, {"time": 384, "pitches": [45, 49, 52], "duration": 0, "velocity": 64}, {"time": 528, "pitches": [52, 56, 59], "duration": 0, "velocity": 64}, {"time": 576, "pitches": [45, 49, 52], "duration": 0, "velocity": 64}, {"time": 696, "pitches": [52, 56, 59], "duration": 0, "velocity": 64}, {"time": 720, "pitches": [45, 49, 52], "duration": 0, "velocity": 64}]}]}