{"metadata": {"schema_version": "0.1", "title": "Spanish Dance", "source_format": "abc"}, "resolution": 24, "tempos": [{"time": 0, "qpm": 120.0}], "key_signatures": [{"time": 0, "root": 2, "mode": "major", "fifths": 2}], "time_signatures": [{"time": 0, "numerator": 2, "denominator": 4}], "beats": [{"time": 0, "is_downbeat": true}, {"time": 24, "is_downbeat": false}, {"time": 48, "is_downbeat": true}, {"time": 72, "is_downbeat": false}, {"time": 96, "is_downbeat": true}, {"time": 120, "is_downbeat": false}, {"time": 144, "is_downbeat": true}, {"time": 168, "is_downbeat": false}, {"time": 192, "is_downbeat": true}, {"time": 216, "is_downbeat": false}, {"time": 240, "is_downbeat": true}, {"time": 264, "is_downbeat": false}, {"time": 288, "is_downbeat": true}, {"time": 312, "is_downbeat": false}, {"time": 336, "is_downbeat": true}, {"time": 360, "is_downbeat": false}, {"time": 384, "is_downbeat": true}, {"time": 408, "is_downbeat": false}, {"time": 432, "is_downbeat": true}, {"time": 456, "is_downbeat": false}, {"time": 480, "is_downbeat": true}, {"time": 504, "is_downbeat": false}, {"time": 528, "is_downbeat": true}, {"time": 552, "is_downbeat": false}, {"time": 576, "is_downbeat": true}, {"time": 600, "is_downbeat": false}, {"time": 624, "is_downbeat": true}, {"time": 648, "is_downbeat": false}, {"time": 672, "is_downbeat": true}, {"time": 696, "is_downbeat": false}, {"time": 720, "is_downbeat": true}, {"time": 744, "is_downbeat": false}], "tracks": [{"program": 0, "is_drum": false, "notes": [{"time": 0, "pitch": 62, "duration": 6, "velocity": 64}, {"time": 6, "pitch": 69, "duration": 6, "velocity": 64}, {"time": 12, "pitch": 66, "duration": 6, "velocity": 64}, {"time": 18, "pitch": 69, "duration": 6, "velocity": 64}, {"time": 24, "pitch": 62, "duration": 6, "velocity": 64}, {"time": 30, "pitch": 71, "duration": 6, "velocity": 64}, {"time": 36, "pitch": 67, "duration": 6, "velocity": 64}, {"time": 42, "pitch": 71, "duration": 6, "velocity": 64}, {"time": 48, "pitch": 62, "duration": 12, "velocity": 64}, {"time": 60, "pitch": 76, "duration": 6, "velocity": 64}, {"time": 66, "pitch": 78, "duration": 6, "velocity": 64}, {"time": 72, "pitch": 79, "duration": 6, "velocity": 64}, {"time": 78, "pitch": 78, "duration": 6, "velocity": 64}, {"time": 84, "pitch": 78, "duration": 6, "velocity": 64}, {"time": 90, "pitch": 76, "duration": 6, "velocity": 64}, {"time": 96, "pitch": 62, "duration": 6, "velocity": 64}, {"time": 102, "pitch": 69, "duration": 6, "velocity": 64}, {"time": 108, "pitch": 66, "duration": 6, "velocity": 64}, {"time": 114, "pitch": 69, "duration": 6, "velocity": 64}, {"time": 120, "pitch": 62, "duration": 6, "velocity": 64}, {"time": 126, "pitch": 76, "duration": 6, "velocity": 64}, {"time": 132, "pitch": 78, "duration": 6, "velocity": 64}, {"time": 138, "pitch": 79, "duration": 6, "velocity": 64}, {"time": 144, "pitch": 78, "duration": 6, "velocity": 64}, {"time": 150, "pitch": 76, "duration": 6, "velocity": 64}, {"time": 156, "pitch": 74, "duration": 6, "velocity": 64}, {"time": 162, "pitch": 73, "duration": 6, "velocity": 64}, {"time": 168, "pitch": 74, "duration": 24, "velocity": 64}, {"time": 192, "pitch": 76, "duration": 6, "velocity": 64}, {"time": 198, "pitch": 73, "duration": 6, "velocity": 64}, {"time": 204, "pitch": 69, "duration": 6, "velocity": 64}, {"time": 210, "pitch": 79, "duration": 6, "velocity": 64}, {"time": 216, "pitch": 78, "duration": 6, "velocity": 64}, {"time": 222, "pitch": 74, "duration": 6, "velocity": 64}, {"time": 228, "pitch": 69, "duration": 6, "velocity": 64}, {"time": 234, "pitch": 81, "duration": 6, "velocity": 64}, {"time": 240, "pitch": 76, "duration": 6, "velocity": 64}, {"time": 246, "pitch": 73, "duration": 6, "velocity": 64}, {"time": 252, "pitch": 69, "duration": 6, "velocity": 64}, {"time": 258, "pitch": 79, "duration": 6, "velocity": 64}, {"time": 264, "pitch": 78, "duration": 12, "velocity": 64}, {"time": 276, "pitch": 76, "duration": 6, "velocity": 64}, {"time": 282, "pitch": 69, "duration": 6, "velocity": 64}, {"time": 288, "pitch": 81, "duration": 6, "velocity": 64}, {"time": 294, "pitch": 78, "duration": 6, "velocity": 64}, {"time": 300, "pitch": 74, "duration": 6, "velocity": 64}, {"time": 306, "pitch": 69, "duration": 6, "velocity": 64}, {"time": 312, "pitch": 71, "duration": 6, "velocity": 64}, {"time": 318, "pitch": 73, "duration": 6, "velocity": 64}, {"time": 324, "pitch": 74, "duration": 6, "velocity": 64}, {"time": 330, "pitch": 67, "duration": 6, "velocity": 64}, {"time": 336, "pitch": 66, "duration": 12, "velocity": 64}, {"time": 348, "pitch": 64, "duration": 12, "velocity": 64}, {"time": 360, "pitch": 62, "duration": 24, "velocity": 64}, {"time": 384, "pitch": 69, "duration": 6, "velocity": 64}, {"time": 390, "pitch": 71, "duration": 6, "velocity": 64}, {"time": 396, "pitch": 73, "duration": 6, "velocity": 64}, {"time": 402, "pitch": 74, "duration": 6, "velocity": 64}, {"time": 408, "pitch": 74, "duration": 6, "velocity": 64}, {"time": 414, "pitch": 73, "duration": 6, "velocity": 64}, {"time": 420, "pitch": 71, "duration": 6, "velocity": 64}, {"time": 426, "pitch": 69, "duration": 6, "velocity": 64}, {"time": 432, "pitch": 76, "duration": 6, "velocity": 64}, {"time": 438, "pitch": 78, "duration": 6, "velocity": 64}, {"time": 444, "pitch": 79, "duration": 6, "velocity": 64}, {"time": 450, "pitch": 78, "duration": 6, "velocity": 64}, {"time": 456, "pitch": 78, "duration": 12, "velocity": 64}, {"time": 468, "pitch": 76, "duration": 12, "velocity": 64}, {"time": 480, "pitch": 78, "duration": 18, "velocity": 64}, {"time": 498, "pitch": 78, "duration": 6, "velocity": 64}, {"time": 504, "pitch": 76, "duration": 6, "velocity": 64}, {"time": 510, "pitch": 68, "duration": 6, "velocity": 64}, {"time": 516, "pitch": 69, "duration": 6, "velocity": 64}, {"time": 522, "pitch": 71, "duration": 6, "velocity": 64}, {"time": 528, "pitch": 73, "duration": 6, "velocity": 64}, {"time": 534, "pitch": 71, "duration": 6, "velocity": 64}, {"time": 540, "pitch": 69, "duration": 6, "velocity": 64}, {"time": 546, "pitch": 68, "duration": 6, "velocity": 64}, {"time": 552, "pitch": 69, "duration": 24, "velocity": 64}, {"time": 576, "pitch": 76, "duration": 18, "velocity": 64}, {"time": 594, "pitch": 73, "duration": 6, "velocity": 64}, {"time": 600, "pitch": 69, "duration": 12, "velocity": 64}, {"time": 612, "pitch": 74, "duration": 12, "velocity": 64}, {"time": 624, "pitch": 71, "duration": 6, "velocity": 64}, {"time": 630, "pitch": 69, "duration": 6, "velocity": 64}, {"time": 636, "pitch": 67, "duration": 6, "velocity": 64}, {"time": 642, "pitch": 66, "duration": 6, "velocity": 64}, {"time": 648, "pitch": 64, "duration": 24, "velocity": 64}, {"time": 672, "pitch": 71, "duration": 6, "velocity": 64}, {"time": 678, "pitch": 76, "duration": 6, "velocity": 64}, {"time": 684, "pitch": 79, "duration": 6, "velocity": 64}, {"time": 690, "pitch": 78, "duration": 6, "velocity": 64}, {"time": 696, "pitch": 76, "duration": 6, "velocity": 64}, {"time": 702, "pitch": 73, "duration": 6, "velocity": 64}, {"time": 708, "pitch": 74, "duration": 6, "velocity": 64}, {"time": 714, "pitch": 79, "duration": 6, "velocity": 64}, {"time": 720, "pitch": 78, "duration": 6, "velocity": 64}, {"time": 726, "pitch": 76, "duration": 6, "velocity": 64}, {"time": 732, "pitch": 74, "duration": 6, "velocity": 64}, {"time": 738, "pitch": 73, "duration": 6, "velocity": 64}, {"time": 744, "pitch": 74, "duration": 24, "velocity": 64}], "chords": [{"time": 0, "pitches": [50, 54, 57], "duration": 0, "velocity": 64}, {"time": 24, "pitches": [55, 59, 62], "duration": 0, "velocity": 64}, {"time": 48, "pitches": [50, 54, 57], "duration": 0, "velocity": 64}, {"time": 72, "pitches": [45, 49, 52], "duration": 0, "velocity": 64}, {"time": 96, "pitches": [50, 54, 57], "duration": 0, "velocity": 64}, {"time": 120, "pitches": [52, 55, 59], "duration": 0, "velocity": 64}, {"time": 144, "pitches": [45, 49, 52], "duration": 0, "velocity": 64}, {"time": 168, "pitches": [50, 54, 57], "duration": 0, "velocity": 64}, {"time": 192, "pitches": [45, 49, 52], "duration": 0, "velocity": 64}, {"time": 216, "pitches": [50, 54, 57], "duration": 0, "velocity": 64}, {"time": 240, "pitches": [45, 49, 52], "duration": 0, "velocity": 64}, {"time": 264, "pitches": [50, 54, 57], "duration": 0, "velocity": 64}, {"time": 276, "pitches": [45, 49, 52], "duration": 0, "velocity": 64}, {"time": 288, "pitches": [50, 54, 57], "duration": 0, "velocity": 64}, {"time": 312, "pitches": [55, 59, 62], "duration": 0, "velocity": 64}, {"time": 336, "pitches": [50, 54, 57], "duration": 0, "velocity": 64}, {"time": 348, "pitches": [45, 49, 52], "duration": 0, "velocity": 64}, {"time": 360, "pitches": [50, 54, 57], "duration": 0, "velocity": 64}, {"time": 384, "pitches": [45, 49, 52], "duration": 0, "velocity": 64}, {"time": 408, "pitches": [50, 54, 57], "duration": 0, "velocity": 64}, {"time": 432, "pitches": [52, 55, 59], "duration": 0, "velocity": 64}, {"time": 456, "pitches": [50, 54, 57], "duration": 0, "velocity": 64}, {"time": 468, "pitches": [45, 49, 52], "duration": 0, "velocity": 64}, {"time": 480, "pitches": [47, 50, 54], "duration": 0, "velocity": 64}, {"time": 504, "pitches": [52, 56, 59], "duration": 0, "velocity": 64}, {"time": 528, "pitches": [45, 49, 52], "duration": 0, "velocity": 64}, {"time": 540, "pitches": [52, 56, 59], "duration": 0, "velocity": 64}, {"time": 552, "pitches": [45, 49, 52], "duration": 0, "velocity": 64}, {"time": 576, "pitches": [45, 49, 52], "duration": 0, "velocity": 64}, {"time": 600, "pitches": [50, 54, 57], "duration": 0, "velocity": 64}, {"time": 624, "pitches": [55, 59, 62], "duration": 0, "velocity": 64}, {"time": 648, "pitches": [45, 49, 52], "duration": 0, "velocity": 64}, {"time": 672, "pitches": [55, 59, 62], "duration": 0, "velocity": 64}, {"time": 696, "pitches": [45, 49, 52], "duration": 0, "velocity": 64}, {"time": 708, "pitches": [55, 59, 62], "duration": 0, "velocity": 64}, {"time": 720, "pitches": [45, 49, 52], "duration": 0, "velocity": 64}, {"time": 744, "pitches": [50, 54, 57], "duration": 0, "velocity": 64}]}]}