{"metadata": {"schema_version": "0.1", "title": "Temperley Hornpipe", "source_format": "abc"}, "resolution": 24, "tempos": [{"time": 0, "qpm": 120.0}], "key_signatures": [{"time": 0, "root": 2, "mode": "major", "fifths": 2}], "time_signatures": [{"time": 0, "numerator": 2, "denominator": 2}], "beats": [{"time": 0, "is_downbeat": true}, {"time": 24, "is_downbeat": true}, {"time": 72, "is_downbeat": false}, {"time": 120, "is_downbeat": true}, {"time": 168, "is_downbeat": false}, {"time": 216, "is_downbeat": true}, {"time": 264, "is_downbeat": false}, {"time": 312, "is_downbeat": true}, {"time": 360, "is_downbeat": false}, {"time": 408, "is_downbeat": true}, {"time": 456, "is_downbeat": false}, {"time": 504, "is_downbeat": true}, {"time": 552, "is_downbeat": false}, {"time": 600, "is_downbeat": true}, {"time": 648, "is_downbeat": false}, {"time": 696, "is_downbeat": true}, {"time": 744, "is_downbeat": false}, {"time": 792, "is_downbeat": true}, {"time": 840, "is_downbeat": false}, {"time": 888, "is_downbeat": true}, {"time": 936, "is_downbeat": false}, {"time": 984, "is_downbeat": true}, {"time": 1032, "is_downbeat": false}, {"time": 1080, "is_downbeat": true}, {"time": 1128, "is_downbeat": false}, {"time": 1176, "is_downbeat": true}, {"time": 1224, "is_downbeat": false}, {"time": 1272, "is_downbeat": true}, {"time": 1320, "is_downbeat": false}, {"time": 1368, "is_downbeat": true}, {"time": 1416, "is_downbeat": false}, {"time": 1464, "is_downbeat": true}, {"time": 1512, "is_downbeat": false}, {"time": 1536, "is_downbeat": true}, {"time": 1584, "is_downbeat": false}], "tracks": [{"program": 0, "is_drum": false, "notes": [{"time": 0, "pitch": 69, "duration": 18, "velocity": 64}, {"time": 18, "pitch": 74, "duration": 6, "velocity": 64}, {"time": 24, "pitch": 78, "duration": 24, "velocity": 64}, {"time": 48, "pitch": 69, "duration": 24, "velocity": 64}, {"time": 72, "pitch": 81, "duration": 18, "velocity": 64}, {"time": 90, "pitch": 78, "duration": 6, "velocity": 64}, {"time": 96, "pitch": 76, "duration": 18, "velocity": 64}, {"time": 114, "pitch": 74, "duration": 6, "velocity": 64}, {"time": 120, "pitch": 76, "duration": 24, "velocity": 64}, {"time": 144, "pitch": 69, "duration": 24, "velocity": 64}, {"time": 168, "pitch": 81, "duration": 18, "velocity": 64}, {"time": 186, "pitch": 76, "duration": 6, "velocity": 64}, {"time": 192, "pitch": 74, "duration": 18, "velocity": 64}, {"time": 210, "pitch": 73, "duration": 6, "velocity": 64}, {"time": 216, "pitch": 74, "duration": 24, "velocity": 64}, {"time": 240, "pitch": 71, "duration": 24, "velocity": 64}, {"time": 264, "pitch": 83, "duration": 18, "velocity": 64}, {"time": 282, "pitch": 78, "duration": 6, "velocity": 64}, {"time": 288, "pitch": 76, "duration": 18, "velocity": 64}, {"time": 306, "pitch": 74, "duration": 6, "velocity": 64}, {"time": 312, "pitch": 74, "duration": 18, "velocity": 64}, {"time": 330, "pitch": 73, "duration": 6, "velocity": 64}, {"time": 336, "pitch": 73, "duration": 18, "velocity": 64}, {"time": 354, "pitch": 72, "duration": 6, "velocity": 64}, {"time": 360, "pitch": 73, "duration": 18, "velocity": 64}, {"time": 378, "pitch": 66, "duration": 6, "velocity": 64}, {"time": 384, "pitch": 70, "duration": 18, "velocity": 64}, {"time": 402, "pitch": 73, "duration": 6, "velocity": 64}, {"time": 408, "pitch": 78, "duration": 24, "velocity": 64}, {"time": 432, "pitch": 69, "duration": 24, "velocity": 64}, {"time": 456, "pitch": 81, "duration": 18, "velocity": 64}, {"time": 474, "pitch": 78, "duration": 6, "velocity": 64}, {"time": 480, "pitch": 76, "duration": 18, "velocity": 64}, {"time": 498, "pitch": 74, "duration": 6, "velocity": 64}, {"time": 504, "pitch": 76, "duration": 24, "velocity": 64}, {"time": 528, "pitch": 69, "duration": 24, "velocity": 64}, {"time": 552, "pitch": 81, "duration": 18, "velocity": 64}, {"time": 570, "pitch": 76, "duration": 6, "velocity": 64}, {"time": 576, "pitch": 74, "duration": 18, "velocity": 64}, {"time": 594, "pitch": 73, "duration": 6, "velocity": 64}, {"time": 600, "pitch": 71, "duration": 18, "velocity": 64}, {"time": 618, "pitch": 83, "duration": 6, "velocity": 64}, {"time": 624, "pitch": 79, "duration": 18, "velocity": 64}, {"time": 642, "pitch": 76, "duration": 6, "velocity": 64}, {"time": 648, "pitch": 76, "duration": 18, "velocity": 64}, {"time": 666, "pitch": 74, "duration": 6, "velocity": 64}, {"time": 672, "pitch": 74, "duration": 18, "velocity": 64}, {"time": 690, "pitch": 73, "duration": 6, "velocity": 64}, {"time": 696, "pitch": 74, "duration": 24, "velocity": 64}, {"time": 720, "pitch": 78, "duration": 24, "velocity": 64}, {"time": 744, "pitch": 74, "duration": 24, "velocity": 64}, {"time": 768, "pitch": 69, "duration": 18, "velocity": 64}, {"time": 786, "pitch": 74, "duration": 6, "velocity": 64}, {"time": 792, "pitch": 76, "duration": 24, "velocity": 64}, {"time": 816, "pitch": 69, "duration": 24, "velocity": 64}, {"time": 840, "pitch": 78, "duration": 24, "velocity": 64}, {"time": 864, "pitch": 69, "duration": 24, "velocity": 64}, {"time": 888, "pitch": 79, "duration": 18, "velocity": 64}, {"time": 906, "pitch": 78, "duration": 6, "velocity": 64}, {"time": 912, "pitch": 79, "duration": 18, "velocity": 64}, {"time": 930, "pitch": 76, "duration": 6, "velocity": 64}, {"time": 936, "pitch": 73, "duration": 18, "velocity": 64}, {"time": 954, "pitch": 69, "duration": 6, "velocity": 64}, {"time": 960, "pitch": 71, "duration": 18, "velocity": 64}, {"time": 978, "pitch": 73, "duration": 6, "velocity": 64}, {"time": 984, "pitch": 74, "duration": 24, "velocity": 64}, {"time": 1008, "pitch": 69, "duration": 24, "velocity": 64}, {"time": 1032, "pitch": 77, "duration": 24, "velocity": 64}, {"time": 1056, "pitch": 74, "duration": 24, "velocity": 64}, {"time": 1080, "pitch": 81, "duration": 24, "velocity": 64}, {"time": 1104, "pitch": 77, "duration": 24, "velocity": 64}, {"time": 1128, "pitch": 86, "duration": 18, "velocity": 64}, {"time": 1146, "pitch": 81, "duration": 6, "velocity": 64}, {"time": 1152, "pitch": 77, "duration": 18, "velocity": 64}, {"time": 1170, "pitch": 74, "duration": 6, "velocity": 64}, {"time": 1176, "pitch": 82, "duration": 18, "velocity": 64}, {"time": 1194, "pitch": 82, "duration": 6, "velocity": 64}, {"time": 1200, "pitch": 82, "duration": 18, "velocity": 64}, {"time": 1218, "pitch": 79, "duration": 6, "velocity": 64}, {"time": 1224, "pitch": 74, "duration": 18, "velocity": 64}, {"time": 1242, "pitch": 70, "duration": 6, "velocity": 64}, {"time": 1248, "pitch": 67, "duration": 18, "velocity": 64}, {"time": 1266, "pitch": 62, "duration": 6, "velocity": 64}, {"time": 1272, "pitch": 81, "duration": 18, "velocity": 64}, {"time": 1290, "pitch": 80, "duration": 6, "velocity": 64}, {"time": 1296, "pitch": 81, "duration": 18, "velocity": 64}, {"time": 1314, "pitch": 77, "duration": 6, "velocity": 64}, {"time": 1320, "pitch": 74, "duration": 18, "velocity": 64}, {"time": 1338, "pitch": 69, "duration": 6, "velocity": 64}, {"time": 1344, "pitch": 65, "duration": 18, "velocity": 64}, {"time": 1362, "pitch": 62, "duration": 6, "velocity": 64}, {"time": 1368, "pitch": 79, "duration": 18, "velocity": 64}, {"time": 1386, "pitch": 78, "duration": 6, "velocity": 64}, {"time": 1392, "pitch": 79, "duration": 18, "velocity": 64}, {"time": 1410, "pitch": 76, "duration": 6, "velocity": 64}, {"time": 1416, "pitch": 73, "duration": 18, "velocity": 64}, {"time": 1434, "pitch": 69, "duration": 6, "velocity": 64}, {"time": 1440, "pitch": 71, "duration": 18, "velocity": 64}, {"time": 1458, "pitch": 73, "duration": 6, "velocity": 64}, {"time": 1464, "pitch": 74, "duration": 24, "velocity": 64}, {"time": 1488, "pitch": 78, "duration": 24, "velocity": 64}, {"time": 1512, "pitch": 74, "duration": 24, "velocity": 64}, {"time": 1536, "pitch": 69, "duration": 18, "velocity": 64}, {"time": 1554, "pitch": 74, "duration": 6, "velocity": 64}], "chords": [{"time": 24, "pitches": [50, 54, 57], "duration": 0, "velocity": 64}, {"time": 120, "pitches": [45, 49, 52], "duration": 0, "velocity": 64}, {"time": 216, "pitches": [47, 50, 54], "duration": 0, "velocity": 64}, {"time": 312, "pitches": [54, 58, 61], "duration": 0, "velocity": 64}, {"time": 408, "pitches": [50, 54, 57], "duration": 0, "velocity": 64}, {"time": 504, "pitches": [45, 49, 52], "duration": 0, "velocity": 64}, {"time": 600, "pitches": [55, 59, 62], "duration": 0, "velocity": 64}, {"time": 648, "pitches": [45, 49, 52], "duration": 0, "velocity": 64}, {"time": 696, "pitches": [50, 54, 57], "duration": 0, "velocity": 64}, {"time": 792, "pitches": [45, 49, 52], "duration": 0, "velocity": 64}, {"time": 984, "pitches": [50, 53, 57], "duration": 0, "velocity": 64}, {"time": 1176, "pitches": [55, 58, 62], "duration": 0, "velocity": 64}, {"time": 1272, "pitches": [50, 53, 57], "duration": 0, "velocity": 64}, {"time": 1368, "pitches": [45, 49, 52], "duration": 0, "velocity": 64}, {"time": 1464, "pitches": [50, 54, 57], "duration": 0, "velocity": 64}]}]}