{"metadata": {"schema_version": "0.1", "title": "Verdi's Waltz", "source_format": "abc"}, "resolution": 24, "tempos": [{"time": 0, "qpm": 120.0}], "key_signatures": [{"time": 0, "root": 0, "mode": "major", "fifths": 0}], "time_signatures": [{"time": 0, "numerator": 3, "denominator": 4}], "beats": [{"time": 0, "is_downbeat": true}, {"time": 24, "is_downbeat": false}, {"time": 48, "is_downbeat": false}, {"time": 72, "is_downbeat": true}, {"time": 96, "is_downbeat": false}, {"time": 120, "is_downbeat": false}, {"time": 144, "is_downbeat": true}, {"time": 168, "is_downbeat": false}, {"time": 192, "is_downbeat": false}, {"time": 216, "is_downbeat": true}, {"time": 240, "is_downbeat": false}, {"time": 264, "is_downbeat": false}, {"time": 288, "is_downbeat": true}, {"time": 312, "is_downbeat": false}, {"time": 336, "is_downbeat": false}, {"time": 360, "is_downbeat": true}, {"time": 384, "is_downbeat": false}, {"time": 408, "is_downbeat": false}, {"time": 432, "is_downbeat": true}, {"time": 456, "is_downbeat": false}, {"time": 480, "is_downbeat": false}, {"time": 504, "is_downbeat": true}, {"time": 528, "is_downbeat": false}, {"time": 552, "is_downbeat": false}, {"time": 576, "is_downbeat": true}, {"time": 600, "is_downbeat": false}, {"time": 624, "is_downbeat": false}, {"time": 648, "is_downbeat": true}, {"time": 672, "is_downbeat": false}, {"time": 696, "is_downbeat": false}, {"time": 720, "is_downbeat": true}, {"time": 744, "is_downbeat": false}, {"time": 768, "is_downbeat": false}, {"time": 792, "is_downbeat": true}, {"time": 816, "is_downbeat": false}, {"time": 840, "is_downbeat": false}, {"time": 864, "is_downbeat": true}, {"time": 888, "is_downbeat": false}, {"time": 912, "is_downbeat": false}, {"time": 936, "is_downbeat": true}, {"time": 960, "is_downbeat": false}, {"time": 984, "is_downbeat": false}, {"time": 1008, "is_downbeat": true}, {"time": 1032, "is_downbeat": false}, {"time": 1056, "is_downbeat": false}, {"time": 1080, "is_downbeat": true}, {"time": 1104, "is_downbeat": false}, {"time": 1128, "is_downbeat": false}, {"time": 1152, "is_downbeat": true}, {"time": 1176, "is_downbeat": false}, {"time": 1200, "is_downbeat": false}, {"time": 1224, "is_downbeat": true}, {"time": 1248, "is_downbeat": false}, {"time": 1272, "is_downbeat": false}, {"time": 1296, "is_downbeat": true}, {"time": 1320, "is_downbeat": false}, {"time": 1344, "is_downbeat": false}, {"time": 1368, "is_downbeat": true}, {"time": 1392, "is_downbeat": false}, {"time": 1416, "is_downbeat": false}, {"time": 1440, "is_downbeat": true}, {"time": 1464, "is_downbeat": false}, {"time": 1488, "is_downbeat": false}, {"time": 1512, "is_downbeat": true}, {"time": 1536, "is_downbeat": false}, {"time": 1560, "is_downbeat": false}, {"time": 1584, "is_downbeat": true}, {"time": 1608, "is_downbeat": false}, {"time": 1632, "is_downbeat": false}, {"time": 1656, "is_downbeat": true}, {"time": 1680, "is_downbeat": false}, {"time": 1704, "is_downbeat": false}, {"time": 1728, "is_downbeat": true}, {"time": 1752, "is_downbeat": false}, {"time": 1776, "is_downbeat": false}, {"time": 1800, "is_downbeat": true}, {"time": 1824, "is_downbeat": false}, {"time": 1848, "is_downbeat": false}, {"time": 1872, "is_downbeat": true}, {"time": 1896, "is_downbeat": false}, {"time": 1920, "is_downbeat": false}, {"time": 1944, "is_downbeat": true}, {"time": 1968, "is_downbeat": false}, {"time": 1992, "is_downbeat": false}, {"time": 2016, "is_downbeat": true}, {"time": 2040, "is_downbeat": false}, {"time": 2064, "is_downbeat": false}, {"time": 2088, "is_downbeat": true}, {"time": 2112, "is_downbeat": false}, {"time": 2136, "is_downbeat": false}, {"time": 2160, "is_downbeat": true}, {"time": 2184, "is_downbeat": false}, {"time": 2208, "is_downbeat": false}, {"time": 2232, "is_downbeat": true}, {"time": 2256, "is_downbeat": false}, {"time": 2280, "is_downbeat": false}], "tracks": [{"program": 0, "is_drum": false, "chords": [{"time": 0, "pitches": [48, 52, 55], "duration": 0, "velocity": 64}, {"time": 0, "pitches": [60, 64], "duration": 48, "velocity": 64}, {"time": 48, "pitches": [62, 65], "duration": 24, "velocity": 64}, {"time": 72, "pitches": [64, 67], "duration": 72, "velocity": 64}, {"time": 144, "pitches": [53, 57, 60], "duration": 0, "velocity": 64}, {"time": 144, "pitches": [65, 69], "duration": 48, "velocity": 64}, {"time": 192, "pitches": [67, 71], "duration": 24, "velocity": 64}, {"time": 216, "pitches": [69, 72], "duration": 72, "velocity": 64}, {"time": 288, "pitches": [55, 59, 62], "duration": 0, "velocity": 64}, {"time": 288, "pitches": [71, 74], "duration": 48, "velocity": 64}, {"time": 336, "pitches": [72, 76], "duration": 24, "velocity": 64}, {"time": 360, "pitches": [74, 77], "duration": 72, "velocity": 64}, {"time": 432, "pitches": [48, 52, 55], "duration": 0, "velocity": 64}, {"time": 432, "pitches": [72, 76], "duration": 48, "velocity": 64}, {"time": 480, "pitches": [74, 77], "duration": 24, "velocity": 64}, {"time": 504, "pitches": [76, 79], "duration": 72, "velocity": 64}, {"time": 576, "pitches": [48, 52, 55], "duration": 0, "velocity": 64}, {"time": 576, "pitches": [76, 79], "duration": 48, "velocity": 64}, {"time": 624, "pitches": [77, 81], "duration": 24, "velocity": 64}, {"time": 648, "pitches": [76, 79], "duration": 48, "velocity": 64}, {"time": 696, "pitches": [52, 56, 59], "duration": 0, "velocity": 64}, {"time": 696, "pitches": [74, 77], "duration": 24, "velocity": 64}, {"time": 720, "pitches": [53, 57, 60], "duration": 0, "velocity": 64}, {"time": 720, "pitches": [72, 76], "duration": 48, "velocity": 64}, {"time": 768, "pitches": [71, 74], "duration": 24, "velocity": 64}, {"time": 792, "pitches": [69, 72], "duration": 48, "velocity": 64}, {"time": 840, "pitches": [67, 71], "duration": 24, "velocity": 64}, {"time": 864, "pitches": [55, 59, 62], "duration": 0, "velocity": 64}, {"time": 864, "pitches": [65, 69], "duration": 48, "velocity": 64}, {"time": 912, "pitches": [64, 67], "duration": 24, "velocity": 64}, {"time": 936, "pitches": [62, 65], "duration": 48, "velocity": 64}, {"time": 984, "pitches": [60, 64], "duration": 24, "velocity": 64}, {"time": 1008, "pitches": [48, 52, 55], "duration": 0, "velocity": 64}, {"time": 1008, "pitches": [60, 64], "duration": 72, "velocity": 64}, {"time": 1080, "pitches": [60, 64], "duration": 72, "velocity": 64}, {"time": 1152, "pitches": [52, 56, 59], "duration": 0, "velocity": 64}, {"time": 1152, "pitches": [68, 76], "duration": 48, "velocity": 64}, {"time": 1200, "pitches": [69, 77], "duration": 24, "velocity": 64}, {"time": 1224, "pitches": [68, 76], "duration": 48, "velocity": 64}, {"time": 1272, "pitches": [65, 74], "duration": 24, "velocity": 64}, {"time": 1296, "pitches": [64, 72], "duration": 48, "velocity": 64}, {"time": 1344, "pitches": [65, 74], "duration": 24, "velocity": 64}, {"time": 1368, "pitches": [64, 72], "duration": 48, "velocity": 64}, {"time": 1416, "pitches": [62, 71], "duration": 24, "velocity": 64}, {"time": 1440, "pitches": [60, 69], "duration": 48, "velocity": 64}, {"time": 1488, "pitches": [62, 71], "duration": 24, "velocity": 64}, {"time": 1512, "pitches": [64, 72], "duration": 48, "velocity": 64}, {"time": 1560, "pitches": [62, 71], "duration": 24, "velocity": 64}, {"time": 1584, "pitches": [45, 48, 52], "duration": 0, "velocity": 64}, {"time": 1584, "pitches": [60, 69], "duration": 72, "velocity": 64}, {"time": 1656, "pitches": [60, 67, 69], "duration": 72, "velocity": 64}, {"time": 1728, "pitches": [50, 53, 57], "duration": 0, "velocity": 64}, {"time": 1728, "pitches": [65, 74], "duration": 48, "velocity": 64}, {"time": 1776, "pitches": [67, 76], "duration": 24, "velocity": 64}, {"time": 1800, "pitches": [65, 74], "duration": 48, "velocity": 64}, {"time": 1848, "pitches": [64, 72], "duration": 24, "velocity": 64}, {"time": 1872, "pitches": [62, 71], "duration": 48, "velocity": 64}, {"time": 1920, "pitches": [64, 72], "duration": 24, "velocity": 64}, {"time": 1944, "pitches": [62, 71], "duration": 48, "velocity": 64}, {"time": 1992, "pitches": [60, 69], "duration": 24, "velocity": 64}, {"time": 2016, "pitches": [59, 67], "duration": 48, "velocity": 64}, {"time": 2064, "pitches": [60, 69], "duration": 24, "velocity": 64}, {"time": 2088, "pitches": [59, 67], "duration": 48, "velocity": 64}, {"time": 2136, "pitches": [57, 65], "duration": 24, "velocity": 64}, {"time": 2160, "pitches": [55, 64], "duration": 48, "velocity": 64}, {"time": 2208, "pitches": [55, 62], "duration": 24, "velocity": 64}, {"time": 2232, "pitches": [55, 59, 62], "duration": 0, "velocity": 64}, {"time": 2232, "pitches": [55, 62], "duration": 72, "velocity": 64}]}]}