{"metadata": {"schema_version": "0.1", "title": "Blue Bell Polka", "source_format": "abc"}, "resolution": 24, "tempos": [{"time": 0, "qpm": 120.0}], "key_signatures": [{"time": 0, "root": 7, "mode": "major", "fifths": 1}, {"time": 792, "root": 2, "mode": "major", "fifths": 2}, {"time": 1632, "root": 0, "mode": "major", "fifths": 0}], "time_signatures": [{"time": 0, "numerator": 4, "denominator": 4}], "beats": [{"time": 0, "is_downbeat": true}, {"time": 24, "is_downbeat": true}, {"time": 48, "is_downbeat": false}, {"time": 72, "is_downbeat": false}, {"time": 96, "is_downbeat": false}, {"time": 120, "is_downbeat": true}, {"time": 144, "is_downbeat": false}, {"time": 168, "is_downbeat": false}, {"time": 192, "is_downbeat": false}, {"time": 216, "is_downbeat": true}, {"time": 240, "is_downbeat": false}, {"time": 264, "is_downbeat": false}, {"time": 288, "is_downbeat": false}, {"time": 312, "is_downbeat": true}, {"time": 336, "is_downbeat": false}, {"time": 360, "is_downbeat": false}, {"time": 384, "is_downbeat": false}, {"time": 408, "is_downbeat": true}, {"time": 432, "is_downbeat": false}, {"time": 456, "is_downbeat": false}, {"time": 480, "is_downbeat": false}, {"time": 504, "is_downbeat": true}, {"time": 528, "is_downbeat": false}, {"time": 552, "is_downbeat": false}, {"time": 576, "is_downbeat": false}, {"time": 600, "is_downbeat": true}, {"time": 624, "is_downbeat": false}, {"time": 648, "is_downbeat": false}, {"time": 672, "is_downbeat": false}, {"time": 696, "is_downbeat": true}, {"time": 720, "is_downbeat": false}, {"time": 744, "is_downbeat": false}, {"time": 768, "is_downbeat": false}, {"time": 792, "is_downbeat": true}, {"time": 816, "is_downbeat": false}, {"time": 840, "is_downbeat": false}, {"time": 864, "is_downbeat": false}, {"time": 888, "is_downbeat": true}, {"time": 912, "is_downbeat": false}, {"time": 936, "is_downbeat": false}, {"time": 960, "is_downbeat": false}, {"time": 984, "is_downbeat": true}, {"time": 1008, "is_downbeat": false}, {"time": 1032, "is_downbeat": false}, {"time": 1056, "is_downbeat": false}, {"time": 1080, "is_downbeat": true}, {"time": 1104, "is_downbeat": false}, {"time": 1128, "is_downbeat": false}, {"time": 1152, "is_downbeat": false}, {"time": 1176, "is_downbeat": true}, {"time": 1200, "is_downbeat": false}, {"time": 1224, "is_downbeat": false}, {"time": 1248, "is_downbeat": false}, {"time": 1272, "is_downbeat": true}, {"time": 1296, "is_downbeat": false}, {"time": 1320, "is_downbeat": false}, {"time": 1344, "is_downbeat": false}, {"time": 1368, "is_downbeat": true}, {"time": 1392, "is_downbeat": false}, {"time": 1416, "is_downbeat": false}, {"time": 1440, "is_downbeat": false}, {"time": 1464, "is_downbeat": true}, {"time": 1488, "is_downbeat": false}, {"time": 1512, "is_downbeat": false}, {"time": 1536, "is_downbeat": false}, {"time": 1560, "is_downbeat": true}, {"time": 1584, "is_downbeat": false}, {"time": 1608, "is_downbeat": false}, {"time": 1632, "is_downbeat": true}, {"time": 1656, "is_downbeat": true}, {"time": 1680, "is_downbeat": false}, {"time": 1704, "is_downbeat": false}, {"time": 1728, "is_downbeat": false}, {"time": 1752, "is_downbeat": true}, {"time": 1776, "is_downbeat": false}, {"time": 1800, "is_downbeat": false}, {"time": 1824, "is_downbeat": false}, {"time": 1848, "is_downbeat": true}, {"time": 1872, "is_downbeat": false}, {"time": 1896, "is_downbeat": false}, {"time": 1920, "is_downbeat": false}, {"time": 1944, "is_downbeat": true}, {"time": 1968, "is_downbeat": false}, {"time": 1992, "is_downbeat": false}, {"time": 2016, "is_downbeat": false}, {"time": 2040, "is_downbeat": true}, {"time": 2064, "is_downbeat": false}, {"time": 2088, "is_downbeat": false}, {"time": 2112, "is_downbeat": false}, {"time": 2136, "is_downbeat": true}, {"time": 2160, "is_downbeat": false}, {"time": 2184, "is_downbeat": false}, {"time": 2208, "is_downbeat": false}, {"time": 2232, "is_downbeat": true}, {"time": 2256, "is_downbeat": false}, {"time": 2280, "is_downbeat": false}, {"time": 2304, "is_downbeat": false}, {"time": 2328, "is_downbeat": true}, {"time": 2352, "is_downbeat": false}, {"time": 2376, "is_downbeat": false}, {"time": 2400, "is_downbeat": false}], "tracks": [{"program": 0, "is_drum": false, "notes": [{"time": 0, "pitch": 71, "duration": 8, "velocity": 64}, {"time": 8, "pitch": 74, "duration": 8, "velocity": 64}, {"time": 16, "pitch": 79, "duration": 8, "velocity": 64}, {"time": 24, "pitch": 83, "duration": 24, "velocity": 64}, {"time": 48, "pitch": 83, "duration": 24, "velocity": 64}, {"time": 72, "pitch": 79, "duration": 12, "velocity": 64}, {"time": 84, "pitch": 78, "duration": 12, "velocity": 64}, {"time": 96, "pitch": 79, "duration": 12, "velocity": 64}, {"time": 108, "pitch": 76, "duration": 12, "velocity": 64}, {"time": 120, "pitch": 74, "duration": 24, "velocity": 64}, {"time": 144, "pitch": 74, "duration": 24, "velocity": 64}, {"time": 168, "pitch": 71, "duration": 24, "velocity": 64}, {"time": 192, "pitch": 67, "duration": 24, "velocity": 64}, {"time": 216, "pitch": 66, "duration": 12, "velocity": 64}, {"time": 228, "pitch": 67, "duration": 12, "velocity": 64}, {"time": 240, "pitch": 69, "duration": 12, "velocity": 64}, {"time": 252, "pitch": 71, "duration": 12, "velocity": 64}, {"time": 264, "pitch": 72, "duration": 24, "velocity": 64}, {"time": 288, "pitch": 76, "duration": 24, "velocity": 64}, {"time": 312, "pitch": 76, "duration": 12, "velocity": 64}, {"time": 324, "pitch": 74, "duration": 12, "velocity": 64}, {"time": 336, "pitch": 73, "duration": 12, "velocity": 64}, {"time": 348, "pitch": 74, "duration": 12, "velocity": 64}, {"time": 360, "pitch": 71, "duration": 24, "velocity": 64}, {"time": 384, "pitch": 71, "duration": 8, "velocity": 64}, {"time": 392, "pitch": 74, "duration": 8, "velocity": 64}, {"time": 400, "pitch": 79, "duration": 8, "velocity": 64}, {"time": 408, "pitch": 83, "duration": 24, "velocity": 64}, {"time": 432, "pitch": 83, "duration": 24, "velocity": 64}, {"time": 456, "pitch": 79, "duration": 12, "velocity": 64}, {"time": 468, "pitch": 78, "duration": 12, "velocity": 64}, {"time": 480, "pitch": 79, "duration": 12, "velocity": 64}, {"time": 492, "pitch": 76, "duration": 12, "velocity": 64}, {"time": 504, "pitch": 74, "duration": 24, "velocity": 64}, {"time": 528, "pitch": 74, "duration": 24, "velocity": 64}, {"time": 552, "pitch": 71, "duration": 24, "velocity": 64}, {"time": 576, "pitch": 67, "duration": 24, "velocity": 64}, {"time": 600, "pitch": 66, "duration": 12, "velocity": 64}, {"time": 612, "pitch": 67, "duration": 12, "velocity": 64}, {"time": 624, "pitch": 69, "duration": 12, "velocity": 64}, {"time": 636, "pitch": 71, "duration": 12, "velocity": 64}, {"time": 648, "pitch": 72, "duration": 12, "velocity": 64}, {"time": 660, "pitch": 74, "duration": 12, "velocity": 64}, {"time": 672, "pitch": 76, "duration": 12, "velocity": 64}, {"time": 684, "pitch": 78, "duration": 12, "velocity": 64}, {"time": 696, "pitch": 79, "duration": 24, "velocity": 64}, {"time": 720, "pitch": 79, "duration": 24, "velocity": 64}, {"time": 744, "pitch": 79, "duration": 24, "velocity": 64}, {"time": 768, "pitch": 71, "duration": 8, "velocity": 64}, {"time": 776, "pitch": 74, "duration": 8, "velocity": 64}, {"time": 784, "pitch": 79, "duration": 8, "velocity": 64}, {"time": 792, "pitch": 79, "duration": 24, "velocity": 64}, {"time": 816, "pitch": 79, "duration": 24, "velocity": 64}, {"time": 840, "pitch": 79, "duration": 24, "velocity": 64}, {"time": 864, "pitch": 71, "duration": 24, "velocity": 64}, {"time": 888, "pitch": 69, "duration": 24, "velocity": 64}, {"time": 912, "pitch": 69, "duration": 24, "velocity": 64}, {"time": 936, "pitch": 66, "duration": 12, "velocity": 64}, {"time": 948, "pitch": 69, "duration": 12, "velocity": 64}, {"time": 960, "pitch": 74, "duration": 12, "velocity": 64}, {"time": 972, "pitch": 78, "duration": 12, "velocity": 64}, {"time": 984, "pitch": 81, "duration": 24, "velocity": 64}, {"time": 1008, "pitch": 81, "duration": 24, "velocity": 64}, {"time": 1032, "pitch": 78, "duration": 48, "velocity": 64}, {"time": 1080, "pitch": 81, "duration": 24, "velocity": 64}, {"time": 1104, "pitch": 80, "duration": 24, "velocity": 64}, {"time": 1128, "pitch": 79, "duration": 24, "velocity": 64}, {"time": 1152, "pitch": 76, "duration": 24, "velocity": 64}, {"time": 1176, "pitch": 83, "duration": 24, "velocity": 64}, {"time": 1200, "pitch": 81, "duration": 12, "velocity": 64}, {"time": 1212, "pitch": 80, "duration": 12, "velocity": 64}, {"time": 1224, "pitch": 81, "duration": 48, "velocity": 64}, {"time": 1272, "pitch": 69, "duration": 24, "velocity": 64}, {"time": 1296, "pitch": 69, "duration": 24, "velocity": 64}, {"time": 1320, "pitch": 66, "duration": 12, "velocity": 64}, {"time": 1332, "pitch": 69, "duration": 12, "velocity": 64}, {"time": 1344, "pitch": 74, "duration": 12, "velocity": 64}, {"time": 1356, "pitch": 78, "duration": 12, "velocity": 64}, {"time": 1368, "pitch": 81, "duration": 24, "velocity": 64}, {"time": 1392, "pitch": 81, "duration": 24, "velocity": 64}, {"time": 1416, "pitch": 78, "duration": 48, "velocity": 64}, {"time": 1464, "pitch": 81, "duration": 24, "velocity": 64}, {"time": 1488, "pitch": 80, "duration": 24, "velocity": 64}, {"time": 1512, "pitch": 79, "duration": 24, "velocity": 64}, {"time": 1536, "pitch": 76, "duration": 24, "velocity": 64}, {"time": 1560, "pitch": 74, "duration": 24, "velocity": 64}, {"time": 1584, "pitch": 78, "duration": 24, "velocity": 64}, {"time": 1608, "pitch": 74, "duration": 24, "velocity": 64}, {"time": 1632, "pitch": 77, "duration": 24, "velocity": 64}, {"time": 1656, "pitch": 76, "duration": 24, "velocity": 64}, {"time": 1680, "pitch": 76, "duration": 24, "velocity": 64}, {"time": 1704, "pitch": 76, "duration": 12, "velocity": 64}, {"time": 1716, "pitch": 77, "duration": 12, "velocity": 64}, {"time": 1728, "pitch": 79, "duration": 24, "velocity": 64}, {"time": 1752, "pitch": 76, "duration": 24, "velocity": 64}, {"time": 1776, "pitch": 76, "duration": 24, "velocity": 64}, {"time": 1800, "pitch": 76, "duration": 12, "velocity": 64}, {"time": 1812, "pitch": 77, "duration": 12, "velocity": 64}, {"time": 1824, "pitch": 79, "duration": 24, "velocity": 64}, {"time": 1848, "pitch": 77, "duration": 12, "velocity": 64}, {"time": 1860, "pitch": 76, "duration": 12, "velocity": 64}, {"time": 1872, "pitch": 77, "duration": 12, "velocity": 64}, {"time": 1884, "pitch": 79, "duration": 12, "velocity": 64}, {"time": 1896, "pitch": 77, "duration": 12, "velocity": 64}, {"time": 1908, "pitch": 74, "duration": 12, "velocity": 64}, {"time": 1920, "pitch": 71, "duration": 24, "velocity": 64}, {"time": 1944, "pitch": 77, "duration": 12, "velocity": 64}, {"time": 1956, "pitch": 76, "duration": 12, "velocity": 64}, {"time": 1968, "pitch": 77, "duration": 12, "velocity": 64}, {"time": 1980, "pitch": 79, "duration": 12, "velocity": 64}, {"time": 1992, "pitch": 77, "duration": 12, "velocity": 64}, {"time": 2004, "pitch": 74, "duration": 12, "velocity": 64}, {"time": 2016, "pitch": 71, "duration": 24, "velocity": 64}, {"time": 2040, "pitch": 76, "duration": 24, "velocity": 64}, {"time": 2064, "pitch": 76, "duration": 24, "velocity": 64}, {"time": 2088, "pitch": 76, "duration": 12, "velocity": 64}, {"time": 2100, "pitch": 77, "duration": 12, "velocity": 64}, {"time": 2112, "pitch": 79, "duration": 24, "velocity": 64}, {"time": 2136, "pitch": 76, "duration": 24, "velocity": 64}, {"time": 2160, "pitch": 76, "duration": 24, "velocity": 64}, {"time": 2184, "pitch": 76, "duration": 12, "velocity": 64}, {"time": 2196, "pitch": 77, "duration": 12, "velocity": 64}, {"time": 2208, "pitch": 79, "duration": 24, "velocity": 64}, {"time": 2232, "pitch": 77, "duration": 12, "velocity": 64}, {"time": 2244, "pitch": 76, "duration": 12, "velocity": 64}, {"time": 2256, "pitch": 77, "duration": 12, "velocity": 64}, {"time": 2268, "pitch": 79, "duration": 12, "velocity": 64}, {"time": 2280, "pitch": 77, "duration": 12, "velocity": 64}, {"time": 2292, "pitch": 74, "duration": 12, "velocity": 64}, {"time": 2304, "pitch": 71, "duration": 12, "velocity": 64}, {"time": 2316, "pitch": 74, "duration": 12, "velocity": 64}, {"time": 2328, "pitch": 72, "duration": 24, "velocity": 64}, {"time": 2352, "pitch": 76, "duration": 24, "velocity": 64}, {"time": 2376, "pitch": 72, "duration": 24, "velocity": 64}], "chords": [{"time": 24, "pitches": [55, 59, 62], "duration": 0, "velocity": 64}, {"time": 120, "pitches": [55, 59, 62], "duration": 0, "velocity": 64}, {"time": 216, "pitches": [50, 54, 57, 60], "duration": 0, "velocity": 64}, {"time": 312, "pitches": [55, 59, 62], "duration": 0, "velocity": 64}, {"time": 360, "pitches": [50, 54, 57, 60], "duration": 0, "velocity": 64}, {"time": 408, "pitches": [55, 59, 62], "duration": 0, "velocity": 64}, {"time": 504, "pitches": [55, 59, 62], "duration": 0, "velocity": 64}, {"time": 600, "pitches": [50, 54, 57, 60], "duration": 0, "velocity": 64}, {"time": 696, "pitches": [55, 59, 62], "duration": 0, "velocity": 64}, {"time": 888, "pitches": [50, 54, 57], "duration": 0, "velocity": 64}, {"time": 984, "pitches": [50, 54, 57], "duration": 0, "velocity": 64}, {"time": 1080, "pitches": [45, 49, 52, 55], "duration": 0, "velocity": 64}, {"time": 1176, "pitches": [50, 54, 57], "duration": 0, "velocity": 64}, {"time": 1224, "pitches": [45, 49, 52, 55], "duration": 0, "velocity": 64}, {"time": 1272, "pitches": [50, 54, 57], "duration": 0, "velocity": 64}, {"time": 1368, "pitches": [50, 54, 57], "duration": 0, "velocity": 64}, {"time": 1464, "pitches": [45, 49, 52, 55], "duration": 0, "velocity": 64}, {"time": 1560, "pitches": [50, 54, 57], "duration": 0, "velocity": 64}, {"time": 1608, "pitches": [50, 54, 57, 60], "duration": 0, "velocity": 64}, {"time": 1656, "pitches": [48, 52, 55], "duration": 0, "velocity": 64}, {"time": 1752, "pitches": [48, 52, 55], "duration": 0, "velocity": 64}, {"time": 1848, "pitches": [43, 47, 50, 53], "duration": 0, "velocity": 64}, {"time": 1944, "pitches": [43, 47, 50, 53], "duration": 0, "velocity": 64}, {"time": 2040, "pitches": [48, 52, 55], "duration": 0, "velocity": 64}, {"time": 2136, "pitches": [48, 52, 55], "duration": 0, "velocity": 64}, {"time": 2232, "pitches": [43, 47, 50, 53], "duration": 0, "velocity": 64}, {"time": 2328, "pitches": [48, 52, 55], "duration": 0, "velocity": 64}]}]}