{"metadata": {"schema_version": "0.1", "title": "Green Grow the Rushes", "source_format": "abc"}, "resolution": 24, "tempos": [{"time": 0, "qpm": 120.0}], "key_signatures": [{"time": 0, "root": 7, "mode": "major", "fifths": 1}], "time_signatures": [{"time": 0, "numerator": 4, "denominator": 4}], "beats": [{"time": 0, "is_downbeat": true}, {"time": 24, "is_downbeat": true}, {"time": 48, "is_downbeat": false}, {"time": 72, "is_downbeat": false}, {"time": 96, "is_downbeat": false}, {"time": 120, "is_downbeat": true}, {"time": 144, "is_downbeat": false}, {"time": 168, "is_downbeat": false}, {"time": 192, "is_downbeat": false}, {"time": 216, "is_downbeat": true}, {"time": 240, "is_downbeat": false}, {"time": 264, "is_downbeat": false}, {"time": 288, "is_downbeat": false}, {"time": 312, "is_downbeat": true}, {"time": 336, "is_downbeat": false}, {"time": 360, "is_downbeat": false}, {"time": 384, "is_downbeat": false}, {"time": 408, "is_downbeat": true}, {"time": 432, "is_downbeat": false}, {"time": 456, "is_downbeat": false}, {"time": 480, "is_downbeat": false}, {"time": 504, "is_downbeat": true}, {"time": 528, "is_downbeat": false}, {"time": 552, "is_downbeat": false}, {"time": 576, "is_downbeat": false}, {"time": 600, "is_downbeat": true}, {"time": 624, "is_downbeat": false}, {"time": 648, "is_downbeat": false}, {"time": 672, "is_downbeat": false}, {"time": 696, "is_downbeat": true}, {"time": 720, "is_downbeat": false}, {"time": 744, "is_downbeat": false}, {"time": 768, "is_downbeat": false}, {"time": 792, "is_downbeat": true}, {"time": 816, "is_downbeat": false}, {"time": 840, "is_downbeat": false}, {"time": 864, "is_downbeat": false}], "tracks": [{"program": 0, "is_drum": false, "notes": [{"time": 0, "pitch": 62, "duration": 24, "velocity": 64}, {"time": 24, "pitch": 67, "duration": 24, "velocity": 64}, {"time": 48, "pitch": 71, "duration": 12, "velocity": 64}, {"time": 60, "pitch": 69, "duration": 12, "velocity": 64}, {"time": 72, "pitch": 71, "duration": 6, "velocity": 64}, {"time": 78, "pitch": 67, "duration": 18, "velocity": 64}, {"time": 96, "pitch": 67, "duration": 12, "velocity": 64}, {"time": 108, "pitch": 71, "duration": 12, "velocity": 64}, {"time": 120, "pitch": 69, "duration": 6, "velocity": 64}, {"time": 126, "pitch": 76, "duration": 18, "velocity": 64}, {"time": 144, "pitch": 76, "duration": 12, "velocity": 64}, {"time": 156, "pitch": 74, "duration": 12, "velocity": 64}, {"time": 168, "pitch": 76, "duration": 6, "velocity": 64}, {"time": 174, "pitch": 69, "duration": 18, "velocity": 64}, {"time": 192, "pitch": 69, "duration": 12, "velocity": 64}, {"time": 204, "pitch": 71, "duration": 12, "velocity": 64}, {"time": 216, "pitch": 72, "duration": 12, "velocity": 64}, {"time": 228, "pitch": 74, "duration": 12, "velocity": 64}, {"time": 240, "pitch": 76, "duration": 12, "velocity": 64}, {"time": 252, "pitch": 72, "duration": 12, "velocity": 64}, {"time": 264, "pitch": 71, "duration": 12, "velocity": 64}, {"time": 276, "pitch": 72, "duration": 12, "velocity": 64}, {"time": 288, "pitch": 74, "duration": 12, "velocity": 64}, {"time": 300, "pitch": 71, "duration": 12, "velocity": 64}, {"time": 312, "pitch": 69, "duration": 12, "velocity": 64}, {"time": 324, "pitch": 72, "duration": 12, "velocity": 64}, {"time": 336, "pitch": 71, "duration": 12, "velocity": 64}, {"time": 348, "pitch": 69, "duration": 12, "velocity": 64}, {"time": 360, "pitch": 67, "duration": 6, "velocity": 64}, {"time": 366, "pitch": 64, "duration": 18, "velocity": 64}, {"time": 384, "pitch": 64, "duration": 24, "velocity": 64}, {"time": 408, "pitch": 69, "duration": 12, "velocity": 64}, {"time": 420, "pitch": 72, "duration": 12, "velocity": 64}, {"time": 432, "pitch": 71, "duration": 12, "velocity": 64}, {"time": 444, "pitch": 69, "duration": 12, "velocity": 64}, {"time": 456, "pitch": 67, "duration": 6, "velocity": 64}, {"time": 462, "pitch": 64, "duration": 18, "velocity": 64}, {"time": 480, "pitch": 62, "duration": 24, "velocity": 64}, {"time": 504, "pitch": 67, "duration": 24, "velocity": 64}, {"time": 528, "pitch": 79, "duration": 12, "velocity": 64}, {"time": 540, "pitch": 78, "duration": 12, "velocity": 64}, {"time": 552, "pitch": 79, "duration": 6, "velocity": 64}, {"time": 558, "pitch": 74, "duration": 18, "velocity": 64}, {"time": 576, "pitch": 74, "duration": 12, "velocity": 64}, {"time": 588, "pitch": 79, "duration": 12, "velocity": 64}, {"time": 600, "pitch": 76, "duration": 6, "velocity": 64}, {"time": 606, "pitch": 81, "duration": 18, "velocity": 64}, {"time": 624, "pitch": 81, "duration": 12, "velocity": 64}, {"time": 636, "pitch": 79, "duration": 12, "velocity": 64}, {"time": 648, "pitch": 81, "duration": 6, "velocity": 64}, {"time": 654, "pitch": 76, "duration": 18, "velocity": 64}, {"time": 672, "pitch": 76, "duration": 12, "velocity": 64}, {"time": 684, "pitch": 78, "duration": 12, "velocity": 64}, {"time": 696, "pitch": 79, "duration": 12, "velocity": 64}, {"time": 708, "pitch": 81, "duration": 12, "velocity": 64}, {"time": 720, "pitch": 79, "duration": 12, "velocity": 64}, {"time": 732, "pitch": 76, "duration": 12, "velocity": 64}, {"time": 744, "pitch": 74, "duration": 12, "velocity": 64}, {"time": 756, "pitch": 71, "duration": 12, "velocity": 64}, {"time": 768, "pitch": 67, "duration": 12, "velocity": 64}, {"time": 780, "pitch": 71, "duration": 12, "velocity": 64}, {"time": 792, "pitch": 69, "duration": 12, "velocity": 64}, {"time": 804, "pitch": 72, "duration": 12, "velocity": 64}, {"time": 816, "pitch": 71, "duration": 12, "velocity": 64}, {"time": 828, "pitch": 69, "duration": 12, "velocity": 64}, {"time": 840, "pitch": 67, "duration": 6, "velocity": 64}, {"time": 846, "pitch": 64, "duration": 18, "velocity": 64}, {"time": 864, "pitch": 64, "duration": 24, "velocity": 64}], "chords": [{"time": 24, "pitches": [55, 59, 62], "duration": 0, "velocity": 64}, {"time": 120, "pitches": [45, 48, 52], "duration": 0, "velocity": 64}, {"time": 168, "pitches": [50, 54, 57], "duration": 0, "velocity": 64}, {"time": 216, "pitches": [48, 52, 55], "duration": 0, "velocity": 64}, {"time": 264, "pitches": [55, 59, 62], "duration": 0, "velocity": 64}, {"time": 312, "pitches": [45, 48, 52], "duration": 0, "velocity": 64}, {"time": 360, "pitches": [52, 55, 59], "duration": 0, "velocity": 64}, {"time": 408, "pitches": [45, 48, 52], "duration": 0, "velocity": 64}, {"time": 456, "pitches": [52, 55, 59], "duration": 0, "velocity": 64}, {"time": 504, "pitches": [55, 59, 62], "duration": 0, "velocity": 64}, {"time": 600, "pitches": [48, 52, 55], "duration": 0, "velocity": 64}, {"time": 648, "pitches": [50, 54, 57], "duration": 0, "velocity": 64}, {"time": 696, "pitches": [48, 52, 55], "duration": 0, "velocity": 64}, {"time": 744, "pitches": [55, 59, 62], "duration": 0, "velocity": 64}, {"time": 792, "pitches": [45, 48, 52], "duration": 0, "velocity": 64}, {"time": 840, "pitches": [52, 55, 59], "duration": 0, "velocity": 64}]}]}