{"metadata": {"schema_version": "0.1", "title": "Keel Row", "source_format": "abc"}, "resolution": 24, "tempos": [{"time": 0, "qpm": 120.0}], "key_signatures": [{"time": 0, "root": 9, "mode": "major", "fifths": 3}], "time_signatures": [{"time": 0, "numerator": 4, "denominator": 4}], "beats": [{"time": 0, "is_downbeat": true}, {"time": 24, "is_downbeat": true}, {"time": 48, "is_downbeat": false}, {"time": 72, "is_downbeat": false}, {"time": 96, "is_downbeat": false}, {"time": 120, "is_downbeat": true}, {"time": 144, "is_downbeat": false}, {"time": 168, "is_downbeat": false}, {"time": 192, "is_downbeat": false}, {"time": 216, "is_downbeat": true}, {"time": 240, "is_downbeat": false}, {"time": 264, "is_downbeat": false}, {"time": 288, "is_downbeat": false}, {"time": 312, "is_downbeat": true}, {"time": 336, "is_downbeat": false}, {"time": 360, "is_downbeat": false}, {"time": 384, "is_downbeat": true}, {"time": 408, "is_downbeat": true}, {"time": 432, "is_downbeat": false}, {"time": 456, "is_downbeat": false}, {"time": 480, "is_downbeat": false}, {"time": 504, "is_downbeat": true}, {"time": 528, "is_downbeat": false}, {"time": 552, "is_downbeat": false}, {"time": 576, "is_downbeat": false}, {"time": 600, "is_downbeat": true}, {"time": 624, "is_downbeat": false}, {"time": 648, "is_downbeat": false}, {"time": 672, "is_downbeat": false}, {"time": 696, "is_downbeat": true}, {"time": 720, "is_downbeat": false}, {"time": 744, "is_downbeat": false}, {"time": 768, "is_downbeat": false}], "tracks": [{"program": 0, "is_drum": false, "notes": [{"time": 0, "pitch": 76, "duration": 12, "velocity": 64}, {"time": 12, "pitch": 74, "duration": 12, "velocity": 64}, {"time": 24, "pitch": 73, "duration": 24, "velocity": 64}, {"time": 48, "pitch": 69, "duration": 12, "velocity": 64}, {"time": 60, "pitch": 73, "duration": 12, "velocity": 64}, {"time": 72, "pitch": 74, "duration": 24, "velocity": 64}, {"time": 96, "pitch": 71, "duration": 12, "velocity": 64}, {"time": 108, "pitch": 74, "duration": 12, "velocity": 64}, {"time": 120, "pitch": 73, "duration": 24, "velocity": 64}, {"time": 144, "pitch": 69, "duration": 12, "velocity": 64}, {"time": 156, "pitch": 73, "duration": 12, "velocity": 64}, {"time": 168, "pitch": 71, "duration": 12, "velocity": 64}, {"time": 180, "pitch": 68, "duration": 12, "velocity": 64}, {"time": 192, "pitch": 64, "duration": 12, "velocity": 64}, {"time": 204, "pitch": 74, "duration": 12, "velocity": 64}, {"time": 216, "pitch": 73, "duration": 24, "velocity": 64}, {"time": 240, "pitch": 69, "duration": 12, "velocity": 64}, {"time": 252, "pitch": 73, "duration": 12, "velocity": 64}, {"time": 264, "pitch": 74, "duration": 24, "velocity": 64}, {"time": 288, "pitch": 71, "duration": 12, "velocity": 64}, {"time": 300, "pitch": 74, "duration": 12, "velocity": 64}, {"time": 312, "pitch": 73, "duration": 6, "velocity": 64}, {"time": 318, "pitch": 69, "duration": 18, "velocity": 64}, {"time": 336, "pitch": 71, "duration": 6, "velocity": 64}, {"time": 342, "pitch": 68, "duration": 18, "velocity": 64}, {"time": 360, "pitch": 69, "duration": 24, "velocity": 64}, {"time": 384, "pitch": 69, "duration": 12, "velocity": 64}, {"time": 396, "pitch": 71, "duration": 12, "velocity": 64}, {"time": 408, "pitch": 73, "duration": 6, "velocity": 64}, {"time": 414, "pitch": 76, "duration": 18, "velocity": 64}, {"time": 432, "pitch": 76, "duration": 12, "velocity": 64}, {"time": 444, "pitch": 81, "duration": 12, "velocity": 64}, {"time": 456, "pitch": 78, "duration": 24, "velocity": 64}, {"time": 480, "pitch": 76, "duration": 12, "velocity": 64}, {"time": 492, "pitch": 74, "duration": 12, "velocity": 64}, {"time": 504, "pitch": 73, "duration": 24, "velocity": 64}, {"time": 528, "pitch": 69, "duration": 12, "velocity": 64}, {"time": 540, "pitch": 73, "duration": 12, "velocity": 64}, {"time": 552, "pitch": 71, "duration": 12, "velocity": 64}, {"time": 564, "pitch": 68, "duration": 12, "velocity": 64}, {"time": 576, "pitch": 64, "duration": 12, "velocity": 64}, {"time": 588, "pitch": 74, "duration": 12, "velocity": 64}, {"time": 600, "pitch": 73, "duration": 6, "velocity": 64}, {"time": 606, "pitch": 76, "duration": 18, "velocity": 64}, {"time": 624, "pitch": 76, "duration": 12, "velocity": 64}, {"time": 636, "pitch": 81, "duration": 12, "velocity": 64}, {"time": 648, "pitch": 78, "duration": 24, "velocity": 64}, {"time": 672, "pitch": 76, "duration": 12, "velocity": 64}, {"time": 684, "pitch": 74, "duration": 12, "velocity": 64}, {"time": 696, "pitch": 73, "duration": 6, "velocity": 64}, {"time": 702, "pitch": 69, "duration": 18, "velocity": 64}, {"time": 720, "pitch": 71, "duration": 6, "velocity": 64}, {"time": 726, "pitch": 68, "duration": 18, "velocity": 64}, {"time": 744, "pitch": 69, "duration": 24, "velocity": 64}], "chords": [{"time": 24, "pitches": [45, 49, 52], "duration": 0, "velocity": 64}, {"time": 72, "pitches": [50, 54, 57], "duration": 0, "velocity": 64}, {"time": 120, "pitches": [45, 49, 52], "duration": 0, "velocity": 64}, {"time": 168, "pitches": [52, 56, 59, 62], "duration": 0, "velocity": 64}, {"time": 216, "pitches": [45, 49, 52], "duration": 0, "velocity": 64}, {"time": 264, "pitches": [50, 54, 57], "duration": 0, "velocity": 64}, {"time": 312, "pitches": [45, 49, 52], "duration": 0, "velocity": 64}, {"time": 336, "pitches": [52, 56, 59, 62], "duration": 0, "velocity": 64}, {"time": 360, "pitches": [45, 49, 52], "duration": 0, "velocity": 64}, {"time": 408, "pitches": [45, 49, 52], "duration": 0, "velocity": 64}, {"time": 456, "pitches": [50, 54, 57], "duration": 0, "velocity": 64}, {"time": 504, "pitches": [45, 49, 52], "duration": 0, "velocity": 64}, {"time": 552, "pitches": [52, 56, 59, 62], "duration": 0, "velocity": 64}, {"time": 600, "pitches": [45, 49, 52], "duration": 0, "velocity": 64}, {"time": 648, "pitches": [50, 54, 57], "duration": 0, "velocity": 64}, {"time": 696, "pitches": [45, 49, 52], "duration": 0, "velocity": 64}, {"time": 720, "pitches": [52, 56, 59, 62], "duration": 0, "velocity": 64}, {"time": 744, "pitches": [45, 49, 52], "duration": 0, "velocity": 64}]}]}