{"metadata": {"schema_version": "0.1", "title": "King of the Fairies", "source_format": "abc"}, "resolution": 24, "tempos": [{"time": 0, "qpm": 120.0}], "key_signatures": [{"time": 0, "root": 4, "mode": "minor", "fifths": 1}], "time_signatures": [{"time": 0, "numerator": 4, "denominator": 4}], "beats": [{"time": 0, "is_downbeat": true}, {"time": 24, "is_downbeat": true}, {"time": 48, "is_downbeat": false}, {"time": 72, "is_downbeat": false}, {"time": 96, "is_downbeat": false}, {"time": 120, "is_downbeat": true}, {"time": 144, "is_downbeat": false}, {"time": 168, "is_downbeat": false}, {"time": 192, "is_downbeat": false}, {"time": 216, "is_downbeat": true}, {"time": 240, "is_downbeat": false}, {"time": 264, "is_downbeat": false}, {"time": 288, "is_downbeat": false}, {"time": 312, "is_downbeat": true}, {"time": 336, "is_downbeat": false}, {"time": 360, "is_downbeat": false}, {"time": 384, "is_downbeat": false}, {"time": 408, "is_downbeat": true}, {"time": 432, "is_downbeat": false}, {"time": 456, "is_downbeat": false}, {"time": 480, "is_downbeat": false}, {"time": 504, "is_downbeat": true}, {"time": 528, "is_downbeat": false}, {"time": 552, "is_downbeat": false}, {"time": 576, "is_downbeat": false}, {"time": 600, "is_downbeat": true}, {"time": 624, "is_downbeat": false}, {"time": 648, "is_downbeat": false}, {"time": 672, "is_downbeat": false}, {"time": 696, "is_downbeat": true}, {"time": 720, "is_downbeat": false}, {"time": 744, "is_downbeat": false}, {"time": 768, "is_downbeat": true}, {"time": 792, "is_downbeat": true}, {"time": 816, "is_downbeat": false}, {"time": 840, "is_downbeat": false}, {"time": 864, "is_downbeat": false}, {"time": 888, "is_downbeat": true}, {"time": 912, "is_downbeat": false}, {"time": 936, "is_downbeat": false}, {"time": 960, "is_downbeat": false}, {"time": 984, "is_downbeat": true}, {"time": 1008, "is_downbeat": false}, {"time": 1032, "is_downbeat": false}, {"time": 1056, "is_downbeat": false}, {"time": 1080, "is_downbeat": true}, {"time": 1104, "is_downbeat": false}, {"time": 1128, "is_downbeat": false}, {"time": 1152, "is_downbeat": false}, {"time": 1176, "is_downbeat": true}, {"time": 1200, "is_downbeat": false}, {"time": 1224, "is_downbeat": false}, {"time": 1248, "is_downbeat": false}, {"time": 1272, "is_downbeat": true}, {"time": 1296, "is_downbeat": false}, {"time": 1320, "is_downbeat": false}, {"time": 1344, "is_downbeat": false}, {"time": 1368, "is_downbeat": true}, {"time": 1392, "is_downbeat": false}, {"time": 1416, "is_downbeat": false}, {"time": 1440, "is_downbeat": false}, {"time": 1464, "is_downbeat": true}, {"time": 1488, "is_downbeat": false}, {"time": 1512, "is_downbeat": false}, {"time": 1536, "is_downbeat": false}, {"time": 1560, "is_downbeat": true}, {"time": 1584, "is_downbeat": false}, {"time": 1608, "is_downbeat": false}, {"time": 1632, "is_downbeat": false}, {"time": 1656, "is_downbeat": true}, {"time": 1680, "is_downbeat": false}, {"time": 1704, "is_downbeat": false}, {"time": 1728, "is_downbeat": false}, {"time": 1752, "is_downbeat": true}, {"time": 1776, "is_downbeat": false}, {"time": 1800, "is_downbeat": false}, {"time": 1824, "is_downbeat": false}, {"time": 1848, "is_downbeat": true}, {"time": 1872, "is_downbeat": false}, {"time": 1896, "is_downbeat": false}, {"time": 1920, "is_downbeat": false}, {"time": 1944, "is_downbeat": true}, {"time": 1968, "is_downbeat": false}, {"time": 1992, "is_downbeat": false}, {"time": 2016, "is_downbeat": false}, {"time": 2040, "is_downbeat": true}, {"time": 2064, "is_downbeat": false}, {"time": 2088, "is_downbeat": false}, {"time": 2112, "is_downbeat": false}, {"time": 2136, "is_downbeat": true}, {"time": 2160, "is_downbeat": false}, {"time": 2184, "is_downbeat": false}, {"time": 2208, "is_downbeat": false}, {"time": 2232, "is_downbeat": true}, {"time": 2256, "is_downbeat": false}, {"time": 2280, "is_downbeat": false}, {"time": 2304, "is_downbeat": false}], "tracks": [{"program": 0, "is_drum": false, "notes": [{"time": 0, "pitch": 71, "duration": 24, "velocity": 64}, {"time": 24, "pitch": 64, "duration": 12, "velocity": 64}, {"time": 36, "pitch": 62, "duration": 12, "velocity": 64}, {"time": 48, "pitch": 64, "duration": 12, "velocity": 64}, {"time": 60, "pitch": 66, "duration": 12, "velocity": 64}, {"time": 72, "pitch": 67, "duration": 12, "velocity": 64}, {"time": 84, "pitch": 66, "duration": 12, "velocity": 64}, {"time": 96, "pitch": 67, "duration": 12, "velocity": 64}, {"time": 108, "pitch": 69, "duration": 12, "velocity": 64}, {"time": 120, "pitch": 71, "duration": 48, "velocity": 64}, {"time": 168, "pitch": 67, "duration": 12, "velocity": 64}, {"time": 180, "pitch": 66, "duration": 12, "velocity": 64}, {"time": 192, "pitch": 67, "duration": 12, "velocity": 64}, {"time": 204, "pitch": 69, "duration": 12, "velocity": 64}, {"time": 216, "pitch": 71, "duration": 24, "velocity": 64}, {"time": 240, "pitch": 64, "duration": 24, "velocity": 64}, {"time": 264, "pitch": 64, "duration": 12, "velocity": 64}, {"time": 276, "pitch": 66, "duration": 12, "velocity": 64}, {"time": 288, "pitch": 67, "duration": 12, "velocity": 64}, {"time": 300, "pitch": 64, "duration": 12, "velocity": 64}, {"time": 312, "pitch": 66, "duration": 12, "velocity": 64}, {"time": 324, "pitch": 67, "duration": 12, "velocity": 64}, {"time": 336, "pitch": 66, "duration": 12, "velocity": 64}, {"time": 348, "pitch": 64, "duration": 12, "velocity": 64}, {"time": 360, "pitch": 62, "duration": 24, "velocity": 64}, {"time": 384, "pitch": 59, "duration": 24, "velocity": 64}, {"time": 408, "pitch": 64, "duration": 12, "velocity": 64}, {"time": 420, "pitch": 62, "duration": 12, "velocity": 64}, {"time": 432, "pitch": 64, "duration": 12, "velocity": 64}, {"time": 444, "pitch": 66, "duration": 12, "velocity": 64}, {"time": 456, "pitch": 67, "duration": 12, "velocity": 64}, {"time": 468, "pitch": 66, "duration": 12, "velocity": 64}, {"time": 480, "pitch": 67, "duration": 12, "velocity": 64}, {"time": 492, "pitch": 69, "duration": 12, "velocity": 64}, {"time": 504, "pitch": 71, "duration": 12, "velocity": 64}, {"time": 516, "pitch": 69, "duration": 12, "velocity": 64}, {"time": 528, "pitch": 67, "duration": 12, "velocity": 64}, {"time": 540, "pitch": 71, "duration": 12, "velocity": 64}, {"time": 552, "pitch": 74, "duration": 24, "velocity": 64}, {"time": 576, "pitch": 74, "duration": 8, "velocity": 64}, {"time": 584, "pitch": 73, "duration": 8, "velocity": 64}, {"time": 592, "pitch": 72, "duration": 8, "velocity": 64}, {"time": 600, "pitch": 71, "duration": 24, "velocity": 64}, {"time": 624, "pitch": 64, "duration": 24, "velocity": 64}, {"time": 648, "pitch": 67, "duration": 12, "velocity": 64}, {"time": 660, "pitch": 66, "duration": 12, "velocity": 64}, {"time": 672, "pitch": 64, "duration": 12, "velocity": 64}, {"time": 684, "pitch": 62, "duration": 12, "velocity": 64}, {"time": 696, "pitch": 64, "duration": 48, "velocity": 64}, {"time": 744, "pitch": 64, "duration": 24, "velocity": 64}, {"time": 768, "pitch": 71, "duration": 24, "velocity": 64}, {"time": 792, "pitch": 76, "duration": 24, "velocity": 64}, {"time": 816, "pitch": 76, "duration": 24, "velocity": 64}, {"time": 840, "pitch": 71, "duration": 12, "velocity": 64}, {"time": 852, "pitch": 74, "duration": 12, "velocity": 64}, {"time": 864, "pitch": 76, "duration": 12, "velocity": 64}, {"time": 876, "pitch": 78, "duration": 12, "velocity": 64}, {"time": 888, "pitch": 79, "duration": 12, "velocity": 64}, {"time": 900, "pitch": 81, "duration": 12, "velocity": 64}, {"time": 912, "pitch": 79, "duration": 12, "velocity": 64}, {"time": 924, "pitch": 78, "duration": 12, "velocity": 64}, {"time": 936, "pitch": 76, "duration": 12, "velocity": 64}, {"time": 948, "pitch": 79, "duration": 12, "velocity": 64}, {"time": 960, "pitch": 78, "duration": 12, "velocity": 64}, {"time": 972, "pitch": 76, "duration": 12, "velocity": 64}, {"time": 984, "pitch": 74, "duration": 24, "velocity": 64}, {"time": 1008, "pitch": 71, "duration": 24, "velocity": 64}, {"time": 1032, "pitch": 71, "duration": 12, "velocity": 64}, {"time": 1044, "pitch": 69, "duration": 12, "velocity": 64}, {"time": 1056, "pitch": 71, "duration": 12, "velocity": 64}, {"time": 1068, "pitch": 73, "duration": 12, "velocity": 64}, {"time": 1080, "pitch": 74, "duration": 12, "velocity": 64}, {"time": 1092, "pitch": 76, "duration": 12, "velocity": 64}, {"time": 1104, "pitch": 74, "duration": 12, "velocity": 64}, {"time": 1116, "pitch": 73, "duration": 12, "velocity": 64}, {"time": 1128, "pitch": 71, "duration": 12, "velocity": 64}, {"time": 1140, "pitch": 72, "duration": 12, "velocity": 64}, {"time": 1152, "pitch": 74, "duration": 12, "velocity": 64}, {"time": 1164, "pitch": 71, "duration": 12, "velocity": 64}, {"time": 1176, "pitch": 76, "duration": 24, "velocity": 64}, {"time": 1200, "pitch": 76, "duration": 24, "velocity": 64}, {"time": 1224, "pitch": 71, "duration": 12, "velocity": 64}, {"time": 1236, "pitch": 74, "duration": 12, "velocity": 64}, {"time": 1248, "pitch": 76, "duration": 12, "velocity": 64}, {"time": 1260, "pitch": 78, "duration": 12, "velocity": 64}, {"time": 1272, "pitch": 79, "duration": 12, "velocity": 64}, {"time": 1284, "pitch": 81, "duration": 12, "velocity": 64}, {"time": 1296, "pitch": 79, "duration": 12, "velocity": 64}, {"time": 1308, "pitch": 78, "duration": 12, "velocity": 64}, {"time": 1320, "pitch": 76, "duration": 12, "velocity": 64}, {"time": 1332, "pitch": 78, "duration": 12, "velocity": 64}, {"time": 1344, "pitch": 76, "duration": 12, "velocity": 64}, {"time": 1356, "pitch": 74, "duration": 12, "velocity": 64}, {"time": 1368, "pitch": 71, "duration": 12, "velocity": 64}, {"time": 1380, "pitch": 74, "duration": 12, "velocity": 64}, {"time": 1392, "pitch": 76, "duration": 12, "velocity": 64}, {"time": 1404, "pitch": 79, "duration": 12, "velocity": 64}, {"time": 1416, "pitch": 78, "duration": 12, "velocity": 64}, {"time": 1428, "pitch": 76, "duration": 12, "velocity": 64}, {"time": 1440, "pitch": 74, "duration": 12, "velocity": 64}, {"time": 1452, "pitch": 78, "duration": 12, "velocity": 64}, {"time": 1464, "pitch": 76, "duration": 60, "velocity": 64}, {"time": 1524, "pitch": 74, "duration": 12, "velocity": 64}, {"time": 1536, "pitch": 76, "duration": 12, "velocity": 64}, {"time": 1548, "pitch": 78, "duration": 12, "velocity": 64}, {"time": 1560, "pitch": 79, "duration": 36, "velocity": 64}, {"time": 1596, "pitch": 76, "duration": 12, "velocity": 64}, {"time": 1608, "pitch": 78, "duration": 36, "velocity": 64}, {"time": 1644, "pitch": 74, "duration": 12, "velocity": 64}, {"time": 1656, "pitch": 76, "duration": 12, "velocity": 64}, {"time": 1668, "pitch": 74, "duration": 12, "velocity": 64}, {"time": 1680, "pitch": 71, "duration": 12, "velocity": 64}, {"time": 1692, "pitch": 73, "duration": 12, "velocity": 64}, {"time": 1704, "pitch": 74, "duration": 36, "velocity": 64}, {"time": 1740, "pitch": 76, "duration": 12, "velocity": 64}, {"time": 1752, "pitch": 74, "duration": 12, "velocity": 64}, {"time": 1764, "pitch": 71, "duration": 12, "velocity": 64}, {"time": 1776, "pitch": 69, "duration": 12, "velocity": 64}, {"time": 1788, "pitch": 66, "duration": 12, "velocity": 64}, {"time": 1800, "pitch": 67, "duration": 12, "velocity": 64}, {"time": 1812, "pitch": 69, "duration": 12, "velocity": 64}, {"time": 1824, "pitch": 71, "duration": 12, "velocity": 64}, {"time": 1836, "pitch": 73, "duration": 12, "velocity": 64}, {"time": 1848, "pitch": 74, "duration": 12, "velocity": 64}, {"time": 1860, "pitch": 71, "duration": 12, "velocity": 64}, {"time": 1872, "pitch": 69, "duration": 12, "velocity": 64}, {"time": 1884, "pitch": 66, "duration": 12, "velocity": 64}, {"time": 1896, "pitch": 67, "duration": 12, "velocity": 64}, {"time": 1908, "pitch": 66, "duration": 12, "velocity": 64}, {"time": 1920, "pitch": 64, "duration": 12, "velocity": 64}, {"time": 1932, "pitch": 62, "duration": 12, "velocity": 64}, {"time": 1944, "pitch": 59, "duration": 24, "velocity": 64}, {"time": 1968, "pitch": 64, "duration": 24, "velocity": 64}, {"time": 1992, "pitch": 64, "duration": 12, "velocity": 64}, {"time": 2004, "pitch": 66, "duration": 12, "velocity": 64}, {"time": 2016, "pitch": 67, "duration": 12, "velocity": 64}, {"time": 2028, "pitch": 69, "duration": 12, "velocity": 64}, {"time": 2040, "pitch": 71, "duration": 24, "velocity": 64}, {"time": 2064, "pitch": 76, "duration": 24, "velocity": 64}, {"time": 2088, "pitch": 76, "duration": 12, "velocity": 64}, {"time": 2100, "pitch": 74, "duration": 12, "velocity": 64}, {"time": 2112, "pitch": 76, "duration": 12, "velocity": 64}, {"time": 2124, "pitch": 78, "duration": 12, "velocity": 64}, {"time": 2136, "pitch": 76, "duration": 24, "velocity": 64}, {"time": 2160, "pitch": 71, "duration": 24, "velocity": 64}, {"time": 2184, "pitch": 71, "duration": 12, "velocity": 64}, {"time": 2196, "pitch": 69, "duration": 12, "velocity": 64}, {"time": 2208, "pitch": 67, "duration": 12, "velocity": 64}, {"time": 2220, "pitch": 66, "duration": 12, "velocity": 64}, {"time": 2232, "pitch": 64, "duration": 48, "velocity": 64}, {"time": 2280, "pitch": 64, "duration": 24, "velocity": 64}], "chords": [{"time": 24, "pitches": [52, 55, 59], "duration": 0, "velocity": 64}, {"time": 120, "pitches": [52, 55, 59], "duration": 0, "velocity": 64}, {"time": 168, "pitches": [47, 51, 54, 57], "duration": 0, "velocity": 64}, {"time": 216, "pitches": [52, 55, 59], "duration": 0, "velocity": 64}, {"time": 312, "pitches": [50, 54, 57], "duration": 0, "velocity": 64}, {"time": 408, "pitches": [52, 55, 59], "duration": 0, "velocity": 64}, {"time": 456, "pitches": [48, 52, 55], "duration": 0, "velocity": 64}, {"time": 504, "pitches": [55, 59, 62], "duration": 0, "velocity": 64}, {"time": 600, "pitches": [52, 55, 59], "duration": 0, "velocity": 64}, {"time": 648, "pitches": [50, 54, 57], "duration": 0, "velocity": 64}, {"time": 696, "pitches": [52, 55, 59], "duration": 0, "velocity": 64}, {"time": 792, "pitches": [52, 55, 59], "duration": 0, "velocity": 64}, {"time": 888, "pitches": [52, 55, 59], "duration": 0, "velocity": 64}, {"time": 984, "pitches": [47, 50, 54], "duration": 0, "velocity": 64}, {"time": 1080, "pitches": [47, 50, 54], "duration": 0, "velocity": 64}, {"time": 1176, "pitches": [52, 55, 59], "duration": 0, "velocity": 64}, {"time": 1272, "pitches": [52, 55, 59], "duration": 0, "velocity": 64}, {"time": 1368, "pitches": [52, 55, 59], "duration": 0, "velocity": 64}, {"time": 1416, "pitches": [47, 50, 54], "duration": 0, "velocity": 64}, {"time": 1464, "pitches": [52, 55, 59], "duration": 0, "velocity": 64}, {"time": 1560, "pitches": [52, 55, 59], "duration": 0, "velocity": 64}, {"time": 1608, "pitches": [50, 54, 57], "duration": 0, "velocity": 64}, {"time": 1656, "pitches": [55, 59, 62], "duration": 0, "velocity": 64}, {"time": 1704, "pitches": [50, 54, 57], "duration": 0, "velocity": 64}, {"time": 1752, "pitches": [55, 59, 62], "duration": 0, "velocity": 64}, {"time": 1800, "pitches": [50, 54, 57], "duration": 0, "velocity": 64}, {"time": 1848, "pitches": [55, 59, 62], "duration": 0, "velocity": 64}, {"time": 1896, "pitches": [50, 54, 57], "duration": 0, "velocity": 64}, {"time": 1944, "pitches": [52, 55, 59], "duration": 0, "velocity": 64}, {"time": 2040, "pitches": [52, 55, 59], "duration": 0, "velocity": 64}, {"time": 2088, "pitches": [47, 51, 54, 57], "duration": 0, "velocity": 64}, {"time": 2136, "pitches": [52, 55, 59], "duration": 0, "velocity": 64}, {"time": 2184, "pitches": [50, 54, 57], "duration": 0, "velocity": 64}, {"time": 2232, "pitches": [52, 55, 59], "duration": 0, "velocity": 64}]}]}