{"metadata": {"schema_version": "0.1", "title": "MacAllan", "source_format": "abc"}, "resolution": 24, "tempos": [{"time": 0, "qpm": 120.0}], "key_signatures": [{"time": 0, "root": 9, "mode": "major", "fifths": 3}], "time_signatures": [{"time": 0, "numerator": 4, "denominator": 4}], "beats": [{"time": 0, "is_downbeat": true}, {"time": 6, "is_downbeat": true}, {"time": 30, "is_downbeat": false}, {"time": 54, "is_downbeat": false}, {"time": 78, "is_downbeat": false}, {"time": 102, "is_downbeat": true}, {"time": 126, "is_downbeat": false}, {"time": 150, "is_downbeat": false}, {"time": 174, "is_downbeat": false}, {"time": 198, "is_downbeat": true}, {"time": 222, "is_downbeat": false}, {"time": 246, "is_downbeat": false}, {"time": 270, "is_downbeat": false}, {"time": 294, "is_downbeat": true}, {"time": 318, "is_downbeat": false}, {"time": 342, "is_downbeat": false}, {"time": 366, "is_downbeat": false}, {"time": 378, "is_downbeat": true}, {"time": 384, "is_downbeat": true}, {"time": 408, "is_downbeat": false}, {"time": 432, "is_downbeat": false}, {"time": 456, "is_downbeat": false}, {"time": 480, "is_downbeat": true}, {"time": 504, "is_downbeat": false}, {"time": 528, "is_downbeat": false}, {"time": 552, "is_downbeat": false}, {"time": 576, "is_downbeat": true}, {"time": 600, "is_downbeat": false}, {"time": 624, "is_downbeat": false}, {"time": 648, "is_downbeat": false}, {"time": 672, "is_downbeat": true}, {"time": 696, "is_downbeat": false}, {"time": 720, "is_downbeat": false}, {"time": 744, "is_downbeat": false}], "tracks": [{"program": 0, "is_drum": false, "notes": [{"time": 0, "pitch": 62, "duration": 6, "velocity": 64}, {"time": 6, "pitch": 61, "duration": 6, "velocity": 64}, {"time": 12, "pitch": 64, "duration": 18, "velocity": 64}, {"time": 30, "pitch": 69, "duration": 18, "velocity": 64}, {"time": 48, "pitch": 71, "duration": 6, "velocity": 64}, {"time": 54, "pitch": 73, "duration": 6, "velocity": 64}, {"time": 60, "pitch": 71, "duration": 6, "velocity": 64}, {"time": 66, "pitch": 69, "duration": 6, "velocity": 64}, {"time": 72, "pitch": 68, "duration": 6, "velocity": 64}, {"time": 78, "pitch": 69, "duration": 18, "velocity": 64}, {"time": 96, "pitch": 73, "duration": 6, "velocity": 64}, {"time": 102, "pitch": 74, "duration": 18, "velocity": 64}, {"time": 120, "pitch": 76, "duration": 6, "velocity": 64}, {"time": 126, "pitch": 78, "duration": 18, "velocity": 64}, {"time": 144, "pitch": 76, "duration": 6, "velocity": 64}, {"time": 150, "pitch": 74, "duration": 6, "velocity": 64}, {"time": 156, "pitch": 73, "duration": 6, "velocity": 64}, {"time": 162, "pitch": 71, "duration": 6, "velocity": 64}, {"time": 168, "pitch": 69, "duration": 6, "velocity": 64}, {"time": 174, "pitch": 68, "duration": 6, "velocity": 64}, {"time": 180, "pitch": 71, "duration": 18, "velocity": 64}, {"time": 198, "pitch": 61, "duration": 6, "velocity": 64}, {"time": 204, "pitch": 64, "duration": 18, "velocity": 64}, {"time": 222, "pitch": 69, "duration": 18, "velocity": 64}, {"time": 240, "pitch": 71, "duration": 6, "velocity": 64}, {"time": 246, "pitch": 73, "duration": 6, "velocity": 64}, {"time": 252, "pitch": 71, "duration": 6, "velocity": 64}, {"time": 258, "pitch": 69, "duration": 6, "velocity": 64}, {"time": 264, "pitch": 68, "duration": 6, "velocity": 64}, {"time": 270, "pitch": 69, "duration": 18, "velocity": 64}, {"time": 288, "pitch": 81, "duration": 6, "velocity": 64}, {"time": 294, "pitch": 78, "duration": 6, "velocity": 64}, {"time": 300, "pitch": 80, "duration": 6, "velocity": 64}, {"time": 306, "pitch": 81, "duration": 6, "velocity": 64}, {"time": 312, "pitch": 78, "duration": 6, "velocity": 64}, {"time": 318, "pitch": 76, "duration": 12, "velocity": 64}, {"time": 330, "pitch": 81, "duration": 12, "velocity": 64}, {"time": 342, "pitch": 73, "duration": 12, "velocity": 64}, {"time": 354, "pitch": 69, "duration": 12, "velocity": 64}, {"time": 366, "pitch": 69, "duration": 12, "velocity": 64}, {"time": 378, "pitch": 80, "duration": 6, "velocity": 64}, {"time": 384, "pitch": 81, "duration": 18, "velocity": 64}, {"time": 402, "pitch": 69, "duration": 6, "velocity": 64}, {"time": 408, "pitch": 73, "duration": 6, "velocity": 64}, {"time": 414, "pitch": 74, "duration": 6, "velocity": 64}, {"time": 420, "pitch": 76, "duration": 12, "velocity": 64}, {"time": 432, "pitch": 78, "duration": 18, "velocity": 64}, {"time": 450, "pitch": 81, "duration": 6, "velocity": 64}, {"time": 456, "pitch": 76, "duration": 18, "velocity": 64}, {"time": 474, "pitch": 81, "duration": 6, "velocity": 64}, {"time": 480, "pitch": 74, "duration": 18, "velocity": 64}, {"time": 498, "pitch": 81, "duration": 6, "velocity": 64}, {"time": 504, "pitch": 73, "duration": 18, "velocity": 64}, {"time": 522, "pitch": 81, "duration": 6, "velocity": 64}, {"time": 528, "pitch": 71, "duration": 18, "velocity": 64}, {"time": 546, "pitch": 69, "duration": 6, "velocity": 64}, {"time": 552, "pitch": 68, "duration": 6, "velocity": 64}, {"time": 558, "pitch": 71, "duration": 18, "velocity": 64}, {"time": 576, "pitch": 69, "duration": 8, "velocity": 64}, {"time": 584, "pitch": 71, "duration": 8, "velocity": 64}, {"time": 592, "pitch": 73, "duration": 8, "velocity": 64}, {"time": 600, "pitch": 74, "duration": 8, "velocity": 64}, {"time": 608, "pitch": 73, "duration": 8, "velocity": 64}, {"time": 616, "pitch": 71, "duration": 8, "velocity": 64}, {"time": 624, "pitch": 73, "duration": 8, "velocity": 64}, {"time": 632, "pitch": 74, "duration": 8, "velocity": 64}, {"time": 640, "pitch": 76, "duration": 8, "velocity": 64}, {"time": 648, "pitch": 81, "duration": 18, "velocity": 64}, {"time": 666, "pitch": 80, "duration": 6, "velocity": 64}, {"time": 672, "pitch": 78, "duration": 6, "velocity": 64}, {"time": 678, "pitch": 80, "duration": 6, "velocity": 64}, {"time": 684, "pitch": 81, "duration": 12, "velocity": 64}, {"time": 696, "pitch": 76, "duration": 18, "velocity": 64}, {"time": 714, "pitch": 81, "duration": 6, "velocity": 64}, {"time": 720, "pitch": 73, "duration": 12, "velocity": 64}, {"time": 732, "pitch": 69, "duration": 12, "velocity": 64}, {"time": 744, "pitch": 69, "duration": 12, "velocity": 64}]}]}