{"metadata": {"schema_version": "0.1", "title": "Mrs Willis", "source_format": "abc"}, "resolution": 24, "tempos": [{"time": 0, "qpm": 120.0}], "key_signatures": [{"time": 0, "root": 5, "mode": "major", "fifths": -1}, {"time": 768, "root": 0, "mode": "major", "fifths": 0}], "time_signatures": [{"time": 0, "numerator": 4, "denominator": 4}], "beats": [{"time": 0, "is_downbeat": true}, {"time": 24, "is_downbeat": true}, {"time": 48, "is_downbeat": false}, {"time": 72, "is_downbeat": false}, {"time": 96, "is_downbeat": false}, {"time": 120, "is_downbeat": true}, {"time": 144, "is_downbeat": false}, {"time": 168, "is_downbeat": false}, {"time": 192, "is_downbeat": false}, {"time": 216, "is_downbeat": true}, {"time": 240, "is_downbeat": false}, {"time": 264, "is_downbeat": false}, {"time": 288, "is_downbeat": false}, {"time": 312, "is_downbeat": true}, {"time": 336, "is_downbeat": false}, {"time": 360, "is_downbeat": false}, {"time": 384, "is_downbeat": false}, {"time": 408, "is_downbeat": true}, {"time": 432, "is_downbeat": false}, {"time": 456, "is_downbeat": false}, {"time": 480, "is_downbeat": false}, {"time": 504, "is_downbeat": true}, {"time": 528, "is_downbeat": false}, {"time": 552, "is_downbeat": false}, {"time": 576, "is_downbeat": false}, {"time": 600, "is_downbeat": true}, {"time": 624, "is_downbeat": false}, {"time": 648, "is_downbeat": false}, {"time": 672, "is_downbeat": false}, {"time": 696, "is_downbeat": true}, {"time": 720, "is_downbeat": false}, {"time": 744, "is_downbeat": false}, {"time": 768, "is_downbeat": true}, {"time": 792, "is_downbeat": true}, {"time": 816, "is_downbeat": false}, {"time": 840, "is_downbeat": false}, {"time": 864, "is_downbeat": false}, {"time": 888, "is_downbeat": true}, {"time": 912, "is_downbeat": false}, {"time": 936, "is_downbeat": false}, {"time": 960, "is_downbeat": false}, {"time": 984, "is_downbeat": true}, {"time": 1008, "is_downbeat": false}, {"time": 1032, "is_downbeat": false}, {"time": 1056, "is_downbeat": false}, {"time": 1080, "is_downbeat": true}, {"time": 1104, "is_downbeat": false}, {"time": 1128, "is_downbeat": false}, {"time": 1152, "is_downbeat": false}, {"time": 1176, "is_downbeat": true}, {"time": 1200, "is_downbeat": false}, {"time": 1224, "is_downbeat": false}, {"time": 1248, "is_downbeat": false}, {"time": 1272, "is_downbeat": true}, {"time": 1296, "is_downbeat": false}, {"time": 1320, "is_downbeat": false}, {"time": 1344, "is_downbeat": false}, {"time": 1368, "is_downbeat": true}, {"time": 1392, "is_downbeat": false}, {"time": 1416, "is_downbeat": false}, {"time": 1440, "is_downbeat": false}, {"time": 1464, "is_downbeat": true}, {"time": 1488, "is_downbeat": false}, {"time": 1512, "is_downbeat": false}, {"time": 1536, "is_downbeat": false}], "tracks": [{"program": 0, "is_drum": false, "notes": [{"time": 0, "pitch": 65, "duration": 8, "velocity": 64}, {"time": 8, "pitch": 64, "duration": 8, "velocity": 64}, {"time": 16, "pitch": 62, "duration": 8, "velocity": 64}, {"time": 24, "pitch": 60, "duration": 12, "velocity": 64}, {"time": 36, "pitch": 69, "duration": 12, "velocity": 64}, {"time": 48, "pitch": 67, "duration": 12, "velocity": 64}, {"time": 60, "pitch": 65, "duration": 12, "velocity": 64}, {"time": 72, "pitch": 60, "duration": 12, "velocity": 64}, {"time": 84, "pitch": 69, "duration": 12, "velocity": 64}, {"time": 96, "pitch": 67, "duration": 12, "velocity": 64}, {"time": 108, "pitch": 65, "duration": 12, "velocity": 64}, {"time": 120, "pitch": 62, "duration": 8, "velocity": 64}, {"time": 128, "pitch": 64, "duration": 8, "velocity": 64}, {"time": 136, "pitch": 62, "duration": 8, "velocity": 64}, {"time": 144, "pitch": 67, "duration": 12, "velocity": 64}, {"time": 156, "pitch": 70, "duration": 12, "velocity": 64}, {"time": 168, "pitch": 74, "duration": 48, "velocity": 64}, {"time": 216, "pitch": 72, "duration": 12, "velocity": 64}, {"time": 228, "pitch": 71, "duration": 12, "velocity": 64}, {"time": 240, "pitch": 70, "duration": 12, "velocity": 64}, {"time": 252, "pitch": 67, "duration": 12, "velocity": 64}, {"time": 264, "pitch": 69, "duration": 12, "velocity": 64}, {"time": 276, "pitch": 67, "duration": 12, "velocity": 64}, {"time": 288, "pitch": 62, "duration": 12, "velocity": 64}, {"time": 300, "pitch": 64, "duration": 12, "velocity": 64}, {"time": 312, "pitch": 65, "duration": 8, "velocity": 64}, {"time": 320, "pitch": 69, "duration": 8, "velocity": 64}, {"time": 328, "pitch": 67, "duration": 8, "velocity": 64}, {"time": 336, "pitch": 65, "duration": 8, "velocity": 64}, {"time": 344, "pitch": 64, "duration": 8, "velocity": 64}, {"time": 352, "pitch": 62, "duration": 8, "velocity": 64}, {"time": 360, "pitch": 60, "duration": 48, "velocity": 64}, {"time": 408, "pitch": 60, "duration": 12, "velocity": 64}, {"time": 420, "pitch": 69, "duration": 12, "velocity": 64}, {"time": 432, "pitch": 67, "duration": 12, "velocity": 64}, {"time": 444, "pitch": 65, "duration": 12, "velocity": 64}, {"time": 456, "pitch": 60, "duration": 12, "velocity": 64}, {"time": 468, "pitch": 69, "duration": 12, "velocity": 64}, {"time": 480, "pitch": 67, "duration": 12, "velocity": 64}, {"time": 492, "pitch": 65, "duration": 12, "velocity": 64}, {"time": 504, "pitch": 62, "duration": 8, "velocity": 64}, {"time": 512, "pitch": 64, "duration": 8, "velocity": 64}, {"time": 520, "pitch": 62, "duration": 8, "velocity": 64}, {"time": 528, "pitch": 67, "duration": 12, "velocity": 64}, {"time": 540, "pitch": 70, "duration": 12, "velocity": 64}, {"time": 552, "pitch": 74, "duration": 48, "velocity": 64}, {"time": 600, "pitch": 72, "duration": 12, "velocity": 64}, {"time": 612, "pitch": 71, "duration": 12, "velocity": 64}, {"time": 624, "pitch": 70, "duration": 12, "velocity": 64}, {"time": 636, "pitch": 67, "duration": 12, "velocity": 64}, {"time": 648, "pitch": 69, "duration": 12, "velocity": 64}, {"time": 660, "pitch": 67, "duration": 12, "velocity": 64}, {"time": 672, "pitch": 62, "duration": 12, "velocity": 64}, {"time": 684, "pitch": 64, "duration": 12, "velocity": 64}, {"time": 696, "pitch": 65, "duration": 24, "velocity": 64}, {"time": 720, "pitch": 69, "duration": 24, "velocity": 64}, {"time": 744, "pitch": 65, "duration": 24, "velocity": 64}, {"time": 768, "pitch": 67, "duration": 24, "velocity": 64}, {"time": 792, "pitch": 76, "duration": 8, "velocity": 64}, {"time": 800, "pitch": 74, "duration": 8, "velocity": 64}, {"time": 808, "pitch": 72, "duration": 8, "velocity": 64}, {"time": 816, "pitch": 67, "duration": 24, "velocity": 64}, {"time": 840, "pitch": 76, "duration": 8, "velocity": 64}, {"time": 848, "pitch": 74, "duration": 8, "velocity": 64}, {"time": 856, "pitch": 72, "duration": 8, "velocity": 64}, {"time": 864, "pitch": 67, "duration": 24, "velocity": 64}, {"time": 888, "pitch": 77, "duration": 8, "velocity": 64}, {"time": 896, "pitch": 76, "duration": 8, "velocity": 64}, {"time": 904, "pitch": 74, "duration": 8, "velocity": 64}, {"time": 912, "pitch": 69, "duration": 24, "velocity": 64}, {"time": 936, "pitch": 77, "duration": 8, "velocity": 64}, {"time": 944, "pitch": 76, "duration": 8, "velocity": 64}, {"time": 952, "pitch": 74, "duration": 8, "velocity": 64}, {"time": 960, "pitch": 69, "duration": 24, "velocity": 64}, {"time": 984, "pitch": 71, "duration": 12, "velocity": 64}, {"time": 996, "pitch": 67, "duration": 12, "velocity": 64}, {"time": 1008, "pitch": 66, "duration": 12, "velocity": 64}, {"time": 1020, "pitch": 67, "duration": 12, "velocity": 64}, {"time": 1032, "pitch": 69, "duration": 12, "velocity": 64}, {"time": 1044, "pitch": 67, "duration": 12, "velocity": 64}, {"time": 1056, "pitch": 76, "duration": 12, "velocity": 64}, {"time": 1068, "pitch": 74, "duration": 12, "velocity": 64}, {"time": 1080, "pitch": 72, "duration": 8, "velocity": 64}, {"time": 1088, "pitch": 76, "duration": 8, "velocity": 64}, {"time": 1096, "pitch": 74, "duration": 8, "velocity": 64}, {"time": 1104, "pitch": 72, "duration": 8, "velocity": 64}, {"time": 1112, "pitch": 71, "duration": 8, "velocity": 64}, {"time": 1120, "pitch": 69, "duration": 8, "velocity": 64}, {"time": 1128, "pitch": 67, "duration": 48, "velocity": 64}, {"time": 1176, "pitch": 76, "duration": 8, "velocity": 64}, {"time": 1184, "pitch": 74, "duration": 8, "velocity": 64}, {"time": 1192, "pitch": 72, "duration": 8, "velocity": 64}, {"time": 1200, "pitch": 67, "duration": 24, "velocity": 64}, {"time": 1224, "pitch": 76, "duration": 8, "velocity": 64}, {"time": 1232, "pitch": 74, "duration": 8, "velocity": 64}, {"time": 1240, "pitch": 72, "duration": 8, "velocity": 64}, {"time": 1248, "pitch": 67, "duration": 24, "velocity": 64}, {"time": 1272, "pitch": 77, "duration": 8, "velocity": 64}, {"time": 1280, "pitch": 76, "duration": 8, "velocity": 64}, {"time": 1288, "pitch": 74, "duration": 8, "velocity": 64}, {"time": 1296, "pitch": 69, "duration": 24, "velocity": 64}, {"time": 1320, "pitch": 77, "duration": 8, "velocity": 64}, {"time": 1328, "pitch": 76, "duration": 8, "velocity": 64}, {"time": 1336, "pitch": 74, "duration": 8, "velocity": 64}, {"time": 1344, "pitch": 69, "duration": 24, "velocity": 64}, {"time": 1368, "pitch": 71, "duration": 12, "velocity": 64}, {"time": 1380, "pitch": 67, "duration": 12, "velocity": 64}, {"time": 1392, "pitch": 66, "duration": 12, "velocity": 64}, {"time": 1404, "pitch": 67, "duration": 12, "velocity": 64}, {"time": 1416, "pitch": 69, "duration": 12, "velocity": 64}, {"time": 1428, "pitch": 67, "duration": 12, "velocity": 64}, {"time": 1440, "pitch": 76, "duration": 12, "velocity": 64}, {"time": 1452, "pitch": 74, "duration": 12, "velocity": 64}, {"time": 1464, "pitch": 72, "duration": 24, "velocity": 64}, {"time": 1488, "pitch": 76, "duration": 24, "velocity": 64}, {"time": 1512, "pitch": 72, "duration": 24, "velocity": 64}], "chords": [{"time": 24, "pitches": [53, 57, 60], "duration": 0, "velocity": 64}, {"time": 120, "pitches": [46, 50, 53], "duration": 0, "velocity": 64}, {"time": 168, "pitches": [43, 47, 50, 53], "duration": 0, "velocity": 64}, {"time": 216, "pitches": [48, 52, 55, 58], "duration": 0, "velocity": 64}, {"time": 312, "pitches": [53, 57, 60], "duration": 0, "velocity": 64}, {"time": 360, "pitches": [48, 52, 55, 58], "duration": 0, "velocity": 64}, {"time": 408, "pitches": [53, 57, 60], "duration": 0, "velocity": 64}, {"time": 504, "pitches": [46, 50, 53], "duration": 0, "velocity": 64}, {"time": 552, "pitches": [43, 47, 50, 53], "duration": 0, "velocity": 64}, {"time": 600, "pitches": [48, 52, 55, 58], "duration": 0, "velocity": 64}, {"time": 696, "pitches": [53, 57, 60], "duration": 0, "velocity": 64}, {"time": 768, "pitches": [43, 47, 50, 53], "duration": 0, "velocity": 64}, {"time": 792, "pitches": [48, 52, 55], "duration": 0, "velocity": 64}, {"time": 888, "pitches": [50, 53, 57], "duration": 0, "velocity": 64}, {"time": 984, "pitches": [43, 47, 50, 53], "duration": 0, "velocity": 64}, {"time": 1080, "pitches": [48, 52, 55], "duration": 0, "velocity": 64}, {"time": 1128, "pitches": [43, 47, 50, 53], "duration": 0, "velocity": 64}, {"time": 1176, "pitches": [48, 52, 55], "duration": 0, "velocity": 64}, {"time": 1272, "pitches": [50, 53, 57], "duration": 0, "velocity": 64}, {"time": 1368, "pitches": [43, 47, 50, 53], "duration": 0, "velocity": 64}, {"time": 1464, "pitches": [48, 52, 55], "duration": 0, "velocity": 64}]}]}