{"metadata": {"schema_version": "0.1", "title": "Orange and Blue", "source_format": "abc"}, "resolution": 24, "tempos": [{"time": 0, "qpm": 120.0}], "key_signatures": [{"time": 0, "root": 2, "mode": "major", "fifths": 2}], "time_signatures": [{"time": 0, "numerator": 4, "denominator": 4}], "beats": [{"time": 0, "is_downbeat": true}, {"time": 24, "is_downbeat": true}, {"time": 48, "is_downbeat": false}, {"time": 72, "is_downbeat": false}, {"time": 96, "is_downbeat": false}, {"time": 120, "is_downbeat": true}, {"time": 144, "is_downbeat": false}, {"time": 168, "is_downbeat": false}, {"time": 192, "is_downbeat": false}, {"time": 216, "is_downbeat": true}, {"time": 240, "is_downbeat": false}, {"time": 264, "is_downbeat": false}, {"time": 288, "is_downbeat": false}, {"time": 312, "is_downbeat": true}, {"time": 336, "is_downbeat": false}, {"time": 360, "is_downbeat": false}, {"time": 384, "is_downbeat": false}, {"time": 408, "is_downbeat": true}, {"time": 432, "is_downbeat": false}, {"time": 456, "is_downbeat": false}, {"time": 480, "is_downbeat": false}, {"time": 504, "is_downbeat": true}, {"time": 528, "is_downbeat": false}, {"time": 552, "is_downbeat": false}, {"time": 576, "is_downbeat": false}, {"time": 600, "is_downbeat": true}, {"time": 624, "is_downbeat": false}, {"time": 648, "is_downbeat": false}, {"time": 672, "is_downbeat": false}, {"time": 696, "is_downbeat": true}, {"time": 720, "is_downbeat": false}, {"time": 744, "is_downbeat": false}, {"time": 768, "is_downbeat": false}, {"time": 792, "is_downbeat": true}, {"time": 816, "is_downbeat": false}, {"time": 840, "is_downbeat": false}, {"time": 864, "is_downbeat": false}, {"time": 888, "is_downbeat": true}, {"time": 912, "is_downbeat": false}, {"time": 936, "is_downbeat": false}, {"time": 960, "is_downbeat": false}, {"time": 984, "is_downbeat": true}, {"time": 1008, "is_downbeat": false}, {"time": 1032, "is_downbeat": false}, {"time": 1056, "is_downbeat": false}, {"time": 1080, "is_downbeat": true}, {"time": 1104, "is_downbeat": false}, {"time": 1128, "is_downbeat": false}, {"time": 1152, "is_downbeat": false}, {"time": 1176, "is_downbeat": true}, {"time": 1200, "is_downbeat": false}, {"time": 1224, "is_downbeat": false}, {"time": 1248, "is_downbeat": false}, {"time": 1272, "is_downbeat": true}, {"time": 1296, "is_downbeat": false}, {"time": 1320, "is_downbeat": false}, {"time": 1344, "is_downbeat": false}, {"time": 1368, "is_downbeat": true}, {"time": 1392, "is_downbeat": false}, {"time": 1416, "is_downbeat": false}, {"time": 1440, "is_downbeat": false}, {"time": 1464, "is_downbeat": true}, {"time": 1488, "is_downbeat": false}, {"time": 1512, "is_downbeat": false}, {"time": 1536, "is_downbeat": false}], "tracks": [{"program": 0, "is_drum": false, "notes": [{"time": 0, "pitch": 81, "duration": 12, "velocity": 64}, {"time": 12, "pitch": 79, "duration": 12, "velocity": 64}, {"time": 24, "pitch": 78, "duration": 6, "velocity": 64}, {"time": 30, "pitch": 74, "duration": 18, "velocity": 64}, {"time": 48, "pitch": 74, "duration": 24, "velocity": 64}, {"time": 72, "pitch": 69, "duration": 6, "velocity": 64}, {"time": 78, "pitch": 74, "duration": 18, "velocity": 64}, {"time": 96, "pitch": 74, "duration": 24, "velocity": 64}, {"time": 120, "pitch": 78, "duration": 12, "velocity": 64}, {"time": 132, "pitch": 74, "duration": 12, "velocity": 64}, {"time": 144, "pitch": 81, "duration": 12, "velocity": 64}, {"time": 156, "pitch": 78, "duration": 12, "velocity": 64}, {"time": 168, "pitch": 74, "duration": 24, "velocity": 64}, {"time": 192, "pitch": 76, "duration": 12, "velocity": 64}, {"time": 204, "pitch": 78, "duration": 12, "velocity": 64}, {"time": 216, "pitch": 79, "duration": 6, "velocity": 64}, {"time": 222, "pitch": 76, "duration": 18, "velocity": 64}, {"time": 240, "pitch": 76, "duration": 24, "velocity": 64}, {"time": 264, "pitch": 73, "duration": 6, "velocity": 64}, {"time": 270, "pitch": 76, "duration": 18, "velocity": 64}, {"time": 288, "pitch": 76, "duration": 24, "velocity": 64}, {"time": 312, "pitch": 73, "duration": 12, "velocity": 64}, {"time": 324, "pitch": 69, "duration": 12, "velocity": 64}, {"time": 336, "pitch": 76, "duration": 12, "velocity": 64}, {"time": 348, "pitch": 73, "duration": 12, "velocity": 64}, {"time": 360, "pitch": 69, "duration": 24, "velocity": 64}, {"time": 384, "pitch": 81, "duration": 12, "velocity": 64}, {"time": 396, "pitch": 79, "duration": 12, "velocity": 64}, {"time": 408, "pitch": 78, "duration": 6, "velocity": 64}, {"time": 414, "pitch": 74, "duration": 18, "velocity": 64}, {"time": 432, "pitch": 74, "duration": 24, "velocity": 64}, {"time": 456, "pitch": 69, "duration": 6, "velocity": 64}, {"time": 462, "pitch": 74, "duration": 18, "velocity": 64}, {"time": 480, "pitch": 74, "duration": 24, "velocity": 64}, {"time": 504, "pitch": 78, "duration": 12, "velocity": 64}, {"time": 516, "pitch": 74, "duration": 12, "velocity": 64}, {"time": 528, "pitch": 81, "duration": 12, "velocity": 64}, {"time": 540, "pitch": 78, "duration": 12, "velocity": 64}, {"time": 552, "pitch": 74, "duration": 24, "velocity": 64}, {"time": 576, "pitch": 78, "duration": 8, "velocity": 64}, {"time": 584, "pitch": 79, "duration": 8, "velocity": 64}, {"time": 592, "pitch": 81, "duration": 8, "velocity": 64}, {"time": 600, "pitch": 83, "duration": 12, "velocity": 64}, {"time": 612, "pitch": 79, "duration": 12, "velocity": 64}, {"time": 624, "pitch": 81, "duration": 12, "velocity": 64}, {"time": 636, "pitch": 78, "duration": 12, "velocity": 64}, {"time": 648, "pitch": 79, "duration": 12, "velocity": 64}, {"time": 660, "pitch": 76, "duration": 12, "velocity": 64}, {"time": 672, "pitch": 78, "duration": 12, "velocity": 64}, {"time": 684, "pitch": 74, "duration": 12, "velocity": 64}, {"time": 696, "pitch": 76, "duration": 12, "velocity": 64}, {"time": 708, "pitch": 73, "duration": 12, "velocity": 64}, {"time": 720, "pitch": 69, "duration": 8, "velocity": 64}, {"time": 728, "pitch": 71, "duration": 8, "velocity": 64}, {"time": 736, "pitch": 73, "duration": 8, "velocity": 64}, {"time": 744, "pitch": 74, "duration": 24, "velocity": 64}, {"time": 768, "pitch": 81, "duration": 12, "velocity": 64}, {"time": 780, "pitch": 79, "duration": 12, "velocity": 64}, {"time": 792, "pitch": 78, "duration": 6, "velocity": 64}, {"time": 798, "pitch": 81, "duration": 18, "velocity": 64}, {"time": 816, "pitch": 81, "duration": 24, "velocity": 64}, {"time": 840, "pitch": 78, "duration": 6, "velocity": 64}, {"time": 846, "pitch": 81, "duration": 18, "velocity": 64}, {"time": 864, "pitch": 81, "duration": 24, "velocity": 64}, {"time": 888, "pitch": 78, "duration": 12, "velocity": 64}, {"time": 900, "pitch": 74, "duration": 12, "velocity": 64}, {"time": 912, "pitch": 81, "duration": 12, "velocity": 64}, {"time": 924, "pitch": 78, "duration": 12, "velocity": 64}, {"time": 936, "pitch": 74, "duration": 24, "velocity": 64}, {"time": 960, "pitch": 76, "duration": 12, "velocity": 64}, {"time": 972, "pitch": 78, "duration": 12, "velocity": 64}, {"time": 984, "pitch": 79, "duration": 6, "velocity": 64}, {"time": 990, "pitch": 83, "duration": 18, "velocity": 64}, {"time": 1008, "pitch": 83, "duration": 24, "velocity": 64}, {"time": 1032, "pitch": 79, "duration": 6, "velocity": 64}, {"time": 1038, "pitch": 83, "duration": 18, "velocity": 64}, {"time": 1056, "pitch": 83, "duration": 24, "velocity": 64}, {"time": 1080, "pitch": 79, "duration": 12, "velocity": 64}, {"time": 1092, "pitch": 76, "duration": 12, "velocity": 64}, {"time": 1104, "pitch": 83, "duration": 12, "velocity": 64}, {"time": 1116, "pitch": 79, "duration": 12, "velocity": 64}, {"time": 1128, "pitch": 76, "duration": 24, "velocity": 64}, {"time": 1152, "pitch": 81, "duration": 12, "velocity": 64}, {"time": 1164, "pitch": 79, "duration": 12, "velocity": 64}, {"time": 1176, "pitch": 78, "duration": 6, "velocity": 64}, {"time": 1182, "pitch": 81, "duration": 18, "velocity": 64}, {"time": 1200, "pitch": 81, "duration": 24, "velocity": 64}, {"time": 1224, "pitch": 78, "duration": 6, "velocity": 64}, {"time": 1230, "pitch": 81, "duration": 18, "velocity": 64}, {"time": 1248, "pitch": 81, "duration": 24, "velocity": 64}, {"time": 1272, "pitch": 78, "duration": 12, "velocity": 64}, {"time": 1284, "pitch": 74, "duration": 12, "velocity": 64}, {"time": 1296, "pitch": 81, "duration": 12, "velocity": 64}, {"time": 1308, "pitch": 78, "duration": 12, "velocity": 64}, {"time": 1320, "pitch": 74, "duration": 24, "velocity": 64}, {"time": 1344, "pitch": 78, "duration": 8, "velocity": 64}, {"time": 1352, "pitch": 79, "duration": 8, "velocity": 64}, {"time": 1360, "pitch": 81, "duration": 8, "velocity": 64}, {"time": 1368, "pitch": 83, "duration": 12, "velocity": 64}, {"time": 1380, "pitch": 79, "duration": 12, "velocity": 64}, {"time": 1392, "pitch": 81, "duration": 12, "velocity": 64}, {"time": 1404, "pitch": 78, "duration": 12, "velocity": 64}, {"time": 1416, "pitch": 79, "duration": 12, "velocity": 64}, {"time": 1428, "pitch": 76, "duration": 12, "velocity": 64}, {"time": 1440, "pitch": 78, "duration": 12, "velocity": 64}, {"time": 1452, "pitch": 74, "duration": 12, "velocity": 64}, {"time": 1464, "pitch": 76, "duration": 12, "velocity": 64}, {"time": 1476, "pitch": 73, "duration": 12, "velocity": 64}, {"time": 1488, "pitch": 69, "duration": 8, "velocity": 64}, {"time": 1496, "pitch": 71, "duration": 8, "velocity": 64}, {"time": 1504, "pitch": 73, "duration": 8, "velocity": 64}, {"time": 1512, "pitch": 74, "duration": 24, "velocity": 64}], "chords": [{"time": 24, "pitches": [50, 54, 57], "duration": 0, "velocity": 64}, {"time": 120, "pitches": [50, 54, 57], "duration": 0, "velocity": 64}, {"time": 216, "pitches": [52, 55, 59], "duration": 0, "velocity": 64}, {"time": 312, "pitches": [45, 49, 52, 55], "duration": 0, "velocity": 64}, {"time": 408, "pitches": [50, 54, 57], "duration": 0, "velocity": 64}, {"time": 504, "pitches": [50, 54, 57], "duration": 0, "velocity": 64}, {"time": 600, "pitches": [55, 59, 62], "duration": 0, "velocity": 64}, {"time": 624, "pitches": [50, 54, 57], "duration": 0, "velocity": 64}, {"time": 648, "pitches": [45, 49, 52, 55], "duration": 0, "velocity": 64}, {"time": 672, "pitches": [50, 54, 57], "duration": 0, "velocity": 64}, {"time": 696, "pitches": [45, 49, 52, 55], "duration": 0, "velocity": 64}, {"time": 744, "pitches": [50, 54, 57], "duration": 0, "velocity": 64}, {"time": 792, "pitches": [50, 54, 57], "duration": 0, "velocity": 64}, {"time": 888, "pitches": [50, 54, 57], "duration": 0, "velocity": 64}, {"time": 984, "pitches": [52, 55, 59], "duration": 0, "velocity": 64}, {"time": 1080, "pitches": [45, 49, 52, 55], "duration": 0, "velocity": 64}, {"time": 1176, "pitches": [50, 54, 57], "duration": 0, "velocity": 64}, {"time": 1272, "pitches": [50, 54, 57], "duration": 0, "velocity": 64}, {"time": 1368, "pitches": [55, 59, 62], "duration": 0, "velocity": 64}, {"time": 1392, "pitches": [50, 54, 57], "duration": 0, "velocity": 64}, {"time": 1416, "pitches": [45, 49, 52, 55], "duration": 0, "velocity": 64}, {"time": 1440, "pitches": [50, 54, 57], "duration": 0, "velocity": 64}, {"time": 1464, "pitches": [45, 49, 52, 55], "duration": 0, "velocity": 64}, {"time": 1512, "pitches": [50, 54, 57], "duration": 0, "velocity": 64}]}]}