{"metadata": {"schema_version": "0.1", "title": "Phillibelula", "source_format": "abc"}, "resolution": 24, "tempos": [{"time": 0, "qpm": 120.0}], "key_signatures": [{"time": 0, "root": 2, "mode": "major", "fifths": 2}], "time_signatures": [{"time": 0, "numerator": 4, "denominator": 4}], "beats": [{"time": 0, "is_downbeat": true}, {"time": 24, "is_downbeat": true}, {"time": 48, "is_downbeat": false}, {"time": 72, "is_downbeat": false}, {"time": 96, "is_downbeat": false}, {"time": 120, "is_downbeat": true}, {"time": 144, "is_downbeat": false}, {"time": 168, "is_downbeat": false}, {"time": 192, "is_downbeat": false}, {"time": 216, "is_downbeat": true}, {"time": 240, "is_downbeat": false}, {"time": 264, "is_downbeat": false}, {"time": 288, "is_downbeat": false}, {"time": 312, "is_downbeat": true}, {"time": 336, "is_downbeat": false}, {"time": 360, "is_downbeat": false}, {"time": 384, "is_downbeat": true}, {"time": 408, "is_downbeat": true}, {"time": 432, "is_downbeat": false}, {"time": 456, "is_downbeat": false}, {"time": 480, "is_downbeat": false}, {"time": 504, "is_downbeat": true}, {"time": 528, "is_downbeat": false}, {"time": 552, "is_downbeat": false}, {"time": 576, "is_downbeat": false}, {"time": 600, "is_downbeat": true}, {"time": 624, "is_downbeat": false}, {"time": 648, "is_downbeat": false}, {"time": 672, "is_downbeat": false}, {"time": 696, "is_downbeat": true}, {"time": 720, "is_downbeat": false}, {"time": 744, "is_downbeat": false}, {"time": 768, "is_downbeat": false}, {"time": 792, "is_downbeat": true}, {"time": 816, "is_downbeat": false}, {"time": 840, "is_downbeat": false}, {"time": 864, "is_downbeat": false}, {"time": 888, "is_downbeat": true}, {"time": 912, "is_downbeat": false}, {"time": 936, "is_downbeat": false}, {"time": 960, "is_downbeat": false}, {"time": 984, "is_downbeat": true}, {"time": 1008, "is_downbeat": false}, {"time": 1032, "is_downbeat": false}, {"time": 1056, "is_downbeat": false}, {"time": 1080, "is_downbeat": true}, {"time": 1104, "is_downbeat": false}, {"time": 1128, "is_downbeat": false}, {"time": 1152, "is_downbeat": false}], "tracks": [{"program": 0, "is_drum": false, "notes": [{"time": 0, "pitch": 78, "duration": 12, "velocity": 64}, {"time": 12, "pitch": 76, "duration": 12, "velocity": 64}, {"time": 24, "pitch": 74, "duration": 12, "velocity": 64}, {"time": 36, "pitch": 73, "duration": 12, "velocity": 64}, {"time": 48, "pitch": 74, "duration": 12, "velocity": 64}, {"time": 60, "pitch": 71, "duration": 12, "velocity": 64}, {"time": 72, "pitch": 69, "duration": 24, "velocity": 64}, {"time": 96, "pitch": 67, "duration": 12, "velocity": 64}, {"time": 108, "pitch": 66, "duration": 12, "velocity": 64}, {"time": 120, "pitch": 64, "duration": 12, "velocity": 64}, {"time": 132, "pitch": 64, "duration": 12, "velocity": 64}, {"time": 144, "pitch": 66, "duration": 12, "velocity": 64}, {"time": 156, "pitch": 67, "duration": 12, "velocity": 64}, {"time": 168, "pitch": 69, "duration": 24, "velocity": 64}, {"time": 192, "pitch": 71, "duration": 12, "velocity": 64}, {"time": 204, "pitch": 73, "duration": 12, "velocity": 64}, {"time": 216, "pitch": 74, "duration": 12, "velocity": 64}, {"time": 228, "pitch": 71, "duration": 12, "velocity": 64}, {"time": 240, "pitch": 69, "duration": 12, "velocity": 64}, {"time": 252, "pitch": 69, "duration": 12, "velocity": 64}, {"time": 264, "pitch": 74, "duration": 12, "velocity": 64}, {"time": 276, "pitch": 74, "duration": 12, "velocity": 64}, {"time": 288, "pitch": 76, "duration": 12, "velocity": 64}, {"time": 300, "pitch": 73, "duration": 12, "velocity": 64}, {"time": 312, "pitch": 74, "duration": 24, "velocity": 64}, {"time": 336, "pitch": 78, "duration": 24, "velocity": 64}, {"time": 360, "pitch": 74, "duration": 24, "velocity": 64}, {"time": 384, "pitch": 74, "duration": 12, "velocity": 64}, {"time": 396, "pitch": 76, "duration": 12, "velocity": 64}, {"time": 408, "pitch": 78, "duration": 24, "velocity": 64}, {"time": 432, "pitch": 78, "duration": 24, "velocity": 64}, {"time": 456, "pitch": 78, "duration": 24, "velocity": 64}, {"time": 480, "pitch": 79, "duration": 12, "velocity": 64}, {"time": 492, "pitch": 78, "duration": 12, "velocity": 64}, {"time": 504, "pitch": 79, "duration": 12, "velocity": 64}, {"time": 516, "pitch": 78, "duration": 12, "velocity": 64}, {"time": 528, "pitch": 76, "duration": 24, "velocity": 64}, {"time": 552, "pitch": 76, "duration": 48, "velocity": 64}, {"time": 600, "pitch": 74, "duration": 24, "velocity": 64}, {"time": 624, "pitch": 74, "duration": 24, "velocity": 64}, {"time": 648, "pitch": 74, "duration": 24, "velocity": 64}, {"time": 672, "pitch": 76, "duration": 12, "velocity": 64}, {"time": 684, "pitch": 74, "duration": 12, "velocity": 64}, {"time": 696, "pitch": 73, "duration": 12, "velocity": 64}, {"time": 708, "pitch": 71, "duration": 12, "velocity": 64}, {"time": 720, "pitch": 69, "duration": 24, "velocity": 64}, {"time": 744, "pitch": 69, "duration": 24, "velocity": 64}, {"time": 768, "pitch": 71, "duration": 12, "velocity": 64}, {"time": 780, "pitch": 73, "duration": 12, "velocity": 64}, {"time": 792, "pitch": 74, "duration": 12, "velocity": 64}, {"time": 804, "pitch": 74, "duration": 12, "velocity": 64}, {"time": 816, "pitch": 73, "duration": 8, "velocity": 64}, {"time": 824, "pitch": 71, "duration": 8, "velocity": 64}, {"time": 832, "pitch": 69, "duration": 8, "velocity": 64}, {"time": 840, "pitch": 71, "duration": 12, "velocity": 64}, {"time": 852, "pitch": 73, "duration": 12, "velocity": 64}, {"time": 864, "pitch": 74, "duration": 12, "velocity": 64}, {"time": 876, "pitch": 69, "duration": 12, "velocity": 64}, {"time": 888, "pitch": 74, "duration": 8, "velocity": 64}, {"time": 896, "pitch": 76, "duration": 8, "velocity": 64}, {"time": 904, "pitch": 74, "duration": 8, "velocity": 64}, {"time": 912, "pitch": 73, "duration": 8, "velocity": 64}, {"time": 920, "pitch": 71, "duration": 8, "velocity": 64}, {"time": 928, "pitch": 69, "duration": 8, "velocity": 64}, {"time": 936, "pitch": 71, "duration": 12, "velocity": 64}, {"time": 948, "pitch": 73, "duration": 12, "velocity": 64}, {"time": 960, "pitch": 74, "duration": 12, "velocity": 64}, {"time": 972, "pitch": 78, "duration": 12, "velocity": 64}, {"time": 984, "pitch": 76, "duration": 24, "velocity": 64}, {"time": 1008, "pitch": 76, "duration": 8, "velocity": 64}, {"time": 1016, "pitch": 78, "duration": 8, "velocity": 64}, {"time": 1024, "pitch": 79, "duration": 8, "velocity": 64}, {"time": 1032, "pitch": 81, "duration": 24, "velocity": 64}, {"time": 1056, "pitch": 69, "duration": 8, "velocity": 64}, {"time": 1064, "pitch": 71, "duration": 8, "velocity": 64}, {"time": 1072, "pitch": 73, "duration": 8, "velocity": 64}, {"time": 1080, "pitch": 74, "duration": 24, "velocity": 64}, {"time": 1104, "pitch": 78, "duration": 24, "velocity": 64}, {"time": 1128, "pitch": 74, "duration": 24, "velocity": 64}], "chords": [{"time": 24, "pitches": [50, 54, 57], "duration": 0, "velocity": 64}, {"time": 120, "pitches": [55, 59, 62], "duration": 0, "velocity": 64}, {"time": 168, "pitches": [45, 49, 52, 55], "duration": 0, "velocity": 64}, {"time": 216, "pitches": [50, 54, 57], "duration": 0, "velocity": 64}, {"time": 264, "pitches": [45, 49, 52, 55], "duration": 0, "velocity": 64}, {"time": 312, "pitches": [50, 54, 57], "duration": 0, "velocity": 64}, {"time": 408, "pitches": [50, 54, 57], "duration": 0, "velocity": 64}, {"time": 456, "pitches": [47, 50, 54], "duration": 0, "velocity": 64}, {"time": 504, "pitches": [52, 55, 59], "duration": 0, "velocity": 64}, {"time": 552, "pitches": [45, 49, 52], "duration": 0, "velocity": 64}, {"time": 648, "pitches": [55, 44, 48, 50, 52], "duration": 0, "velocity": 64}, {"time": 696, "pitches": [45, 49, 52, 55], "duration": 0, "velocity": 64}, {"time": 720, "pitches": [55, 59, 62], "duration": 0, "velocity": 64}, {"time": 744, "pitches": [54, 58, 61], "duration": 0, "velocity": 64}, {"time": 768, "pitches": [52, 56, 59], "duration": 0, "velocity": 64}, {"time": 792, "pitches": [50, 54, 57], "duration": 0, "velocity": 64}, {"time": 840, "pitches": [55, 59, 62], "duration": 0, "velocity": 64}, {"time": 888, "pitches": [50, 54, 57], "duration": 0, "velocity": 64}, {"time": 936, "pitches": [55, 59, 62], "duration": 0, "velocity": 64}, {"time": 960, "pitches": [53, 54, 58, 62], "duration": 0, "velocity": 64}, {"time": 984, "pitches": [52, 55, 59], "duration": 0, "velocity": 64}, {"time": 1032, "pitches": [45, 49, 52, 55], "duration": 0, "velocity": 64}, {"time": 1080, "pitches": [50, 54, 57], "duration": 0, "velocity": 64}]}]}