{"metadata": {"schema_version": "0.1", "title": "Proudlocks's Variation", "source_format": "abc"}, "resolution": 24, "tempos": [{"time": 0, "qpm": 120.0}], "key_signatures": [{"time": 0, "root": 7, "mode": "major", "fifths": 1}], "time_signatures": [{"time": 0, "numerator": 4, "denominator": 4}], "beats": [{"time": 0, "is_downbeat": true}, {"time": 24, "is_downbeat": true}, {"time": 48, "is_downbeat": false}, {"time": 72, "is_downbeat": false}, {"time": 96, "is_downbeat": false}, {"time": 120, "is_downbeat": true}, {"time": 144, "is_downbeat": false}, {"time": 168, "is_downbeat": false}, {"time": 192, "is_downbeat": false}, {"time": 216, "is_downbeat": true}, {"time": 240, "is_downbeat": false}, {"time": 264, "is_downbeat": false}, {"time": 288, "is_downbeat": false}, {"time": 312, "is_downbeat": true}, {"time": 336, "is_downbeat": false}, {"time": 360, "is_downbeat": false}, {"time": 384, "is_downbeat": false}, {"time": 408, "is_downbeat": true}, {"time": 432, "is_downbeat": false}, {"time": 456, "is_downbeat": false}, {"time": 480, "is_downbeat": false}, {"time": 504, "is_downbeat": true}, {"time": 528, "is_downbeat": false}, {"time": 552, "is_downbeat": false}, {"time": 576, "is_downbeat": false}, {"time": 600, "is_downbeat": true}, {"time": 624, "is_downbeat": false}, {"time": 648, "is_downbeat": false}, {"time": 672, "is_downbeat": false}, {"time": 696, "is_downbeat": true}, {"time": 720, "is_downbeat": false}, {"time": 744, "is_downbeat": false}, {"time": 768, "is_downbeat": true}, {"time": 792, "is_downbeat": true}, {"time": 816, "is_downbeat": false}, {"time": 840, "is_downbeat": false}, {"time": 864, "is_downbeat": false}, {"time": 888, "is_downbeat": true}, {"time": 912, "is_downbeat": false}, {"time": 936, "is_downbeat": false}, {"time": 960, "is_downbeat": false}, {"time": 984, "is_downbeat": true}, {"time": 1008, "is_downbeat": false}, {"time": 1032, "is_downbeat": false}, {"time": 1056, "is_downbeat": false}, {"time": 1080, "is_downbeat": true}, {"time": 1104, "is_downbeat": false}, {"time": 1128, "is_downbeat": false}, {"time": 1152, "is_downbeat": false}, {"time": 1176, "is_downbeat": true}, {"time": 1200, "is_downbeat": false}, {"time": 1224, "is_downbeat": false}, {"time": 1248, "is_downbeat": false}, {"time": 1272, "is_downbeat": true}, {"time": 1296, "is_downbeat": false}, {"time": 1320, "is_downbeat": false}, {"time": 1344, "is_downbeat": false}, {"time": 1368, "is_downbeat": true}, {"time": 1392, "is_downbeat": false}, {"time": 1416, "is_downbeat": false}, {"time": 1440, "is_downbeat": false}, {"time": 1464, "is_downbeat": true}, {"time": 1488, "is_downbeat": false}, {"time": 1512, "is_downbeat": false}, {"time": 1536, "is_downbeat": true}, {"time": 1560, "is_downbeat": false}, {"time": 1584, "is_downbeat": false}, {"time": 1608, "is_downbeat": false}], "tracks": [{"program": 0, "is_drum": false, "notes": [{"time": 0, "pitch": 62, "duration": 24, "velocity": 64}, {"time": 24, "pitch": 67, "duration": 8, "velocity": 64}, {"time": 32, "pitch": 64, "duration": 8, "velocity": 64}, {"time": 40, "pitch": 62, "duration": 8, "velocity": 64}, {"time": 48, "pitch": 67, "duration": 8, "velocity": 64}, {"time": 56, "pitch": 69, "duration": 8, "velocity": 64}, {"time": 64, "pitch": 71, "duration": 8, "velocity": 64}, {"time": 72, "pitch": 69, "duration": 8, "velocity": 64}, {"time": 80, "pitch": 66, "duration": 8, "velocity": 64}, {"time": 88, "pitch": 62, "duration": 8, "velocity": 64}, {"time": 96, "pitch": 69, "duration": 8, "velocity": 64}, {"time": 104, "pitch": 71, "duration": 8, "velocity": 64}, {"time": 112, "pitch": 69, "duration": 8, "velocity": 64}, {"time": 120, "pitch": 67, "duration": 8, "velocity": 64}, {"time": 128, "pitch": 71, "duration": 8, "velocity": 64}, {"time": 136, "pitch": 74, "duration": 8, "velocity": 64}, {"time": 144, "pitch": 79, "duration": 8, "velocity": 64}, {"time": 152, "pitch": 78, "duration": 8, "velocity": 64}, {"time": 160, "pitch": 79, "duration": 8, "velocity": 64}, {"time": 168, "pitch": 81, "duration": 8, "velocity": 64}, {"time": 176, "pitch": 79, "duration": 8, "velocity": 64}, {"time": 184, "pitch": 78, "duration": 8, "velocity": 64}, {"time": 192, "pitch": 76, "duration": 8, "velocity": 64}, {"time": 200, "pitch": 74, "duration": 8, "velocity": 64}, {"time": 208, "pitch": 72, "duration": 8, "velocity": 64}, {"time": 216, "pitch": 71, "duration": 8, "velocity": 64}, {"time": 224, "pitch": 72, "duration": 8, "velocity": 64}, {"time": 232, "pitch": 74, "duration": 8, "velocity": 64}, {"time": 240, "pitch": 71, "duration": 8, "velocity": 64}, {"time": 248, "pitch": 69, "duration": 8, "velocity": 64}, {"time": 256, "pitch": 67, "duration": 8, "velocity": 64}, {"time": 264, "pitch": 69, "duration": 8, "velocity": 64}, {"time": 272, "pitch": 71, "duration": 8, "velocity": 64}, {"time": 280, "pitch": 72, "duration": 8, "velocity": 64}, {"time": 288, "pitch": 69, "duration": 8, "velocity": 64}, {"time": 296, "pitch": 67, "duration": 8, "velocity": 64}, {"time": 304, "pitch": 66, "duration": 8, "velocity": 64}, {"time": 312, "pitch": 67, "duration": 8, "velocity": 64}, {"time": 320, "pitch": 66, "duration": 8, "velocity": 64}, {"time": 328, "pitch": 67, "duration": 8, "velocity": 64}, {"time": 336, "pitch": 69, "duration": 8, "velocity": 64}, {"time": 344, "pitch": 67, "duration": 8, "velocity": 64}, {"time": 352, "pitch": 66, "duration": 8, "velocity": 64}, {"time": 360, "pitch": 67, "duration": 8, "velocity": 64}, {"time": 368, "pitch": 66, "duration": 8, "velocity": 64}, {"time": 376, "pitch": 64, "duration": 8, "velocity": 64}, {"time": 384, "pitch": 62, "duration": 8, "velocity": 64}, {"time": 392, "pitch": 64, "duration": 8, "velocity": 64}, {"time": 400, "pitch": 66, "duration": 8, "velocity": 64}, {"time": 408, "pitch": 67, "duration": 8, "velocity": 64}, {"time": 416, "pitch": 64, "duration": 8, "velocity": 64}, {"time": 424, "pitch": 62, "duration": 8, "velocity": 64}, {"time": 432, "pitch": 67, "duration": 8, "velocity": 64}, {"time": 440, "pitch": 69, "duration": 8, "velocity": 64}, {"time": 448, "pitch": 71, "duration": 8, "velocity": 64}, {"time": 456, "pitch": 69, "duration": 8, "velocity": 64}, {"time": 464, "pitch": 66, "duration": 8, "velocity": 64}, {"time": 472, "pitch": 62, "duration": 8, "velocity": 64}, {"time": 480, "pitch": 69, "duration": 8, "velocity": 64}, {"time": 488, "pitch": 71, "duration": 8, "velocity": 64}, {"time": 496, "pitch": 69, "duration": 8, "velocity": 64}, {"time": 504, "pitch": 67, "duration": 8, "velocity": 64}, {"time": 512, "pitch": 71, "duration": 8, "velocity": 64}, {"time": 520, "pitch": 74, "duration": 8, "velocity": 64}, {"time": 528, "pitch": 79, "duration": 8, "velocity": 64}, {"time": 536, "pitch": 78, "duration": 8, "velocity": 64}, {"time": 544, "pitch": 79, "duration": 8, "velocity": 64}, {"time": 552, "pitch": 81, "duration": 8, "velocity": 64}, {"time": 560, "pitch": 79, "duration": 8, "velocity": 64}, {"time": 568, "pitch": 78, "duration": 8, "velocity": 64}, {"time": 576, "pitch": 76, "duration": 8, "velocity": 64}, {"time": 584, "pitch": 74, "duration": 8, "velocity": 64}, {"time": 592, "pitch": 72, "duration": 8, "velocity": 64}, {"time": 600, "pitch": 71, "duration": 8, "velocity": 64}, {"time": 608, "pitch": 72, "duration": 8, "velocity": 64}, {"time": 616, "pitch": 74, "duration": 8, "velocity": 64}, {"time": 624, "pitch": 71, "duration": 8, "velocity": 64}, {"time": 632, "pitch": 69, "duration": 8, "velocity": 64}, {"time": 640, "pitch": 67, "duration": 8, "velocity": 64}, {"time": 648, "pitch": 69, "duration": 8, "velocity": 64}, {"time": 656, "pitch": 71, "duration": 8, "velocity": 64}, {"time": 664, "pitch": 72, "duration": 8, "velocity": 64}, {"time": 672, "pitch": 69, "duration": 8, "velocity": 64}, {"time": 680, "pitch": 67, "duration": 8, "velocity": 64}, {"time": 688, "pitch": 66, "duration": 8, "velocity": 64}, {"time": 696, "pitch": 67, "duration": 8, "velocity": 64}, {"time": 704, "pitch": 66, "duration": 8, "velocity": 64}, {"time": 712, "pitch": 64, "duration": 8, "velocity": 64}, {"time": 720, "pitch": 62, "duration": 8, "velocity": 64}, {"time": 728, "pitch": 64, "duration": 8, "velocity": 64}, {"time": 736, "pitch": 66, "duration": 8, "velocity": 64}, {"time": 744, "pitch": 67, "duration": 8, "velocity": 64}, {"time": 752, "pitch": 62, "duration": 8, "velocity": 64}, {"time": 760, "pitch": 71, "duration": 8, "velocity": 64}, {"time": 768, "pitch": 71, "duration": 12, "velocity": 64}, {"time": 780, "pitch": 72, "duration": 12, "velocity": 64}, {"time": 792, "pitch": 74, "duration": 8, "velocity": 64}, {"time": 800, "pitch": 73, "duration": 8, "velocity": 64}, {"time": 808, "pitch": 74, "duration": 8, "velocity": 64}, {"time": 816, "pitch": 76, "duration": 8, "velocity": 64}, {"time": 824, "pitch": 74, "duration": 8, "velocity": 64}, {"time": 832, "pitch": 72, "duration": 8, "velocity": 64}, {"time": 840, "pitch": 71, "duration": 8, "velocity": 64}, {"time": 848, "pitch": 72, "duration": 8, "velocity": 64}, {"time": 856, "pitch": 74, "duration": 8, "velocity": 64}, {"time": 864, "pitch": 67, "duration": 8, "velocity": 64}, {"time": 872, "pitch": 69, "duration": 8, "velocity": 64}, {"time": 880, "pitch": 71, "duration": 8, "velocity": 64}, {"time": 888, "pitch": 72, "duration": 8, "velocity": 64}, {"time": 896, "pitch": 71, "duration": 8, "velocity": 64}, {"time": 904, "pitch": 72, "duration": 8, "velocity": 64}, {"time": 912, "pitch": 74, "duration": 8, "velocity": 64}, {"time": 920, "pitch": 72, "duration": 8, "velocity": 64}, {"time": 928, "pitch": 71, "duration": 8, "velocity": 64}, {"time": 936, "pitch": 69, "duration": 8, "velocity": 64}, {"time": 944, "pitch": 67, "duration": 8, "velocity": 64}, {"time": 952, "pitch": 66, "duration": 8, "velocity": 64}, {"time": 960, "pitch": 62, "duration": 8, "velocity": 64}, {"time": 968, "pitch": 71, "duration": 8, "velocity": 64}, {"time": 976, "pitch": 72, "duration": 8, "velocity": 64}, {"time": 984, "pitch": 74, "duration": 8, "velocity": 64}, {"time": 992, "pitch": 73, "duration": 8, "velocity": 64}, {"time": 1000, "pitch": 74, "duration": 8, "velocity": 64}, {"time": 1008, "pitch": 76, "duration": 8, "velocity": 64}, {"time": 1016, "pitch": 74, "duration": 8, "velocity": 64}, {"time": 1024, "pitch": 72, "duration": 8, "velocity": 64}, {"time": 1032, "pitch": 71, "duration": 8, "velocity": 64}, {"time": 1040, "pitch": 72, "duration": 8, "velocity": 64}, {"time": 1048, "pitch": 74, "duration": 8, "velocity": 64}, {"time": 1056, "pitch": 67, "duration": 8, "velocity": 64}, {"time": 1064, "pitch": 69, "duration": 8, "velocity": 64}, {"time": 1072, "pitch": 71, "duration": 8, "velocity": 64}, {"time": 1080, "pitch": 69, "duration": 8, "velocity": 64}, {"time": 1088, "pitch": 73, "duration": 8, "velocity": 64}, {"time": 1096, "pitch": 76, "duration": 8, "velocity": 64}, {"time": 1104, "pitch": 81, "duration": 8, "velocity": 64}, {"time": 1112, "pitch": 80, "duration": 8, "velocity": 64}, {"time": 1120, "pitch": 79, "duration": 8, "velocity": 64}, {"time": 1128, "pitch": 78, "duration": 8, "velocity": 64}, {"time": 1136, "pitch": 76, "duration": 8, "velocity": 64}, {"time": 1144, "pitch": 74, "duration": 8, "velocity": 64}, {"time": 1152, "pitch": 72, "duration": 8, "velocity": 64}, {"time": 1160, "pitch": 71, "duration": 8, "velocity": 64}, {"time": 1168, "pitch": 69, "duration": 8, "velocity": 64}, {"time": 1176, "pitch": 67, "duration": 8, "velocity": 64}, {"time": 1184, "pitch": 64, "duration": 8, "velocity": 64}, {"time": 1192, "pitch": 62, "duration": 8, "velocity": 64}, {"time": 1200, "pitch": 67, "duration": 8, "velocity": 64}, {"time": 1208, "pitch": 69, "duration": 8, "velocity": 64}, {"time": 1216, "pitch": 71, "duration": 8, "velocity": 64}, {"time": 1224, "pitch": 69, "duration": 8, "velocity": 64}, {"time": 1232, "pitch": 66, "duration": 8, "velocity": 64}, {"time": 1240, "pitch": 62, "duration": 8, "velocity": 64}, {"time": 1248, "pitch": 69, "duration": 8, "velocity": 64}, {"time": 1256, "pitch": 71, "duration": 8, "velocity": 64}, {"time": 1264, "pitch": 69, "duration": 8, "velocity": 64}, {"time": 1272, "pitch": 67, "duration": 8, "velocity": 64}, {"time": 1280, "pitch": 71, "duration": 8, "velocity": 64}, {"time": 1288, "pitch": 74, "duration": 8, "velocity": 64}, {"time": 1296, "pitch": 79, "duration": 8, "velocity": 64}, {"time": 1304, "pitch": 78, "duration": 8, "velocity": 64}, {"time": 1312, "pitch": 79, "duration": 8, "velocity": 64}, {"time": 1320, "pitch": 81, "duration": 8, "velocity": 64}, {"time": 1328, "pitch": 79, "duration": 8, "velocity": 64}, {"time": 1336, "pitch": 78, "duration": 8, "velocity": 64}, {"time": 1344, "pitch": 76, "duration": 8, "velocity": 64}, {"time": 1352, "pitch": 74, "duration": 8, "velocity": 64}, {"time": 1360, "pitch": 72, "duration": 8, "velocity": 64}, {"time": 1368, "pitch": 71, "duration": 8, "velocity": 64}, {"time": 1376, "pitch": 72, "duration": 8, "velocity": 64}, {"time": 1384, "pitch": 74, "duration": 8, "velocity": 64}, {"time": 1392, "pitch": 71, "duration": 8, "velocity": 64}, {"time": 1400, "pitch": 69, "duration": 8, "velocity": 64}, {"time": 1408, "pitch": 67, "duration": 8, "velocity": 64}, {"time": 1416, "pitch": 69, "duration": 8, "velocity": 64}, {"time": 1424, "pitch": 71, "duration": 8, "velocity": 64}, {"time": 1432, "pitch": 72, "duration": 8, "velocity": 64}, {"time": 1440, "pitch": 69, "duration": 8, "velocity": 64}, {"time": 1448, "pitch": 67, "duration": 8, "velocity": 64}, {"time": 1456, "pitch": 66, "duration": 8, "velocity": 64}, {"time": 1464, "pitch": 67, "duration": 8, "velocity": 64}, {"time": 1472, "pitch": 66, "duration": 8, "velocity": 64}, {"time": 1480, "pitch": 64, "duration": 8, "velocity": 64}, {"time": 1488, "pitch": 62, "duration": 8, "velocity": 64}, {"time": 1496, "pitch": 64, "duration": 8, "velocity": 64}, {"time": 1504, "pitch": 66, "duration": 8, "velocity": 64}, {"time": 1512, "pitch": 67, "duration": 8, "velocity": 64}, {"time": 1520, "pitch": 62, "duration": 8, "velocity": 64}, {"time": 1528, "pitch": 71, "duration": 8, "velocity": 64}, {"time": 1536, "pitch": 67, "duration": 24, "velocity": 64}], "chords": [{"time": 24, "pitches": [55, 59, 62], "duration": 0, "velocity": 64}, {"time": 72, "pitches": [50, 54, 57, 60], "duration": 0, "velocity": 64}, {"time": 120, "pitches": [55, 59, 62], "duration": 0, "velocity": 64}, {"time": 168, "pitches": [48, 52, 55], "duration": 0, "velocity": 64}, {"time": 216, "pitches": [55, 59, 62], "duration": 0, "velocity": 64}, {"time": 264, "pitches": [50, 54, 57, 60], "duration": 0, "velocity": 64}, {"time": 312, "pitches": [55, 59, 62], "duration": 0, "velocity": 64}, {"time": 360, "pitches": [50, 54, 57, 60], "duration": 0, "velocity": 64}, {"time": 408, "pitches": [55, 59, 62], "duration": 0, "velocity": 64}, {"time": 456, "pitches": [50, 54, 57, 60], "duration": 0, "velocity": 64}, {"time": 504, "pitches": [55, 59, 62], "duration": 0, "velocity": 64}, {"time": 552, "pitches": [48, 52, 55], "duration": 0, "velocity": 64}, {"time": 600, "pitches": [55, 59, 62], "duration": 0, "velocity": 64}, {"time": 648, "pitches": [50, 54, 57, 60], "duration": 0, "velocity": 64}, {"time": 696, "pitches": [55, 59, 62], "duration": 0, "velocity": 64}, {"time": 792, "pitches": [55, 59, 62], "duration": 0, "velocity": 64}, {"time": 840, "pitches": [52, 55, 59], "duration": 0, "velocity": 64}, {"time": 888, "pitches": [45, 48, 52], "duration": 0, "velocity": 64}, {"time": 936, "pitches": [50, 54, 57, 60], "duration": 0, "velocity": 64}, {"time": 984, "pitches": [55, 59, 62], "duration": 0, "velocity": 64}, {"time": 1032, "pitches": [52, 55, 59], "duration": 0, "velocity": 64}, {"time": 1080, "pitches": [45, 49, 52, 55], "duration": 0, "velocity": 64}, {"time": 1128, "pitches": [50, 54, 57, 60], "duration": 0, "velocity": 64}, {"time": 1176, "pitches": [55, 59, 62], "duration": 0, "velocity": 64}, {"time": 1224, "pitches": [50, 54, 57, 60], "duration": 0, "velocity": 64}, {"time": 1272, "pitches": [55, 59, 62], "duration": 0, "velocity": 64}, {"time": 1320, "pitches": [48, 52, 55], "duration": 0, "velocity": 64}, {"time": 1368, "pitches": [55, 59, 62], "duration": 0, "velocity": 64}, {"time": 1416, "pitches": [50, 54, 57, 60], "duration": 0, "velocity": 64}, {"time": 1464, "pitches": [55, 59, 62], "duration": 0, "velocity": 64}]}]}