{"metadata": {"schema_version": "0.1", "title": "Croen y Ddeted Felan", "source_format": "abc"}, "resolution": 24, "tempos": [{"time": 0, "qpm": 120.0}], "key_signatures": [{"time": 0, "root": 7, "mode": "major", "fifths": 1}], "time_signatures": [{"time": 0, "numerator": 4, "denominator": 4}], "beats": [{"time": 0, "is_downbeat": true}, {"time": 24, "is_downbeat": false}, {"time": 48, "is_downbeat": false}, {"time": 72, "is_downbeat": false}, {"time": 96, "is_downbeat": true}, {"time": 120, "is_downbeat": false}, {"time": 144, "is_downbeat": false}, {"time": 168, "is_downbeat": false}, {"time": 192, "is_downbeat": true}, {"time": 216, "is_downbeat": false}, {"time": 240, "is_downbeat": false}, {"time": 264, "is_downbeat": false}, {"time": 288, "is_downbeat": true}, {"time": 312, "is_downbeat": false}, {"time": 336, "is_downbeat": false}, {"time": 360, "is_downbeat": false}, {"time": 384, "is_downbeat": true}, {"time": 408, "is_downbeat": false}, {"time": 432, "is_downbeat": false}, {"time": 456, "is_downbeat": false}, {"time": 480, "is_downbeat": true}, {"time": 504, "is_downbeat": false}, {"time": 528, "is_downbeat": false}, {"time": 552, "is_downbeat": false}, {"time": 576, "is_downbeat": true}, {"time": 600, "is_downbeat": false}, {"time": 624, "is_downbeat": false}, {"time": 648, "is_downbeat": false}, {"time": 672, "is_downbeat": true}, {"time": 696, "is_downbeat": false}, {"time": 720, "is_downbeat": false}, {"time": 744, "is_downbeat": false}, {"time": 768, "is_downbeat": true}, {"time": 792, "is_downbeat": false}, {"time": 816, "is_downbeat": false}, {"time": 840, "is_downbeat": false}, {"time": 864, "is_downbeat": true}, {"time": 888, "is_downbeat": false}, {"time": 912, "is_downbeat": false}, {"time": 936, "is_downbeat": false}, {"time": 960, "is_downbeat": true}, {"time": 984, "is_downbeat": false}, {"time": 1008, "is_downbeat": false}, {"time": 1032, "is_downbeat": false}, {"time": 1056, "is_downbeat": true}, {"time": 1080, "is_downbeat": false}, {"time": 1104, "is_downbeat": false}, {"time": 1128, "is_downbeat": false}, {"time": 1152, "is_downbeat": true}, {"time": 1176, "is_downbeat": false}, {"time": 1200, "is_downbeat": false}, {"time": 1224, "is_downbeat": false}, {"time": 1248, "is_downbeat": true}, {"time": 1272, "is_downbeat": false}, {"time": 1296, "is_downbeat": false}, {"time": 1320, "is_downbeat": false}, {"time": 1344, "is_downbeat": true}, {"time": 1368, "is_downbeat": false}, {"time": 1392, "is_downbeat": false}, {"time": 1416, "is_downbeat": false}, {"time": 1440, "is_downbeat": true}, {"time": 1464, "is_downbeat": false}, {"time": 1488, "is_downbeat": false}, {"time": 1512, "is_downbeat": false}], "tracks": [{"program": 0, "is_drum": false, "notes": [{"time": 0, "pitch": 67, "duration": 12, "velocity": 64}, {"time": 12, "pitch": 69, "duration": 12, "velocity": 64}, {"time": 24, "pitch": 71, "duration": 12, "velocity": 64}, {"time": 36, "pitch": 72, "duration": 12, "velocity": 64}, {"time": 48, "pitch": 74, "duration": 24, "velocity": 64}, {"time": 72, "pitch": 74, "duration": 24, "velocity": 64}, {"time": 96, "pitch": 72, "duration": 12, "velocity": 64}, {"time": 108, "pitch": 71, "duration": 12, "velocity": 64}, {"time": 120, "pitch": 72, "duration": 12, "velocity": 64}, {"time": 132, "pitch": 69, "duration": 12, "velocity": 64}, {"time": 144, "pitch": 74, "duration": 24, "velocity": 64}, {"time": 168, "pitch": 74, "duration": 24, "velocity": 64}, {"time": 192, "pitch": 72, "duration": 12, "velocity": 64}, {"time": 204, "pitch": 71, "duration": 12, "velocity": 64}, {"time": 216, "pitch": 69, "duration": 12, "velocity": 64}, {"time": 228, "pitch": 69, "duration": 12, "velocity": 64}, {"time": 240, "pitch": 71, "duration": 12, "velocity": 64}, {"time": 252, "pitch": 69, "duration": 12, "velocity": 64}, {"time": 264, "pitch": 67, "duration": 12, "velocity": 64}, {"time": 276, "pitch": 67, "duration": 12, "velocity": 64}, {"time": 288, "pitch": 69, "duration": 12, "velocity": 64}, {"time": 300, "pitch": 67, "duration": 12, "velocity": 64}, {"time": 312, "pitch": 66, "duration": 12, "velocity": 64}, {"time": 324, "pitch": 67, "duration": 12, "velocity": 64}, {"time": 336, "pitch": 69, "duration": 24, "velocity": 64}, {"time": 360, "pitch": 74, "duration": 24, "velocity": 64}, {"time": 384, "pitch": 67, "duration": 12, "velocity": 64}, {"time": 396, "pitch": 69, "duration": 12, "velocity": 64}, {"time": 408, "pitch": 71, "duration": 12, "velocity": 64}, {"time": 420, "pitch": 72, "duration": 12, "velocity": 64}, {"time": 432, "pitch": 74, "duration": 24, "velocity": 64}, {"time": 456, "pitch": 74, "duration": 24, "velocity": 64}, {"time": 480, "pitch": 72, "duration": 12, "velocity": 64}, {"time": 492, "pitch": 71, "duration": 12, "velocity": 64}, {"time": 504, "pitch": 72, "duration": 12, "velocity": 64}, {"time": 516, "pitch": 69, "duration": 12, "velocity": 64}, {"time": 528, "pitch": 74, "duration": 24, "velocity": 64}, {"time": 552, "pitch": 74, "duration": 24, "velocity": 64}, {"time": 576, "pitch": 72, "duration": 12, "velocity": 64}, {"time": 588, "pitch": 71, "duration": 12, "velocity": 64}, {"time": 600, "pitch": 69, "duration": 12, "velocity": 64}, {"time": 612, "pitch": 69, "duration": 12, "velocity": 64}, {"time": 624, "pitch": 71, "duration": 12, "velocity": 64}, {"time": 636, "pitch": 69, "duration": 12, "velocity": 64}, {"time": 648, "pitch": 67, "duration": 12, "velocity": 64}, {"time": 660, "pitch": 67, "duration": 12, "velocity": 64}, {"time": 672, "pitch": 69, "duration": 12, "velocity": 64}, {"time": 684, "pitch": 69, "duration": 12, "velocity": 64}, {"time": 696, "pitch": 74, "duration": 12, "velocity": 64}, {"time": 708, "pitch": 74, "duration": 12, "velocity": 64}, {"time": 720, "pitch": 67, "duration": 24, "velocity": 64}, {"time": 744, "pitch": 67, "duration": 24, "velocity": 64}, {"time": 768, "pitch": 79, "duration": 12, "velocity": 64}, {"time": 780, "pitch": 78, "duration": 12, "velocity": 64}, {"time": 792, "pitch": 76, "duration": 12, "velocity": 64}, {"time": 804, "pitch": 79, "duration": 12, "velocity": 64}, {"time": 816, "pitch": 78, "duration": 24, "velocity": 64}, {"time": 840, "pitch": 78, "duration": 24, "velocity": 64}, {"time": 864, "pitch": 72, "duration": 12, "velocity": 64}, {"time": 876, "pitch": 71, "duration": 12, "velocity": 64}, {"time": 888, "pitch": 72, "duration": 12, "velocity": 64}, {"time": 900, "pitch": 69, "duration": 12, "velocity": 64}, {"time": 912, "pitch": 74, "duration": 48, "velocity": 64}, {"time": 960, "pitch": 76, "duration": 12, "velocity": 64}, {"time": 972, "pitch": 74, "duration": 12, "velocity": 64}, {"time": 984, "pitch": 72, "duration": 12, "velocity": 64}, {"time": 996, "pitch": 76, "duration": 12, "velocity": 64}, {"time": 1008, "pitch": 74, "duration": 24, "velocity": 64}, {"time": 1032, "pitch": 71, "duration": 24, "velocity": 64}, {"time": 1056, "pitch": 67, "duration": 12, "velocity": 64}, {"time": 1068, "pitch": 69, "duration": 12, "velocity": 64}, {"time": 1080, "pitch": 71, "duration": 12, "velocity": 64}, {"time": 1092, "pitch": 67, "duration": 12, "velocity": 64}, {"time": 1104, "pitch": 69, "duration": 48, "velocity": 64}, {"time": 1152, "pitch": 79, "duration": 12, "velocity": 64}, {"time": 1164, "pitch": 78, "duration": 12, "velocity": 64}, {"time": 1176, "pitch": 76, "duration": 12, "velocity": 64}, {"time": 1188, "pitch": 79, "duration": 12, "velocity": 64}, {"time": 1200, "pitch": 78, "duration": 24, "velocity": 64}, {"time": 1224, "pitch": 78, "duration": 24, "velocity": 64}, {"time": 1248, "pitch": 76, "duration": 12, "velocity": 64}, {"time": 1260, "pitch": 74, "duration": 12, "velocity": 64}, {"time": 1272, "pitch": 72, "duration": 12, "velocity": 64}, {"time": 1284, "pitch": 76, "duration": 12, "velocity": 64}, {"time": 1296, "pitch": 74, "duration": 48, "velocity": 64}, {"time": 1344, "pitch": 72, "duration": 12, "velocity": 64}, {"time": 1356, "pitch": 71, "duration": 12, "velocity": 64}, {"time": 1368, "pitch": 69, "duration": 12, "velocity": 64}, {"time": 1380, "pitch": 72, "duration": 12, "velocity": 64}, {"time": 1392, "pitch": 71, "duration": 12, "velocity": 64}, {"time": 1404, "pitch": 69, "duration": 12, "velocity": 64}, {"time": 1416, "pitch": 67, "duration": 12, "velocity": 64}, {"time": 1428, "pitch": 71, "duration": 12, "velocity": 64}, {"time": 1440, "pitch": 69, "duration": 24, "velocity": 64}, {"time": 1464, "pitch": 66, "duration": 24, "velocity": 64}, {"time": 1488, "pitch": 67, "duration": 48, "velocity": 64}], "chords": [{"time": 0, "pitches": [55, 59, 62], "duration": 0, "velocity": 64}, {"time": 96, "pitches": [48, 52, 55], "duration": 0, "velocity": 64}, {"time": 144, "pitches": [50, 54, 57], "duration": 0, "velocity": 64}, {"time": 192, "pitches": [48, 52, 55], "duration": 0, "velocity": 64}, {"time": 240, "pitches": [55, 59, 62], "duration": 0, "velocity": 64}, {"time": 288, "pitches": [45, 48, 52], "duration": 0, "velocity": 64}, {"time": 336, "pitches": [50, 54, 57], "duration": 0, "velocity": 64}, {"time": 384, "pitches": [55, 59, 62], "duration": 0, "velocity": 64}, {"time": 480, "pitches": [48, 52, 55], "duration": 0, "velocity": 64}, {"time": 528, "pitches": [50, 54, 57], "duration": 0, "velocity": 64}, {"time": 576, "pitches": [48, 52, 55], "duration": 0, "velocity": 64}, {"time": 624, "pitches": [55, 59, 62], "duration": 0, "velocity": 64}, {"time": 672, "pitches": [50, 54, 57], "duration": 0, "velocity": 64}, {"time": 720, "pitches": [55, 59, 62], "duration": 0, "velocity": 64}, {"time": 768, "pitches": [52, 55, 59], "duration": 0, "velocity": 64}, {"time": 816, "pitches": [50, 54, 57], "duration": 0, "velocity": 64}, {"time": 864, "pitches": [48, 52, 55], "duration": 0, "velocity": 64}, {"time": 912, "pitches": [50, 54, 57], "duration": 0, "velocity": 64}, {"time": 960, "pitches": [48, 52, 55], "duration": 0, "velocity": 64}, {"time": 1008, "pitches": [55, 59, 62], "duration": 0, "velocity": 64}, {"time": 1056, "pitches": [52, 55, 59], "duration": 0, "velocity": 64}, {"time": 1104, "pitches": [50, 54, 57], "duration": 0, "velocity": 64}, {"time": 1152, "pitches": [52, 55, 59], "duration": 0, "velocity": 64}, {"time": 1200, "pitches": [50, 54, 57], "duration": 0, "velocity": 64}, {"time": 1248, "pitches": [48, 52, 55], "duration": 0, "velocity": 64}, {"time": 1296, "pitches": [55, 59, 62], "duration": 0, "velocity": 64}, {"time": 1344, "pitches": [48, 52, 55], "duration": 0, "velocity": 64}, {"time": 1392, "pitches": [55, 59, 62], "duration": 0, "velocity": 64}, {"time": 1440, "pitches": [50, 54, 57], "duration": 0, "velocity": 64}, {"time": 1488, "pitches": [55, 59, 62], "duration": 0, "velocity": 64}]}]}