{"metadata": {"schema_version": "0.1", "title": "Drummond Castle", "source_format": "abc"}, "resolution": 24, "tempos": [{"time": 0, "qpm": 120.0}], "key_signatures": [{"time": 0, "root": 9, "mode": "minor", "fifths": 0}], "time_signatures": [{"time": 0, "numerator": 6, "denominator": 8}], "beats": [{"time": 0, "is_downbeat": true}, {"time": 12, "is_downbeat": true}, {"time": 24, "is_downbeat": false}, {"time": 36, "is_downbeat": false}, {"time": 48, "is_downbeat": false}, {"time": 60, "is_downbeat": false}, {"time": 72, "is_downbeat": false}, {"time": 84, "is_downbeat": true}, {"time": 96, "is_downbeat": false}, {"time": 108, "is_downbeat": false}, {"time": 120, "is_downbeat": false}, {"time": 132, "is_downbeat": false}, {"time": 144, "is_downbeat": false}, {"time": 156, "is_downbeat": true}, {"time": 168, "is_downbeat": false}, {"time": 180, "is_downbeat": false}, {"time": 192, "is_downbeat": false}, {"time": 204, "is_downbeat": false}, {"time": 216, "is_downbeat": false}, {"time": 228, "is_downbeat": true}, {"time": 240, "is_downbeat": false}, {"time": 252, "is_downbeat": false}, {"time": 264, "is_downbeat": false}, {"time": 276, "is_downbeat": false}, {"time": 288, "is_downbeat": false}, {"time": 300, "is_downbeat": true}, {"time": 312, "is_downbeat": false}, {"time": 324, "is_downbeat": false}, {"time": 336, "is_downbeat": false}, {"time": 348, "is_downbeat": false}, {"time": 360, "is_downbeat": false}, {"time": 372, "is_downbeat": true}, {"time": 384, "is_downbeat": false}, {"time": 396, "is_downbeat": false}, {"time": 408, "is_downbeat": false}, {"time": 420, "is_downbeat": false}, {"time": 432, "is_downbeat": false}, {"time": 444, "is_downbeat": true}, {"time": 456, "is_downbeat": false}, {"time": 468, "is_downbeat": false}, {"time": 480, "is_downbeat": false}, {"time": 492, "is_downbeat": false}, {"time": 504, "is_downbeat": false}, {"time": 516, "is_downbeat": true}, {"time": 528, "is_downbeat": false}, {"time": 540, "is_downbeat": false}, {"time": 552, "is_downbeat": false}, {"time": 564, "is_downbeat": false}, {"time": 576, "is_downbeat": true}, {"time": 588, "is_downbeat": true}, {"time": 600, "is_downbeat": false}, {"time": 612, "is_downbeat": false}, {"time": 624, "is_downbeat": false}, {"time": 636, "is_downbeat": false}, {"time": 648, "is_downbeat": false}, {"time": 660, "is_downbeat": true}, {"time": 672, "is_downbeat": false}, {"time": 684, "is_downbeat": false}, {"time": 696, "is_downbeat": false}, {"time": 708, "is_downbeat": false}, {"time": 720, "is_downbeat": false}, {"time": 732, "is_downbeat": true}, {"time": 744, "is_downbeat": false}, {"time": 756, "is_downbeat": false}, {"time": 768, "is_downbeat": false}, {"time": 780, "is_downbeat": false}, {"time": 792, "is_downbeat": false}, {"time": 804, "is_downbeat": true}, {"time": 816, "is_downbeat": false}, {"time": 828, "is_downbeat": false}, {"time": 840, "is_downbeat": false}, {"time": 852, "is_downbeat": false}, {"time": 864, "is_downbeat": false}, {"time": 876, "is_downbeat": true}, {"time": 888, "is_downbeat": false}, {"time": 900, "is_downbeat": false}, {"time": 912, "is_downbeat": false}, {"time": 924, "is_downbeat": false}, {"time": 936, "is_downbeat": false}, {"time": 948, "is_downbeat": true}, {"time": 960, "is_downbeat": false}, {"time": 972, "is_downbeat": false}, {"time": 984, "is_downbeat": false}, {"time": 996, "is_downbeat": false}, {"time": 1008, "is_downbeat": false}, {"time": 1020, "is_downbeat": true}, {"time": 1032, "is_downbeat": false}, {"time": 1044, "is_downbeat": false}, {"time": 1056, "is_downbeat": false}, {"time": 1068, "is_downbeat": false}, {"time": 1080, "is_downbeat": false}, {"time": 1092, "is_downbeat": true}, {"time": 1104, "is_downbeat": false}, {"time": 1116, "is_downbeat": false}, {"time": 1128, "is_downbeat": false}, {"time": 1140, "is_downbeat": false}, {"time": 1152, "is_downbeat": false}], "tracks": [{"program": 0, "is_drum": false, "notes": [{"time": 0, "pitch": 76, "duration": 12, "velocity": 64}, {"time": 12, "pitch": 69, "duration": 12, "velocity": 64}, {"time": 24, "pitch": 71, "duration": 12, "velocity": 64}, {"time": 36, "pitch": 69, "duration": 12, "velocity": 64}, {"time": 48, "pitch": 81, "duration": 36, "velocity": 64}, {"time": 84, "pitch": 81, "duration": 12, "velocity": 64}, {"time": 96, "pitch": 79, "duration": 12, "velocity": 64}, {"time": 108, "pitch": 76, "duration": 12, "velocity": 64}, {"time": 120, "pitch": 79, "duration": 36, "velocity": 64}, {"time": 156, "pitch": 72, "duration": 24, "velocity": 64}, {"time": 180, "pitch": 72, "duration": 12, "velocity": 64}, {"time": 192, "pitch": 76, "duration": 12, "velocity": 64}, {"time": 204, "pitch": 74, "duration": 12, "velocity": 64}, {"time": 216, "pitch": 72, "duration": 12, "velocity": 64}, {"time": 228, "pitch": 71, "duration": 12, "velocity": 64}, {"time": 240, "pitch": 74, "duration": 12, "velocity": 64}, {"time": 252, "pitch": 79, "duration": 12, "velocity": 64}, {"time": 264, "pitch": 74, "duration": 12, "velocity": 64}, {"time": 276, "pitch": 71, "duration": 12, "velocity": 64}, {"time": 288, "pitch": 67, "duration": 12, "velocity": 64}, {"time": 300, "pitch": 69, "duration": 12, "velocity": 64}, {"time": 312, "pitch": 71, "duration": 12, "velocity": 64}, {"time": 324, "pitch": 69, "duration": 12, "velocity": 64}, {"time": 336, "pitch": 81, "duration": 36, "velocity": 64}, {"time": 372, "pitch": 81, "duration": 12, "velocity": 64}, {"time": 384, "pitch": 79, "duration": 12, "velocity": 64}, {"time": 396, "pitch": 76, "duration": 12, "velocity": 64}, {"time": 408, "pitch": 79, "duration": 36, "velocity": 64}, {"time": 444, "pitch": 76, "duration": 6, "velocity": 64}, {"time": 450, "pitch": 79, "duration": 18, "velocity": 64}, {"time": 468, "pitch": 76, "duration": 12, "velocity": 64}, {"time": 480, "pitch": 74, "duration": 12, "velocity": 64}, {"time": 492, "pitch": 76, "duration": 12, "velocity": 64}, {"time": 504, "pitch": 79, "duration": 12, "velocity": 64}, {"time": 516, "pitch": 76, "duration": 12, "velocity": 64}, {"time": 528, "pitch": 74, "duration": 12, "velocity": 64}, {"time": 540, "pitch": 71, "duration": 12, "velocity": 64}, {"time": 552, "pitch": 69, "duration": 24, "velocity": 64}, {"time": 576, "pitch": 71, "duration": 12, "velocity": 64}, {"time": 588, "pitch": 72, "duration": 24, "velocity": 64}, {"time": 612, "pitch": 72, "duration": 12, "velocity": 64}, {"time": 624, "pitch": 72, "duration": 12, "velocity": 64}, {"time": 636, "pitch": 74, "duration": 12, "velocity": 64}, {"time": 648, "pitch": 76, "duration": 12, "velocity": 64}, {"time": 660, "pitch": 74, "duration": 24, "velocity": 64}, {"time": 684, "pitch": 74, "duration": 12, "velocity": 64}, {"time": 696, "pitch": 74, "duration": 12, "velocity": 64}, {"time": 708, "pitch": 76, "duration": 12, "velocity": 64}, {"time": 720, "pitch": 74, "duration": 12, "velocity": 64}, {"time": 732, "pitch": 72, "duration": 24, "velocity": 64}, {"time": 756, "pitch": 72, "duration": 12, "velocity": 64}, {"time": 768, "pitch": 76, "duration": 12, "velocity": 64}, {"time": 780, "pitch": 74, "duration": 12, "velocity": 64}, {"time": 792, "pitch": 72, "duration": 12, "velocity": 64}, {"time": 804, "pitch": 71, "duration": 12, "velocity": 64}, {"time": 816, "pitch": 74, "duration": 12, "velocity": 64}, {"time": 828, "pitch": 79, "duration": 12, "velocity": 64}, {"time": 840, "pitch": 74, "duration": 12, "velocity": 64}, {"time": 852, "pitch": 71, "duration": 12, "velocity": 64}, {"time": 864, "pitch": 67, "duration": 12, "velocity": 64}, {"time": 876, "pitch": 72, "duration": 24, "velocity": 64}, {"time": 900, "pitch": 72, "duration": 12, "velocity": 64}, {"time": 912, "pitch": 76, "duration": 12, "velocity": 64}, {"time": 924, "pitch": 74, "duration": 12, "velocity": 64}, {"time": 936, "pitch": 72, "duration": 12, "velocity": 64}, {"time": 948, "pitch": 74, "duration": 12, "velocity": 64}, {"time": 960, "pitch": 76, "duration": 12, "velocity": 64}, {"time": 972, "pitch": 79, "duration": 12, "velocity": 64}, {"time": 984, "pitch": 81, "duration": 24, "velocity": 64}, {"time": 1008, "pitch": 79, "duration": 12, "velocity": 64}, {"time": 1020, "pitch": 76, "duration": 6, "velocity": 64}, {"time": 1026, "pitch": 79, "duration": 18, "velocity": 64}, {"time": 1044, "pitch": 76, "duration": 12, "velocity": 64}, {"time": 1056, "pitch": 74, "duration": 12, "velocity": 64}, {"time": 1068, "pitch": 76, "duration": 12, "velocity": 64}, {"time": 1080, "pitch": 79, "duration": 12, "velocity": 64}, {"time": 1092, "pitch": 76, "duration": 12, "velocity": 64}, {"time": 1104, "pitch": 74, "duration": 12, "velocity": 64}, {"time": 1116, "pitch": 71, "duration": 12, "velocity": 64}, {"time": 1128, "pitch": 69, "duration": 24, "velocity": 64}], "chords": [{"time": 12, "pitches": [45, 48, 52], "duration": 0, "velocity": 64}, {"time": 84, "pitches": [45, 48, 52], "duration": 0, "velocity": 64}, {"time": 120, "pitches": [55, 59, 62], "duration": 0, "velocity": 64}, {"time": 156, "pitches": [48, 52, 55], "duration": 0, "velocity": 64}, {"time": 228, "pitches": [55, 59, 62], "duration": 0, "velocity": 64}, {"time": 300, "pitches": [45, 48, 52], "duration": 0, "velocity": 64}, {"time": 372, "pitches": [45, 48, 52], "duration": 0, "velocity": 64}, {"time": 408, "pitches": [55, 59, 62], "duration": 0, "velocity": 64}, {"time": 444, "pitches": [48, 52, 55], "duration": 0, "velocity": 64}, {"time": 480, "pitches": [55, 59, 62], "duration": 0, "velocity": 64}, {"time": 516, "pitches": [52, 55, 59], "duration": 0, "velocity": 64}, {"time": 552, "pitches": [45, 48, 52], "duration": 0, "velocity": 64}, {"time": 588, "pitches": [48, 52, 55], "duration": 0, "velocity": 64}, {"time": 660, "pitches": [43, 47, 50, 53], "duration": 0, "velocity": 64}, {"time": 732, "pitches": [48, 52, 55], "duration": 0, "velocity": 64}, {"time": 804, "pitches": [55, 59, 62], "duration": 0, "velocity": 64}, {"time": 876, "pitches": [48, 52, 55], "duration": 0, "velocity": 64}, {"time": 948, "pitches": [55, 59, 62], "duration": 0, "velocity": 64}, {"time": 984, "pitches": [45, 48, 52], "duration": 0, "velocity": 64}, {"time": 1020, "pitches": [48, 52, 55], "duration": 0, "velocity": 64}, {"time": 1056, "pitches": [55, 59, 62], "duration": 0, "velocity": 64}, {"time": 1092, "pitches": [52, 55, 59], "duration": 0, "velocity": 64}, {"time": 1128, "pitches": [45, 48, 52], "duration": 0, "velocity": 64}]}]}