{"metadata": {"schema_version": "0.1", "title": "Goat on the Hill", "source_format": "abc"}, "resolution": 24, "tempos": [{"time": 0, "qpm": 120.0}], "key_signatures": [{"time": 0, "root": 9, "mode": "minor", "fifths": 0}], "time_signatures": [{"time": 0, "numerator": 6, "denominator": 8}], "beats": [{"time": 0, "is_downbeat": true}, {"time": 12, "is_downbeat": true}, {"time": 24, "is_downbeat": false}, {"time": 36, "is_downbeat": false}, {"time": 48, "is_downbeat": false}, {"time": 60, "is_downbeat": false}, {"time": 72, "is_downbeat": false}, {"time": 84, "is_downbeat": true}, {"time": 96, "is_downbeat": false}, {"time": 108, "is_downbeat": false}, {"time": 120, "is_downbeat": false}, {"time": 132, "is_downbeat": false}, {"time": 144, "is_downbeat": false}, {"time": 156, "is_downbeat": true}, {"time": 168, "is_downbeat": false}, {"time": 180, "is_downbeat": false}, {"time": 192, "is_downbeat": false}, {"time": 204, "is_downbeat": false}, {"time": 216, "is_downbeat": false}, {"time": 228, "is_downbeat": true}, {"time": 240, "is_downbeat": false}, {"time": 252, "is_downbeat": false}, {"time": 264, "is_downbeat": false}, {"time": 276, "is_downbeat": false}, {"time": 288, "is_downbeat": false}, {"time": 300, "is_downbeat": true}, {"time": 312, "is_downbeat": false}, {"time": 324, "is_downbeat": false}, {"time": 336, "is_downbeat": false}, {"time": 348, "is_downbeat": false}, {"time": 360, "is_downbeat": false}, {"time": 372, "is_downbeat": true}, {"time": 384, "is_downbeat": false}, {"time": 396, "is_downbeat": false}, {"time": 408, "is_downbeat": false}, {"time": 420, "is_downbeat": false}, {"time": 432, "is_downbeat": false}, {"time": 444, "is_downbeat": true}, {"time": 456, "is_downbeat": false}, {"time": 468, "is_downbeat": false}, {"time": 480, "is_downbeat": false}, {"time": 492, "is_downbeat": false}, {"time": 504, "is_downbeat": false}, {"time": 516, "is_downbeat": true}, {"time": 528, "is_downbeat": false}, {"time": 540, "is_downbeat": false}, {"time": 552, "is_downbeat": false}, {"time": 564, "is_downbeat": false}, {"time": 576, "is_downbeat": true}, {"time": 588, "is_downbeat": true}, {"time": 600, "is_downbeat": false}, {"time": 612, "is_downbeat": false}, {"time": 624, "is_downbeat": false}, {"time": 636, "is_downbeat": false}, {"time": 648, "is_downbeat": false}, {"time": 660, "is_downbeat": true}, {"time": 672, "is_downbeat": false}, {"time": 684, "is_downbeat": false}, {"time": 696, "is_downbeat": false}, {"time": 708, "is_downbeat": false}, {"time": 720, "is_downbeat": false}, {"time": 732, "is_downbeat": true}, {"time": 744, "is_downbeat": false}, {"time": 756, "is_downbeat": false}, {"time": 768, "is_downbeat": false}, {"time": 780, "is_downbeat": false}, {"time": 792, "is_downbeat": false}, {"time": 804, "is_downbeat": true}, {"time": 816, "is_downbeat": false}, {"time": 828, "is_downbeat": false}, {"time": 840, "is_downbeat": false}, {"time": 852, "is_downbeat": false}, {"time": 864, "is_downbeat": false}, {"time": 876, "is_downbeat": true}, {"time": 888, "is_downbeat": false}, {"time": 900, "is_downbeat": false}, {"time": 912, "is_downbeat": false}, {"time": 924, "is_downbeat": false}, {"time": 936, "is_downbeat": false}, {"time": 948, "is_downbeat": true}, {"time": 960, "is_downbeat": false}, {"time": 972, "is_downbeat": false}, {"time": 984, "is_downbeat": false}, {"time": 996, "is_downbeat": false}, {"time": 1008, "is_downbeat": false}, {"time": 1020, "is_downbeat": true}, {"time": 1032, "is_downbeat": false}, {"time": 1044, "is_downbeat": false}, {"time": 1056, "is_downbeat": false}, {"time": 1068, "is_downbeat": false}, {"time": 1080, "is_downbeat": false}, {"time": 1092, "is_downbeat": true}, {"time": 1104, "is_downbeat": false}, {"time": 1116, "is_downbeat": false}, {"time": 1128, "is_downbeat": false}, {"time": 1140, "is_downbeat": false}, {"time": 1152, "is_downbeat": true}, {"time": 1164, "is_downbeat": true}, {"time": 1176, "is_downbeat": false}, {"time": 1188, "is_downbeat": false}, {"time": 1200, "is_downbeat": false}, {"time": 1212, "is_downbeat": false}, {"time": 1224, "is_downbeat": false}, {"time": 1236, "is_downbeat": true}, {"time": 1248, "is_downbeat": false}, {"time": 1260, "is_downbeat": false}, {"time": 1272, "is_downbeat": false}, {"time": 1284, "is_downbeat": false}, {"time": 1296, "is_downbeat": false}, {"time": 1308, "is_downbeat": true}, {"time": 1320, "is_downbeat": false}, {"time": 1332, "is_downbeat": false}, {"time": 1344, "is_downbeat": false}, {"time": 1356, "is_downbeat": false}, {"time": 1368, "is_downbeat": false}, {"time": 1380, "is_downbeat": true}, {"time": 1392, "is_downbeat": false}, {"time": 1404, "is_downbeat": false}, {"time": 1416, "is_downbeat": false}, {"time": 1428, "is_downbeat": false}, {"time": 1440, "is_downbeat": false}, {"time": 1452, "is_downbeat": true}, {"time": 1464, "is_downbeat": false}, {"time": 1476, "is_downbeat": false}, {"time": 1488, "is_downbeat": false}, {"time": 1500, "is_downbeat": false}, {"time": 1512, "is_downbeat": false}, {"time": 1524, "is_downbeat": true}, {"time": 1536, "is_downbeat": false}, {"time": 1548, "is_downbeat": false}, {"time": 1560, "is_downbeat": false}, {"time": 1572, "is_downbeat": false}, {"time": 1584, "is_downbeat": false}, {"time": 1596, "is_downbeat": true}, {"time": 1608, "is_downbeat": false}, {"time": 1620, "is_downbeat": false}, {"time": 1632, "is_downbeat": false}, {"time": 1644, "is_downbeat": false}, {"time": 1656, "is_downbeat": false}, {"time": 1668, "is_downbeat": true}, {"time": 1680, "is_downbeat": false}, {"time": 1692, "is_downbeat": false}, {"time": 1704, "is_downbeat": false}, {"time": 1716, "is_downbeat": false}, {"time": 1728, "is_downbeat": true}, {"time": 1740, "is_downbeat": true}, {"time": 1752, "is_downbeat": false}, {"time": 1764, "is_downbeat": false}, {"time": 1776, "is_downbeat": false}, {"time": 1788, "is_downbeat": false}, {"time": 1800, "is_downbeat": false}, {"time": 1812, "is_downbeat": true}, {"time": 1824, "is_downbeat": false}, {"time": 1836, "is_downbeat": false}, {"time": 1848, "is_downbeat": false}, {"time": 1860, "is_downbeat": false}, {"time": 1872, "is_downbeat": false}, {"time": 1884, "is_downbeat": true}, {"time": 1896, "is_downbeat": false}, {"time": 1908, "is_downbeat": false}, {"time": 1920, "is_downbeat": false}, {"time": 1932, "is_downbeat": false}, {"time": 1944, "is_downbeat": false}, {"time": 1956, "is_downbeat": true}, {"time": 1968, "is_downbeat": false}, {"time": 1980, "is_downbeat": false}, {"time": 1992, "is_downbeat": false}, {"time": 2004, "is_downbeat": false}, {"time": 2016, "is_downbeat": false}, {"time": 2028, "is_downbeat": true}, {"time": 2040, "is_downbeat": false}, {"time": 2052, "is_downbeat": false}, {"time": 2064, "is_downbeat": false}, {"time": 2076, "is_downbeat": false}, {"time": 2088, "is_downbeat": false}, {"time": 2100, "is_downbeat": true}, {"time": 2112, "is_downbeat": false}, {"time": 2124, "is_downbeat": false}, {"time": 2136, "is_downbeat": false}, {"time": 2148, "is_downbeat": false}, {"time": 2160, "is_downbeat": false}, {"time": 2172, "is_downbeat": true}, {"time": 2184, "is_downbeat": false}, {"time": 2196, "is_downbeat": false}, {"time": 2208, "is_downbeat": false}, {"time": 2220, "is_downbeat": false}, {"time": 2232, "is_downbeat": false}, {"time": 2244, "is_downbeat": true}, {"time": 2256, "is_downbeat": false}, {"time": 2268, "is_downbeat": false}, {"time": 2280, "is_downbeat": false}, {"time": 2292, "is_downbeat": false}, {"time": 2304, "is_downbeat": true}, {"time": 2316, "is_downbeat": true}, {"time": 2328, "is_downbeat": false}, {"time": 2340, "is_downbeat": false}, {"time": 2352, "is_downbeat": false}, {"time": 2364, "is_downbeat": false}, {"time": 2376, "is_downbeat": false}, {"time": 2388, "is_downbeat": true}, {"time": 2400, "is_downbeat": false}, {"time": 2412, "is_downbeat": false}, {"time": 2424, "is_downbeat": false}, {"time": 2436, "is_downbeat": false}, {"time": 2448, "is_downbeat": false}, {"time": 2460, "is_downbeat": true}, {"time": 2472, "is_downbeat": false}, {"time": 2484, "is_downbeat": false}, {"time": 2496, "is_downbeat": false}, {"time": 2508, "is_downbeat": false}, {"time": 2520, "is_downbeat": false}, {"time": 2532, "is_downbeat": true}, {"time": 2544, "is_downbeat": false}, {"time": 2556, "is_downbeat": false}, {"time": 2568, "is_downbeat": false}, {"time": 2580, "is_downbeat": false}, {"time": 2592, "is_downbeat": false}, {"time": 2604, "is_downbeat": true}, {"time": 2616, "is_downbeat": false}, {"time": 2628, "is_downbeat": false}, {"time": 2640, "is_downbeat": false}, {"time": 2652, "is_downbeat": false}, {"time": 2664, "is_downbeat": false}, {"time": 2676, "is_downbeat": true}, {"time": 2688, "is_downbeat": false}, {"time": 2700, "is_downbeat": false}, {"time": 2712, "is_downbeat": false}, {"time": 2724, "is_downbeat": false}, {"time": 2736, "is_downbeat": false}, {"time": 2748, "is_downbeat": true}, {"time": 2760, "is_downbeat": false}, {"time": 2772, "is_downbeat": false}, {"time": 2784, "is_downbeat": false}, {"time": 2796, "is_downbeat": false}, {"time": 2808, "is_downbeat": false}, {"time": 2820, "is_downbeat": true}, {"time": 2832, "is_downbeat": false}, {"time": 2844, "is_downbeat": false}, {"time": 2856, "is_downbeat": false}, {"time": 2868, "is_downbeat": false}, {"time": 2880, "is_downbeat": true}, {"time": 2892, "is_downbeat": true}, {"time": 2904, "is_downbeat": false}, {"time": 2916, "is_downbeat": false}, {"time": 2928, "is_downbeat": false}, {"time": 2940, "is_downbeat": false}, {"time": 2952, "is_downbeat": false}, {"time": 2964, "is_downbeat": true}, {"time": 2976, "is_downbeat": false}, {"time": 2988, "is_downbeat": false}, {"time": 3000, "is_downbeat": false}, {"time": 3012, "is_downbeat": false}, {"time": 3024, "is_downbeat": false}, {"time": 3036, "is_downbeat": true}, {"time": 3048, "is_downbeat": false}, {"time": 3060, "is_downbeat": false}, {"time": 3072, "is_downbeat": false}, {"time": 3084, "is_downbeat": false}, {"time": 3096, "is_downbeat": false}, {"time": 3108, "is_downbeat": true}, {"time": 3120, "is_downbeat": false}, {"time": 3132, "is_downbeat": false}, {"time": 3144, "is_downbeat": false}, {"time": 3156, "is_downbeat": false}, {"time": 3168, "is_downbeat": false}, {"time": 3180, "is_downbeat": true}, {"time": 3192, "is_downbeat": false}, {"time": 3204, "is_downbeat": false}, {"time": 3216, "is_downbeat": false}, {"time": 3228, "is_downbeat": false}, {"time": 3240, "is_downbeat": false}, {"time": 3252, "is_downbeat": true}, {"time": 3264, "is_downbeat": false}, {"time": 3276, "is_downbeat": false}, {"time": 3288, "is_downbeat": false}, {"time": 3300, "is_downbeat": false}, {"time": 3312, "is_downbeat": false}, {"time": 3324, "is_downbeat": true}, {"time": 3336, "is_downbeat": false}, {"time": 3348, "is_downbeat": false}, {"time": 3360, "is_downbeat": false}, {"time": 3372, "is_downbeat": false}, {"time": 3384, "is_downbeat": false}, {"time": 3396, "is_downbeat": true}, {"time": 3408, "is_downbeat": false}, {"time": 3420, "is_downbeat": false}, {"time": 3432, "is_downbeat": false}, {"time": 3444, "is_downbeat": false}, {"time": 3456, "is_downbeat": false}], "tracks": [{"program": 0, "is_drum": false, "notes": [{"time": 0, "pitch": 72, "duration": 6, "velocity": 64}, {"time": 6, "pitch": 74, "duration": 6, "velocity": 64}, {"time": 12, "pitch": 76, "duration": 12, "velocity": 64}, {"time": 24, "pitch": 69, "duration": 12, "velocity": 64}, {"time": 36, "pitch": 69, "duration": 12, "velocity": 64}, {"time": 48, "pitch": 72, "duration": 24, "velocity": 64}, {"time": 72, "pitch": 74, "duration": 12, "velocity": 64}, {"time": 84, "pitch": 76, "duration": 12, "velocity": 64}, {"time": 96, "pitch": 81, "duration": 12, "velocity": 64}, {"time": 108, "pitch": 79, "duration": 12, "velocity": 64}, {"time": 120, "pitch": 76, "duration": 24, "velocity": 64}, {"time": 144, "pitch": 74, "duration": 12, "velocity": 64}, {"time": 156, "pitch": 76, "duration": 12, "velocity": 64}, {"time": 168, "pitch": 69, "duration": 12, "velocity": 64}, {"time": 180, "pitch": 69, "duration": 12, "velocity": 64}, {"time": 192, "pitch": 72, "duration": 24, "velocity": 64}, {"time": 216, "pitch": 74, "duration": 12, "velocity": 64}, {"time": 228, "pitch": 71, "duration": 12, "velocity": 64}, {"time": 240, "pitch": 67, "duration": 12, "velocity": 64}, {"time": 252, "pitch": 67, "duration": 12, "velocity": 64}, {"time": 264, "pitch": 67, "duration": 12, "velocity": 64}, {"time": 276, "pitch": 72, "duration": 12, "velocity": 64}, {"time": 288, "pitch": 74, "duration": 12, "velocity": 64}, {"time": 300, "pitch": 76, "duration": 12, "velocity": 64}, {"time": 312, "pitch": 69, "duration": 12, "velocity": 64}, {"time": 324, "pitch": 69, "duration": 12, "velocity": 64}, {"time": 336, "pitch": 72, "duration": 24, "velocity": 64}, {"time": 360, "pitch": 74, "duration": 12, "velocity": 64}, {"time": 372, "pitch": 76, "duration": 12, "velocity": 64}, {"time": 384, "pitch": 81, "duration": 12, "velocity": 64}, {"time": 396, "pitch": 79, "duration": 12, "velocity": 64}, {"time": 408, "pitch": 76, "duration": 24, "velocity": 64}, {"time": 432, "pitch": 74, "duration": 12, "velocity": 64}, {"time": 444, "pitch": 76, "duration": 12, "velocity": 64}, {"time": 456, "pitch": 69, "duration": 12, "velocity": 64}, {"time": 468, "pitch": 69, "duration": 12, "velocity": 64}, {"time": 480, "pitch": 71, "duration": 12, "velocity": 64}, {"time": 492, "pitch": 67, "duration": 12, "velocity": 64}, {"time": 504, "pitch": 67, "duration": 12, "velocity": 64}, {"time": 516, "pitch": 69, "duration": 36, "velocity": 64}, {"time": 552, "pitch": 69, "duration": 24, "velocity": 64}, {"time": 576, "pitch": 64, "duration": 12, "velocity": 64}, {"time": 588, "pitch": 64, "duration": 12, "velocity": 64}, {"time": 600, "pitch": 69, "duration": 12, "velocity": 64}, {"time": 612, "pitch": 69, "duration": 12, "velocity": 64}, {"time": 624, "pitch": 69, "duration": 12, "velocity": 64}, {"time": 636, "pitch": 72, "duration": 12, "velocity": 64}, {"time": 648, "pitch": 72, "duration": 12, "velocity": 64}, {"time": 660, "pitch": 67, "duration": 12, "velocity": 64}, {"time": 672, "pitch": 71, "duration": 12, "velocity": 64}, {"time": 684, "pitch": 71, "duration": 12, "velocity": 64}, {"time": 696, "pitch": 71, "duration": 12, "velocity": 64}, {"time": 708, "pitch": 76, "duration": 12, "velocity": 64}, {"time": 720, "pitch": 76, "duration": 12, "velocity": 64}, {"time": 732, "pitch": 64, "duration": 12, "velocity": 64}, {"time": 744, "pitch": 69, "duration": 12, "velocity": 64}, {"time": 756, "pitch": 69, "duration": 12, "velocity": 64}, {"time": 768, "pitch": 69, "duration": 12, "velocity": 64}, {"time": 780, "pitch": 71, "duration": 12, "velocity": 64}, {"time": 792, "pitch": 72, "duration": 12, "velocity": 64}, {"time": 804, "pitch": 71, "duration": 12, "velocity": 64}, {"time": 816, "pitch": 67, "duration": 12, "velocity": 64}, {"time": 828, "pitch": 67, "duration": 12, "velocity": 64}, {"time": 840, "pitch": 67, "duration": 36, "velocity": 64}, {"time": 876, "pitch": 64, "duration": 12, "velocity": 64}, {"time": 888, "pitch": 69, "duration": 12, "velocity": 64}, {"time": 900, "pitch": 69, "duration": 12, "velocity": 64}, {"time": 912, "pitch": 69, "duration": 12, "velocity": 64}, {"time": 924, "pitch": 72, "duration": 12, "velocity": 64}, {"time": 936, "pitch": 72, "duration": 12, "velocity": 64}, {"time": 948, "pitch": 67, "duration": 12, "velocity": 64}, {"time": 960, "pitch": 71, "duration": 12, "velocity": 64}, {"time": 972, "pitch": 71, "duration": 12, "velocity": 64}, {"time": 984, "pitch": 71, "duration": 12, "velocity": 64}, {"time": 996, "pitch": 76, "duration": 12, "velocity": 64}, {"time": 1008, "pitch": 76, "duration": 12, "velocity": 64}, {"time": 1020, "pitch": 72, "duration": 12, "velocity": 64}, {"time": 1032, "pitch": 69, "duration": 12, "velocity": 64}, {"time": 1044, "pitch": 69, "duration": 12, "velocity": 64}, {"time": 1056, "pitch": 71, "duration": 12, "velocity": 64}, {"time": 1068, "pitch": 67, "duration": 12, "velocity": 64}, {"time": 1080, "pitch": 67, "duration": 12, "velocity": 64}, {"time": 1092, "pitch": 69, "duration": 36, "velocity": 64}, {"time": 1128, "pitch": 69, "duration": 24, "velocity": 64}, {"time": 1152, "pitch": 64, "duration": 6, "velocity": 64}, {"time": 1158, "pitch": 67, "duration": 6, "velocity": 64}, {"time": 1164, "pitch": 69, "duration": 12, "velocity": 64}, {"time": 1176, "pitch": 64, "duration": 12, "velocity": 64}, {"time": 1188, "pitch": 64, "duration": 12, "velocity": 64}, {"time": 1200, "pitch": 69, "duration": 24, "velocity": 64}, {"time": 1224, "pitch": 71, "duration": 12, "velocity": 64}, {"time": 1236, "pitch": 72, "duration": 12, "velocity": 64}, {"time": 1248, "pitch": 76, "duration": 12, "velocity": 64}, {"time": 1260, "pitch": 74, "duration": 12, "velocity": 64}, {"time": 1272, "pitch": 72, "duration": 24, "velocity": 64}, {"time": 1296, "pitch": 71, "duration": 12, "velocity": 64}, {"time": 1308, "pitch": 69, "duration": 12, "velocity": 64}, {"time": 1320, "pitch": 64, "duration": 12, "velocity": 64}, {"time": 1332, "pitch": 64, "duration": 12, "velocity": 64}, {"time": 1344, "pitch": 69, "duration": 24, "velocity": 64}, {"time": 1368, "pitch": 71, "duration": 12, "velocity": 64}, {"time": 1380, "pitch": 74, "duration": 12, "velocity": 64}, {"time": 1392, "pitch": 71, "duration": 12, "velocity": 64}, {"time": 1404, "pitch": 71, "duration": 12, "velocity": 64}, {"time": 1416, "pitch": 74, "duration": 12, "velocity": 64}, {"time": 1428, "pitch": 72, "duration": 12, "velocity": 64}, {"time": 1440, "pitch": 71, "duration": 12, "velocity": 64}, {"time": 1452, "pitch": 69, "duration": 12, "velocity": 64}, {"time": 1464, "pitch": 64, "duration": 12, "velocity": 64}, {"time": 1476, "pitch": 64, "duration": 12, "velocity": 64}, {"time": 1488, "pitch": 69, "duration": 24, "velocity": 64}, {"time": 1512, "pitch": 71, "duration": 12, "velocity": 64}, {"time": 1524, "pitch": 72, "duration": 12, "velocity": 64}, {"time": 1536, "pitch": 76, "duration": 12, "velocity": 64}, {"time": 1548, "pitch": 74, "duration": 12, "velocity": 64}, {"time": 1560, "pitch": 72, "duration": 24, "velocity": 64}, {"time": 1584, "pitch": 71, "duration": 12, "velocity": 64}, {"time": 1596, "pitch": 69, "duration": 12, "velocity": 64}, {"time": 1608, "pitch": 64, "duration": 12, "velocity": 64}, {"time": 1620, "pitch": 64, "duration": 12, "velocity": 64}, {"time": 1632, "pitch": 67, "duration": 12, "velocity": 64}, {"time": 1644, "pitch": 62, "duration": 12, "velocity": 64}, {"time": 1656, "pitch": 62, "duration": 12, "velocity": 64}, {"time": 1668, "pitch": 64, "duration": 36, "velocity": 64}, {"time": 1704, "pitch": 64, "duration": 24, "velocity": 64}, {"time": 1728, "pitch": 69, "duration": 12, "velocity": 64}, {"time": 1740, "pitch": 69, "duration": 12, "velocity": 64}, {"time": 1752, "pitch": 72, "duration": 12, "velocity": 64}, {"time": 1764, "pitch": 72, "duration": 12, "velocity": 64}, {"time": 1776, "pitch": 72, "duration": 12, "velocity": 64}, {"time": 1788, "pitch": 76, "duration": 12, "velocity": 64}, {"time": 1800, "pitch": 76, "duration": 12, "velocity": 64}, {"time": 1812, "pitch": 71, "duration": 12, "velocity": 64}, {"time": 1824, "pitch": 74, "duration": 12, "velocity": 64}, {"time": 1836, "pitch": 74, "duration": 12, "velocity": 64}, {"time": 1848, "pitch": 74, "duration": 12, "velocity": 64}, {"time": 1860, "pitch": 79, "duration": 12, "velocity": 64}, {"time": 1872, "pitch": 79, "duration": 12, "velocity": 64}, {"time": 1884, "pitch": 69, "duration": 12, "velocity": 64}, {"time": 1896, "pitch": 72, "duration": 12, "velocity": 64}, {"time": 1908, "pitch": 72, "duration": 12, "velocity": 64}, {"time": 1920, "pitch": 74, "duration": 12, "velocity": 64}, {"time": 1932, "pitch": 76, "duration": 12, "velocity": 64}, {"time": 1944, "pitch": 77, "duration": 12, "velocity": 64}, {"time": 1956, "pitch": 79, "duration": 12, "velocity": 64}, {"time": 1968, "pitch": 74, "duration": 12, "velocity": 64}, {"time": 1980, "pitch": 74, "duration": 12, "velocity": 64}, {"time": 1992, "pitch": 74, "duration": 12, "velocity": 64}, {"time": 2004, "pitch": 72, "duration": 12, "velocity": 64}, {"time": 2016, "pitch": 71, "duration": 12, "velocity": 64}, {"time": 2028, "pitch": 69, "duration": 12, "velocity": 64}, {"time": 2040, "pitch": 72, "duration": 12, "velocity": 64}, {"time": 2052, "pitch": 72, "duration": 12, "velocity": 64}, {"time": 2064, "pitch": 72, "duration": 12, "velocity": 64}, {"time": 2076, "pitch": 76, "duration": 12, "velocity": 64}, {"time": 2088, "pitch": 76, "duration": 12, "velocity": 64}, {"time": 2100, "pitch": 71, "duration": 12, "velocity": 64}, {"time": 2112, "pitch": 74, "duration": 12, "velocity": 64}, {"time": 2124, "pitch": 74, "duration": 12, "velocity": 64}, {"time": 2136, "pitch": 74, "duration": 12, "velocity": 64}, {"time": 2148, "pitch": 71, "duration": 12, "velocity": 64}, {"time": 2160, "pitch": 71, "duration": 12, "velocity": 64}, {"time": 2172, "pitch": 69, "duration": 12, "velocity": 64}, {"time": 2184, "pitch": 65, "duration": 12, "velocity": 64}, {"time": 2196, "pitch": 65, "duration": 12, "velocity": 64}, {"time": 2208, "pitch": 67, "duration": 12, "velocity": 64}, {"time": 2220, "pitch": 62, "duration": 12, "velocity": 64}, {"time": 2232, "pitch": 62, "duration": 12, "velocity": 64}, {"time": 2244, "pitch": 64, "duration": 36, "velocity": 64}, {"time": 2280, "pitch": 64, "duration": 24, "velocity": 64}, {"time": 2304, "pitch": 69, "duration": 6, "velocity": 64}, {"time": 2310, "pitch": 71, "duration": 6, "velocity": 64}, {"time": 2316, "pitch": 72, "duration": 12, "velocity": 64}, {"time": 2328, "pitch": 72, "duration": 12, "velocity": 64}, {"time": 2340, "pitch": 72, "duration": 12, "velocity": 64}, {"time": 2352, "pitch": 72, "duration": 24, "velocity": 64}, {"time": 2376, "pitch": 71, "duration": 12, "velocity": 64}, {"time": 2388, "pitch": 69, "duration": 12, "velocity": 64}, {"time": 2400, "pitch": 72, "duration": 12, "velocity": 64}, {"time": 2412, "pitch": 71, "duration": 12, "velocity": 64}, {"time": 2424, "pitch": 69, "duration": 24, "velocity": 64}, {"time": 2448, "pitch": 71, "duration": 12, "velocity": 64}, {"time": 2460, "pitch": 72, "duration": 12, "velocity": 64}, {"time": 2472, "pitch": 71, "duration": 12, "velocity": 64}, {"time": 2484, "pitch": 69, "duration": 12, "velocity": 64}, {"time": 2496, "pitch": 66, "duration": 24, "velocity": 64}, {"time": 2520, "pitch": 62, "duration": 12, "velocity": 64}, {"time": 2532, "pitch": 71, "duration": 12, "velocity": 64}, {"time": 2544, "pitch": 74, "duration": 12, "velocity": 64}, {"time": 2556, "pitch": 74, "duration": 12, "velocity": 64}, {"time": 2568, "pitch": 74, "duration": 12, "velocity": 64}, {"time": 2580, "pitch": 72, "duration": 12, "velocity": 64}, {"time": 2592, "pitch": 71, "duration": 12, "velocity": 64}, {"time": 2604, "pitch": 72, "duration": 12, "velocity": 64}, {"time": 2616, "pitch": 72, "duration": 12, "velocity": 64}, {"time": 2628, "pitch": 72, "duration": 12, "velocity": 64}, {"time": 2640, "pitch": 72, "duration": 24, "velocity": 64}, {"time": 2664, "pitch": 71, "duration": 12, "velocity": 64}, {"time": 2676, "pitch": 69, "duration": 12, "velocity": 64}, {"time": 2688, "pitch": 72, "duration": 12, "velocity": 64}, {"time": 2700, "pitch": 71, "duration": 12, "velocity": 64}, {"time": 2712, "pitch": 69, "duration": 24, "velocity": 64}, {"time": 2736, "pitch": 71, "duration": 12, "velocity": 64}, {"time": 2748, "pitch": 72, "duration": 12, "velocity": 64}, {"time": 2760, "pitch": 72, "duration": 12, "velocity": 64}, {"time": 2772, "pitch": 72, "duration": 12, "velocity": 64}, {"time": 2784, "pitch": 74, "duration": 12, "velocity": 64}, {"time": 2796, "pitch": 71, "duration": 12, "velocity": 64}, {"time": 2808, "pitch": 71, "duration": 12, "velocity": 64}, {"time": 2820, "pitch": 72, "duration": 36, "velocity": 64}, {"time": 2856, "pitch": 72, "duration": 24, "velocity": 64}, {"time": 2880, "pitch": 69, "duration": 12, "velocity": 64}, {"time": 2892, "pitch": 72, "duration": 12, "velocity": 64}, {"time": 2904, "pitch": 76, "duration": 12, "velocity": 64}, {"time": 2916, "pitch": 76, "duration": 12, "velocity": 64}, {"time": 2928, "pitch": 76, "duration": 12, "velocity": 64}, {"time": 2940, "pitch": 81, "duration": 12, "velocity": 64}, {"time": 2952, "pitch": 81, "duration": 12, "velocity": 64}, {"time": 2964, "pitch": 74, "duration": 12, "velocity": 64}, {"time": 2976, "pitch": 79, "duration": 12, "velocity": 64}, {"time": 2988, "pitch": 79, "duration": 12, "velocity": 64}, {"time": 3000, "pitch": 79, "duration": 12, "velocity": 64}, {"time": 3012, "pitch": 83, "duration": 12, "velocity": 64}, {"time": 3024, "pitch": 83, "duration": 12, "velocity": 64}, {"time": 3036, "pitch": 72, "duration": 12, "velocity": 64}, {"time": 3048, "pitch": 76, "duration": 12, "velocity": 64}, {"time": 3060, "pitch": 76, "duration": 12, "velocity": 64}, {"time": 3072, "pitch": 76, "duration": 12, "velocity": 64}, {"time": 3084, "pitch": 74, "duration": 12, "velocity": 64}, {"time": 3096, "pitch": 72, "duration": 12, "velocity": 64}, {"time": 3108, "pitch": 71, "duration": 12, "velocity": 64}, {"time": 3120, "pitch": 74, "duration": 12, "velocity": 64}, {"time": 3132, "pitch": 74, "duration": 12, "velocity": 64}, {"time": 3144, "pitch": 74, "duration": 36, "velocity": 64}, {"time": 3180, "pitch": 72, "duration": 12, "velocity": 64}, {"time": 3192, "pitch": 76, "duration": 12, "velocity": 64}, {"time": 3204, "pitch": 76, "duration": 12, "velocity": 64}, {"time": 3216, "pitch": 76, "duration": 12, "velocity": 64}, {"time": 3228, "pitch": 81, "duration": 12, "velocity": 64}, {"time": 3240, "pitch": 81, "duration": 12, "velocity": 64}, {"time": 3252, "pitch": 74, "duration": 12, "velocity": 64}, {"time": 3264, "pitch": 79, "duration": 12, "velocity": 64}, {"time": 3276, "pitch": 79, "duration": 12, "velocity": 64}, {"time": 3288, "pitch": 79, "duration": 12, "velocity": 64}, {"time": 3300, "pitch": 83, "duration": 12, "velocity": 64}, {"time": 3312, "pitch": 83, "duration": 12, "velocity": 64}, {"time": 3324, "pitch": 77, "duration": 12, "velocity": 64}, {"time": 3336, "pitch": 72, "duration": 12, "velocity": 64}, {"time": 3348, "pitch": 72, "duration": 12, "velocity": 64}, {"time": 3360, "pitch": 74, "duration": 12, "velocity": 64}, {"time": 3372, "pitch": 71, "duration": 12, "velocity": 64}, {"time": 3384, "pitch": 71, "duration": 12, "velocity": 64}, {"time": 3396, "pitch": 72, "duration": 36, "velocity": 64}, {"time": 3432, "pitch": 72, "duration": 24, "velocity": 64}], "chords": [{"time": 12, "pitches": [45, 48, 52], "duration": 0, "velocity": 64}, {"time": 84, "pitches": [45, 48, 52], "duration": 0, "velocity": 64}, {"time": 156, "pitches": [45, 48, 52], "duration": 0, "velocity": 64}, {"time": 192, "pitches": [50, 54, 57, 60], "duration": 0, "velocity": 64}, {"time": 228, "pitches": [55, 59, 62], "duration": 0, "velocity": 64}, {"time": 300, "pitches": [45, 48, 52], "duration": 0, "velocity": 64}, {"time": 372, "pitches": [45, 48, 52], "duration": 0, "velocity": 64}, {"time": 444, "pitches": [53, 57, 60], "duration": 0, "velocity": 64}, {"time": 480, "pitches": [55, 59, 62], "duration": 0, "velocity": 64}, {"time": 516, "pitches": [45, 48, 52], "duration": 0, "velocity": 64}, {"time": 588, "pitches": [45, 48, 52], "duration": 0, "velocity": 64}, {"time": 660, "pitches": [52, 55, 59], "duration": 0, "velocity": 64}, {"time": 732, "pitches": [45, 48, 52], "duration": 0, "velocity": 64}, {"time": 768, "pitches": [50, 54, 57, 60], "duration": 0, "velocity": 64}, {"time": 804, "pitches": [55, 59, 62], "duration": 0, "velocity": 64}, {"time": 876, "pitches": [45, 48, 52], "duration": 0, "velocity": 64}, {"time": 948, "pitches": [52, 55, 59], "duration": 0, "velocity": 64}, {"time": 1020, "pitches": [53, 57, 60], "duration": 0, "velocity": 64}, {"time": 1056, "pitches": [55, 59, 62], "duration": 0, "velocity": 64}, {"time": 1092, "pitches": [45, 48, 52], "duration": 0, "velocity": 64}]}]}