{"metadata": {"schema_version": "0.1", "title": "Harmonica", "source_format": "abc"}, "resolution": 24, "tempos": [{"time": 0, "qpm": 120.0}], "key_signatures": [{"time": 0, "root": 7, "mode": "major", "fifths": 1}], "time_signatures": [{"time": 0, "numerator": 6, "denominator": 8}], "beats": [{"time": 0, "is_downbeat": true}, {"time": 12, "is_downbeat": false}, {"time": 24, "is_downbeat": false}, {"time": 36, "is_downbeat": false}, {"time": 42, "is_downbeat": true}, {"time": 54, "is_downbeat": true}, {"time": 66, "is_downbeat": false}, {"time": 78, "is_downbeat": false}, {"time": 90, "is_downbeat": false}, {"time": 102, "is_downbeat": false}, {"time": 114, "is_downbeat": false}, {"time": 126, "is_downbeat": true}, {"time": 138, "is_downbeat": false}, {"time": 150, "is_downbeat": false}, {"time": 162, "is_downbeat": false}, {"time": 174, "is_downbeat": false}, {"time": 186, "is_downbeat": false}, {"time": 198, "is_downbeat": true}, {"time": 210, "is_downbeat": false}, {"time": 222, "is_downbeat": false}, {"time": 234, "is_downbeat": false}, {"time": 246, "is_downbeat": false}, {"time": 258, "is_downbeat": false}, {"time": 270, "is_downbeat": true}, {"time": 282, "is_downbeat": false}, {"time": 294, "is_downbeat": false}, {"time": 306, "is_downbeat": false}, {"time": 318, "is_downbeat": false}, {"time": 330, "is_downbeat": false}, {"time": 342, "is_downbeat": true}, {"time": 354, "is_downbeat": false}, {"time": 366, "is_downbeat": false}, {"time": 378, "is_downbeat": false}, {"time": 390, "is_downbeat": false}, {"time": 402, "is_downbeat": false}, {"time": 414, "is_downbeat": true}, {"time": 426, "is_downbeat": false}, {"time": 438, "is_downbeat": false}, {"time": 450, "is_downbeat": false}, {"time": 462, "is_downbeat": false}, {"time": 474, "is_downbeat": false}, {"time": 486, "is_downbeat": true}, {"time": 498, "is_downbeat": false}, {"time": 510, "is_downbeat": false}, {"time": 522, "is_downbeat": false}, {"time": 534, "is_downbeat": false}, {"time": 546, "is_downbeat": false}, {"time": 558, "is_downbeat": true}, {"time": 570, "is_downbeat": false}, {"time": 582, "is_downbeat": false}, {"time": 594, "is_downbeat": false}, {"time": 606, "is_downbeat": false}, {"time": 618, "is_downbeat": true}, {"time": 630, "is_downbeat": true}, {"time": 642, "is_downbeat": false}, {"time": 654, "is_downbeat": false}, {"time": 666, "is_downbeat": false}, {"time": 678, "is_downbeat": false}, {"time": 690, "is_downbeat": false}, {"time": 702, "is_downbeat": true}, {"time": 714, "is_downbeat": false}, {"time": 726, "is_downbeat": false}, {"time": 738, "is_downbeat": false}, {"time": 750, "is_downbeat": false}, {"time": 762, "is_downbeat": false}, {"time": 774, "is_downbeat": true}, {"time": 786, "is_downbeat": false}, {"time": 798, "is_downbeat": false}, {"time": 810, "is_downbeat": false}, {"time": 822, "is_downbeat": false}, {"time": 834, "is_downbeat": false}, {"time": 846, "is_downbeat": true}, {"time": 858, "is_downbeat": false}, {"time": 870, "is_downbeat": false}, {"time": 882, "is_downbeat": false}, {"time": 894, "is_downbeat": false}, {"time": 906, "is_downbeat": false}, {"time": 918, "is_downbeat": true}, {"time": 930, "is_downbeat": false}, {"time": 942, "is_downbeat": false}, {"time": 954, "is_downbeat": false}, {"time": 966, "is_downbeat": false}, {"time": 978, "is_downbeat": false}, {"time": 990, "is_downbeat": true}, {"time": 1002, "is_downbeat": false}, {"time": 1014, "is_downbeat": false}, {"time": 1026, "is_downbeat": false}, {"time": 1038, "is_downbeat": false}, {"time": 1050, "is_downbeat": false}, {"time": 1062, "is_downbeat": true}, {"time": 1074, "is_downbeat": false}, {"time": 1086, "is_downbeat": false}, {"time": 1098, "is_downbeat": false}, {"time": 1110, "is_downbeat": false}, {"time": 1122, "is_downbeat": false}, {"time": 1134, "is_downbeat": true}, {"time": 1146, "is_downbeat": false}, {"time": 1158, "is_downbeat": false}, {"time": 1170, "is_downbeat": false}, {"time": 1182, "is_downbeat": false}, {"time": 1194, "is_downbeat": false}, {"time": 1206, "is_downbeat": true}, {"time": 1218, "is_downbeat": false}, {"time": 1230, "is_downbeat": false}, {"time": 1242, "is_downbeat": false}, {"time": 1254, "is_downbeat": false}, {"time": 1266, "is_downbeat": false}, {"time": 1278, "is_downbeat": true}, {"time": 1290, "is_downbeat": false}, {"time": 1302, "is_downbeat": false}, {"time": 1314, "is_downbeat": false}, {"time": 1326, "is_downbeat": false}, {"time": 1338, "is_downbeat": false}, {"time": 1350, "is_downbeat": true}, {"time": 1362, "is_downbeat": false}, {"time": 1374, "is_downbeat": false}, {"time": 1386, "is_downbeat": false}, {"time": 1398, "is_downbeat": false}, {"time": 1410, "is_downbeat": false}, {"time": 1422, "is_downbeat": true}, {"time": 1434, "is_downbeat": false}, {"time": 1446, "is_downbeat": false}, {"time": 1458, "is_downbeat": false}, {"time": 1470, "is_downbeat": false}, {"time": 1482, "is_downbeat": false}, {"time": 1494, "is_downbeat": true}, {"time": 1506, "is_downbeat": false}, {"time": 1518, "is_downbeat": false}, {"time": 1530, "is_downbeat": false}, {"time": 1542, "is_downbeat": false}, {"time": 1554, "is_downbeat": false}, {"time": 1566, "is_downbeat": true}, {"time": 1578, "is_downbeat": false}, {"time": 1590, "is_downbeat": false}, {"time": 1602, "is_downbeat": false}, {"time": 1614, "is_downbeat": false}, {"time": 1626, "is_downbeat": false}, {"time": 1638, "is_downbeat": true}, {"time": 1650, "is_downbeat": false}, {"time": 1662, "is_downbeat": false}, {"time": 1674, "is_downbeat": false}, {"time": 1686, "is_downbeat": false}, {"time": 1698, "is_downbeat": false}, {"time": 1710, "is_downbeat": true}, {"time": 1722, "is_downbeat": false}, {"time": 1734, "is_downbeat": false}, {"time": 1746, "is_downbeat": false}, {"time": 1758, "is_downbeat": false}, {"time": 1770, "is_downbeat": false}], "tracks": [{"program": 0, "is_drum": false, "notes": [{"time": 0, "pitch": 66, "duration": 12, "velocity": 64}, {"time": 12, "pitch": 65, "duration": 12, "velocity": 64}, {"time": 24, "pitch": 66, "duration": 18, "velocity": 64}, {"time": 42, "pitch": 74, "duration": 12, "velocity": 64}, {"time": 54, "pitch": 79, "duration": 24, "velocity": 64}, {"time": 78, "pitch": 74, "duration": 12, "velocity": 64}, {"time": 90, "pitch": 71, "duration": 24, "velocity": 64}, {"time": 114, "pitch": 79, "duration": 12, "velocity": 64}, {"time": 126, "pitch": 76, "duration": 24, "velocity": 64}, {"time": 150, "pitch": 72, "duration": 12, "velocity": 64}, {"time": 162, "pitch": 69, "duration": 24, "velocity": 64}, {"time": 186, "pitch": 67, "duration": 12, "velocity": 64}, {"time": 198, "pitch": 66, "duration": 12, "velocity": 64}, {"time": 210, "pitch": 67, "duration": 12, "velocity": 64}, {"time": 222, "pitch": 69, "duration": 12, "velocity": 64}, {"time": 234, "pitch": 62, "duration": 12, "velocity": 64}, {"time": 246, "pitch": 64, "duration": 12, "velocity": 64}, {"time": 258, "pitch": 66, "duration": 12, "velocity": 64}, {"time": 270, "pitch": 67, "duration": 24, "velocity": 64}, {"time": 294, "pitch": 71, "duration": 12, "velocity": 64}, {"time": 306, "pitch": 74, "duration": 24, "velocity": 64}, {"time": 330, "pitch": 76, "duration": 6, "velocity": 64}, {"time": 336, "pitch": 78, "duration": 6, "velocity": 64}, {"time": 342, "pitch": 79, "duration": 24, "velocity": 64}, {"time": 366, "pitch": 74, "duration": 12, "velocity": 64}, {"time": 378, "pitch": 71, "duration": 24, "velocity": 64}, {"time": 402, "pitch": 79, "duration": 12, "velocity": 64}, {"time": 414, "pitch": 76, "duration": 24, "velocity": 64}, {"time": 438, "pitch": 72, "duration": 12, "velocity": 64}, {"time": 450, "pitch": 69, "duration": 24, "velocity": 64}, {"time": 474, "pitch": 67, "duration": 12, "velocity": 64}, {"time": 486, "pitch": 66, "duration": 12, "velocity": 64}, {"time": 498, "pitch": 67, "duration": 12, "velocity": 64}, {"time": 510, "pitch": 69, "duration": 12, "velocity": 64}, {"time": 522, "pitch": 62, "duration": 12, "velocity": 64}, {"time": 534, "pitch": 64, "duration": 12, "velocity": 64}, {"time": 546, "pitch": 66, "duration": 12, "velocity": 64}, {"time": 558, "pitch": 67, "duration": 36, "velocity": 64}, {"time": 594, "pitch": 67, "duration": 24, "velocity": 64}, {"time": 618, "pitch": 74, "duration": 12, "velocity": 64}, {"time": 630, "pitch": 72, "duration": 24, "velocity": 64}, {"time": 654, "pitch": 81, "duration": 12, "velocity": 64}, {"time": 666, "pitch": 81, "duration": 24, "velocity": 64}, {"time": 690, "pitch": 72, "duration": 12, "velocity": 64}, {"time": 702, "pitch": 71, "duration": 24, "velocity": 64}, {"time": 726, "pitch": 79, "duration": 12, "velocity": 64}, {"time": 738, "pitch": 79, "duration": 24, "velocity": 64}, {"time": 762, "pitch": 71, "duration": 12, "velocity": 64}, {"time": 774, "pitch": 69, "duration": 12, "velocity": 64}, {"time": 786, "pitch": 71, "duration": 12, "velocity": 64}, {"time": 798, "pitch": 72, "duration": 12, "velocity": 64}, {"time": 810, "pitch": 74, "duration": 12, "velocity": 64}, {"time": 822, "pitch": 76, "duration": 12, "velocity": 64}, {"time": 834, "pitch": 78, "duration": 12, "velocity": 64}, {"time": 846, "pitch": 79, "duration": 24, "velocity": 64}, {"time": 870, "pitch": 81, "duration": 12, "velocity": 64}, {"time": 882, "pitch": 83, "duration": 24, "velocity": 64}, {"time": 906, "pitch": 74, "duration": 12, "velocity": 64}, {"time": 918, "pitch": 72, "duration": 24, "velocity": 64}, {"time": 942, "pitch": 81, "duration": 12, "velocity": 64}, {"time": 954, "pitch": 81, "duration": 24, "velocity": 64}, {"time": 978, "pitch": 72, "duration": 12, "velocity": 64}, {"time": 990, "pitch": 71, "duration": 24, "velocity": 64}, {"time": 1014, "pitch": 79, "duration": 12, "velocity": 64}, {"time": 1026, "pitch": 79, "duration": 24, "velocity": 64}, {"time": 1050, "pitch": 83, "duration": 12, "velocity": 64}, {"time": 1062, "pitch": 81, "duration": 12, "velocity": 64}, {"time": 1074, "pitch": 79, "duration": 12, "velocity": 64}, {"time": 1086, "pitch": 78, "duration": 12, "velocity": 64}, {"time": 1098, "pitch": 76, "duration": 12, "velocity": 64}, {"time": 1110, "pitch": 74, "duration": 12, "velocity": 64}, {"time": 1122, "pitch": 73, "duration": 12, "velocity": 64}, {"time": 1134, "pitch": 74, "duration": 12, "velocity": 64}, {"time": 1146, "pitch": 66, "duration": 12, "velocity": 64}, {"time": 1158, "pitch": 67, "duration": 12, "velocity": 64}, {"time": 1170, "pitch": 69, "duration": 12, "velocity": 64}, {"time": 1182, "pitch": 71, "duration": 12, "velocity": 64}, {"time": 1194, "pitch": 72, "duration": 12, "velocity": 64}, {"time": 1206, "pitch": 74, "duration": 12, "velocity": 64}, {"time": 1218, "pitch": 71, "duration": 12, "velocity": 64}, {"time": 1230, "pitch": 79, "duration": 12, "velocity": 64}, {"time": 1242, "pitch": 76, "duration": 12, "velocity": 64}, {"time": 1254, "pitch": 72, "duration": 12, "velocity": 64}, {"time": 1266, "pitch": 79, "duration": 12, "velocity": 64}, {"time": 1278, "pitch": 74, "duration": 12, "velocity": 64}, {"time": 1290, "pitch": 71, "duration": 12, "velocity": 64}, {"time": 1302, "pitch": 79, "duration": 12, "velocity": 64}, {"time": 1314, "pitch": 76, "duration": 12, "velocity": 64}, {"time": 1326, "pitch": 72, "duration": 12, "velocity": 64}, {"time": 1338, "pitch": 79, "duration": 12, "velocity": 64}, {"time": 1350, "pitch": 74, "duration": 12, "velocity": 64}, {"time": 1362, "pitch": 72, "duration": 12, "velocity": 64}, {"time": 1374, "pitch": 71, "duration": 12, "velocity": 64}, {"time": 1386, "pitch": 71, "duration": 12, "velocity": 64}, {"time": 1398, "pitch": 69, "duration": 12, "velocity": 64}, {"time": 1410, "pitch": 67, "duration": 12, "velocity": 64}, {"time": 1422, "pitch": 66, "duration": 12, "velocity": 64}, {"time": 1434, "pitch": 67, "duration": 12, "velocity": 64}, {"time": 1446, "pitch": 69, "duration": 12, "velocity": 64}, {"time": 1458, "pitch": 69, "duration": 24, "velocity": 64}, {"time": 1482, "pitch": 71, "duration": 6, "velocity": 64}, {"time": 1488, "pitch": 72, "duration": 6, "velocity": 64}, {"time": 1494, "pitch": 74, "duration": 12, "velocity": 64}, {"time": 1506, "pitch": 71, "duration": 12, "velocity": 64}, {"time": 1518, "pitch": 79, "duration": 12, "velocity": 64}, {"time": 1530, "pitch": 76, "duration": 12, "velocity": 64}, {"time": 1542, "pitch": 72, "duration": 12, "velocity": 64}, {"time": 1554, "pitch": 79, "duration": 12, "velocity": 64}, {"time": 1566, "pitch": 74, "duration": 12, "velocity": 64}, {"time": 1578, "pitch": 71, "duration": 12, "velocity": 64}, {"time": 1590, "pitch": 79, "duration": 12, "velocity": 64}, {"time": 1602, "pitch": 76, "duration": 12, "velocity": 64}, {"time": 1614, "pitch": 72, "duration": 12, "velocity": 64}, {"time": 1626, "pitch": 79, "duration": 12, "velocity": 64}, {"time": 1638, "pitch": 74, "duration": 12, "velocity": 64}, {"time": 1650, "pitch": 72, "duration": 12, "velocity": 64}, {"time": 1662, "pitch": 71, "duration": 12, "velocity": 64}, {"time": 1674, "pitch": 69, "duration": 12, "velocity": 64}, {"time": 1686, "pitch": 67, "duration": 12, "velocity": 64}, {"time": 1698, "pitch": 66, "duration": 12, "velocity": 64}, {"time": 1710, "pitch": 67, "duration": 36, "velocity": 64}, {"time": 1746, "pitch": 67, "duration": 24, "velocity": 64}], "chords": [{"time": 54, "pitches": [55, 59, 62], "duration": 0, "velocity": 64}, {"time": 126, "pitches": [45, 48, 52], "duration": 0, "velocity": 64}, {"time": 198, "pitches": [50, 54, 57, 60], "duration": 0, "velocity": 64}, {"time": 270, "pitches": [55, 59, 62], "duration": 0, "velocity": 64}, {"time": 306, "pitches": [50, 54, 57, 60], "duration": 0, "velocity": 64}, {"time": 342, "pitches": [55, 59, 62], "duration": 0, "velocity": 64}, {"time": 414, "pitches": [45, 48, 52], "duration": 0, "velocity": 64}, {"time": 450, "pitches": [45, 49, 52, 55], "duration": 0, "velocity": 64}, {"time": 486, "pitches": [50, 54, 57, 60], "duration": 0, "velocity": 64}, {"time": 558, "pitches": [55, 59, 62], "duration": 0, "velocity": 64}, {"time": 630, "pitches": [50, 54, 57, 60], "duration": 0, "velocity": 64}, {"time": 702, "pitches": [55, 59, 62], "duration": 0, "velocity": 64}, {"time": 774, "pitches": [50, 54, 57, 60], "duration": 0, "velocity": 64}, {"time": 846, "pitches": [55, 59, 62], "duration": 0, "velocity": 64}, {"time": 918, "pitches": [50, 54, 57, 60], "duration": 0, "velocity": 64}, {"time": 990, "pitches": [55, 59, 62], "duration": 0, "velocity": 64}, {"time": 1062, "pitches": [50, 54, 57], "duration": 0, "velocity": 64}, {"time": 1098, "pitches": [45, 49, 52, 55], "duration": 0, "velocity": 64}, {"time": 1134, "pitches": [50, 54, 57], "duration": 0, "velocity": 64}, {"time": 1170, "pitches": [50, 54, 57, 60], "duration": 0, "velocity": 64}, {"time": 1206, "pitches": [55, 59, 62], "duration": 0, "velocity": 64}, {"time": 1242, "pitches": [48, 52, 55], "duration": 0, "velocity": 64}, {"time": 1278, "pitches": [55, 59, 62], "duration": 0, "velocity": 64}, {"time": 1314, "pitches": [48, 52, 55], "duration": 0, "velocity": 64}, {"time": 1350, "pitches": [55, 59, 62], "duration": 0, "velocity": 64}, {"time": 1422, "pitches": [50, 54, 57, 60], "duration": 0, "velocity": 64}, {"time": 1494, "pitches": [55, 59, 62], "duration": 0, "velocity": 64}, {"time": 1530, "pitches": [48, 52, 55], "duration": 0, "velocity": 64}, {"time": 1566, "pitches": [55, 59, 62], "duration": 0, "velocity": 64}, {"time": 1602, "pitches": [48, 52, 55], "duration": 0, "velocity": 64}, {"time": 1638, "pitches": [55, 59, 62], "duration": 0, "velocity": 64}, {"time": 1674, "pitches": [50, 54, 57, 60], "duration": 0, "velocity": 64}, {"time": 1710, "pitches": [55, 59, 62], "duration": 0, "velocity": 64}]}]}