{"metadata": {"schema_version": "0.1", "title": "The Lark in the Clear Air", "source_format": "abc"}, "resolution": 24, "tempos": [{"time": 0, "qpm": 120.0}], "key_signatures": [{"time": 0, "root": 2, "mode": "major", "fifths": 2}], "time_signatures": [{"time": 0, "numerator": 6, "denominator": 4}, {"time": 1584, "numerator": 2, "denominator": 4}, {"time": 1728, "numerator": 2, "denominator": 4}, {"time": 1872, "numerator": 1, "denominator": 4}, {"time": 1896, "numerator": 4, "denominator": 4}], "beats": [{"time": 0, "is_downbeat": true}, {"time": 24, "is_downbeat": false}, {"time": 48, "is_downbeat": true}, {"time": 72, "is_downbeat": false}, {"time": 96, "is_downbeat": true}, {"time": 120, "is_downbeat": false}, {"time": 144, "is_downbeat": true}, {"time": 168, "is_downbeat": false}, {"time": 192, "is_downbeat": true}, {"time": 216, "is_downbeat": false}, {"time": 240, "is_downbeat": true}, {"time": 264, "is_downbeat": false}, {"time": 288, "is_downbeat": true}, {"time": 312, "is_downbeat": false}, {"time": 336, "is_downbeat": true}, {"time": 360, "is_downbeat": false}, {"time": 384, "is_downbeat": true}, {"time": 408, "is_downbeat": false}, {"time": 432, "is_downbeat": true}, {"time": 456, "is_downbeat": false}, {"time": 480, "is_downbeat": true}, {"time": 504, "is_downbeat": false}, {"time": 528, "is_downbeat": true}, {"time": 552, "is_downbeat": false}, {"time": 576, "is_downbeat": true}, {"time": 600, "is_downbeat": false}, {"time": 624, "is_downbeat": true}, {"time": 648, "is_downbeat": false}, {"time": 672, "is_downbeat": true}, {"time": 696, "is_downbeat": false}, {"time": 720, "is_downbeat": true}, {"time": 744, "is_downbeat": false}, {"time": 768, "is_downbeat": true}, {"time": 792, "is_downbeat": false}, {"time": 816, "is_downbeat": true}, {"time": 840, "is_downbeat": false}, {"time": 864, "is_downbeat": true}, {"time": 888, "is_downbeat": false}, {"time": 912, "is_downbeat": true}, {"time": 936, "is_downbeat": false}, {"time": 960, "is_downbeat": true}, {"time": 984, "is_downbeat": true}, {"time": 1008, "is_downbeat": false}, {"time": 1032, "is_downbeat": true}, {"time": 1056, "is_downbeat": true}, {"time": 1080, "is_downbeat": false}, {"time": 1104, "is_downbeat": true}, {"time": 1128, "is_downbeat": false}, {"time": 1152, "is_downbeat": true}, {"time": 1176, "is_downbeat": false}, {"time": 1200, "is_downbeat": true}, {"time": 1224, "is_downbeat": false}, {"time": 1248, "is_downbeat": true}, {"time": 1272, "is_downbeat": false}, {"time": 1296, "is_downbeat": true}, {"time": 1320, "is_downbeat": false}, {"time": 1344, "is_downbeat": true}, {"time": 1368, "is_downbeat": false}, {"time": 1392, "is_downbeat": true}, {"time": 1416, "is_downbeat": false}, {"time": 1440, "is_downbeat": true}, {"time": 1464, "is_downbeat": false}, {"time": 1488, "is_downbeat": true}, {"time": 1512, "is_downbeat": false}, {"time": 1536, "is_downbeat": true}, {"time": 1560, "is_downbeat": false}, {"time": 1584, "is_downbeat": true}, {"time": 1608, "is_downbeat": false}, {"time": 1632, "is_downbeat": true}, {"time": 1656, "is_downbeat": false}, {"time": 1680, "is_downbeat": true}, {"time": 1704, "is_downbeat": false}, {"time": 1728, "is_downbeat": true}, {"time": 1752, "is_downbeat": true}, {"time": 1776, "is_downbeat": true}, {"time": 1800, "is_downbeat": true}, {"time": 1824, "is_downbeat": true}, {"time": 1848, "is_downbeat": true}, {"time": 1872, "is_downbeat": true}, {"time": 1896, "is_downbeat": true}, {"time": 1920, "is_downbeat": false}, {"time": 1944, "is_downbeat": false}, {"time": 1968, "is_downbeat": false}], "tracks": [{"program": 0, "is_drum": false, "notes": [{"time": 0, "pitch": 81, "duration": 24, "velocity": 64}, {"time": 24, "pitch": 78, "duration": 24, "velocity": 64}, {"time": 48, "pitch": 74, "duration": 72, "velocity": 64}, {"time": 120, "pitch": 73, "duration": 24, "velocity": 64}, {"time": 144, "pitch": 73, "duration": 24, "velocity": 64}, {"time": 168, "pitch": 74, "duration": 24, "velocity": 64}, {"time": 192, "pitch": 71, "duration": 24, "velocity": 64}, {"time": 216, "pitch": 67, "duration": 24, "velocity": 64}, {"time": 240, "pitch": 69, "duration": 48, "velocity": 64}, {"time": 288, "pitch": 69, "duration": 24, "velocity": 64}, {"time": 312, "pitch": 71, "duration": 12, "velocity": 64}, {"time": 324, "pitch": 73, "duration": 12, "velocity": 64}, {"time": 336, "pitch": 74, "duration": 36, "velocity": 64}, {"time": 372, "pitch": 76, "duration": 12, "velocity": 64}, {"time": 384, "pitch": 78, "duration": 24, "velocity": 64}, {"time": 408, "pitch": 79, "duration": 24, "velocity": 64}, {"time": 432, "pitch": 76, "duration": 48, "velocity": 64}, {"time": 480, "pitch": 81, "duration": 48, "velocity": 64}, {"time": 528, "pitch": 81, "duration": 24, "velocity": 64}, {"time": 552, "pitch": 78, "duration": 24, "velocity": 64}, {"time": 576, "pitch": 74, "duration": 72, "velocity": 64}, {"time": 648, "pitch": 73, "duration": 24, "velocity": 64}, {"time": 672, "pitch": 73, "duration": 24, "velocity": 64}, {"time": 696, "pitch": 74, "duration": 24, "velocity": 64}, {"time": 720, "pitch": 71, "duration": 24, "velocity": 64}, {"time": 744, "pitch": 67, "duration": 24, "velocity": 64}, {"time": 768, "pitch": 69, "duration": 48, "velocity": 64}, {"time": 816, "pitch": 69, "duration": 24, "velocity": 64}, {"time": 840, "pitch": 71, "duration": 12, "velocity": 64}, {"time": 852, "pitch": 73, "duration": 12, "velocity": 64}, {"time": 864, "pitch": 74, "duration": 24, "velocity": 64}, {"time": 888, "pitch": 78, "duration": 24, "velocity": 64}, {"time": 912, "pitch": 71, "duration": 24, "velocity": 64}, {"time": 936, "pitch": 76, "duration": 24, "velocity": 64}, {"time": 960, "pitch": 73, "duration": 24, "velocity": 64}, {"time": 984, "pitch": 74, "duration": 72, "velocity": 64}, {"time": 1056, "pitch": 69, "duration": 48, "velocity": 64}, {"time": 1104, "pitch": 74, "duration": 36, "velocity": 64}, {"time": 1140, "pitch": 73, "duration": 12, "velocity": 64}, {"time": 1152, "pitch": 74, "duration": 12, "velocity": 64}, {"time": 1164, "pitch": 76, "duration": 12, "velocity": 64}, {"time": 1176, "pitch": 78, "duration": 12, "velocity": 64}, {"time": 1188, "pitch": 79, "duration": 12, "velocity": 64}, {"time": 1200, "pitch": 81, "duration": 48, "velocity": 64}, {"time": 1248, "pitch": 83, "duration": 36, "velocity": 64}, {"time": 1284, "pitch": 81, "duration": 12, "velocity": 64}, {"time": 1296, "pitch": 81, "duration": 24, "velocity": 64}, {"time": 1320, "pitch": 78, "duration": 24, "velocity": 64}, {"time": 1344, "pitch": 76, "duration": 12, "velocity": 64}, {"time": 1356, "pitch": 74, "duration": 12, "velocity": 64}, {"time": 1368, "pitch": 76, "duration": 12, "velocity": 64}, {"time": 1380, "pitch": 78, "duration": 4, "velocity": 64}, {"time": 1384, "pitch": 81, "duration": 4, "velocity": 64}, {"time": 1388, "pitch": 79, "duration": 4, "velocity": 64}, {"time": 1392, "pitch": 78, "duration": 48, "velocity": 64}, {"time": 1440, "pitch": 76, "duration": 24, "velocity": 64}, {"time": 1464, "pitch": 81, "duration": 12, "velocity": 64}, {"time": 1476, "pitch": 78, "duration": 12, "velocity": 64}, {"time": 1488, "pitch": 74, "duration": 72, "velocity": 64}, {"time": 1560, "pitch": 73, "duration": 24, "velocity": 64}, {"time": 1584, "pitch": 73, "duration": 24, "velocity": 64}, {"time": 1608, "pitch": 74, "duration": 24, "velocity": 64}, {"time": 1632, "pitch": 71, "duration": 24, "velocity": 64}, {"time": 1656, "pitch": 67, "duration": 24, "velocity": 64}, {"time": 1680, "pitch": 69, "duration": 48, "velocity": 64}, {"time": 1728, "pitch": 69, "duration": 24, "velocity": 64}, {"time": 1752, "pitch": 71, "duration": 12, "velocity": 64}, {"time": 1764, "pitch": 73, "duration": 12, "velocity": 64}, {"time": 1776, "pitch": 74, "duration": 24, "velocity": 64}, {"time": 1800, "pitch": 78, "duration": 24, "velocity": 64}, {"time": 1824, "pitch": 71, "duration": 24, "velocity": 64}, {"time": 1848, "pitch": 76, "duration": 24, "velocity": 64}, {"time": 1872, "pitch": 73, "duration": 24, "velocity": 64}, {"time": 1896, "pitch": 74, "duration": 72, "velocity": 64}], "chords": [{"time": 48, "pitches": [50, 54, 57], "duration": 0, "velocity": 64}, {"time": 144, "pitches": [54, 58, 61], "duration": 0, "velocity": 64}, {"time": 192, "pitches": [55, 59, 62], "duration": 0, "velocity": 64}, {"time": 240, "pitches": [45, 50, 54], "duration": 0, "velocity": 64}, {"time": 288, "pitches": [45, 49, 52, 55], "duration": 0, "velocity": 64}, {"time": 336, "pitches": [50, 54, 57], "duration": 0, "velocity": 64}, {"time": 432, "pitches": [52, 55, 59, 62], "duration": 0, "velocity": 64}, {"time": 480, "pitches": [45, 49, 52], "duration": 0, "velocity": 64}, {"time": 576, "pitches": [47, 50, 54], "duration": 0, "velocity": 64}, {"time": 720, "pitches": [55, 59, 62], "duration": 0, "velocity": 64}, {"time": 768, "pitches": [45, 50, 54], "duration": 0, "velocity": 64}, {"time": 816, "pitches": [45, 49, 52, 55], "duration": 0, "velocity": 64}, {"time": 864, "pitches": [50, 54, 57], "duration": 0, "velocity": 64}, {"time": 912, "pitches": [55, 59, 62], "duration": 0, "velocity": 64}, {"time": 936, "pitches": [52, 55, 59], "duration": 0, "velocity": 64}, {"time": 960, "pitches": [45, 49, 52, 55], "duration": 0, "velocity": 64}, {"time": 984, "pitches": [50, 54, 57], "duration": 0, "velocity": 64}, {"time": 1056, "pitches": [45, 49, 52, 55], "duration": 0, "velocity": 64}, {"time": 1104, "pitches": [50, 54, 57], "duration": 0, "velocity": 64}, {"time": 1152, "pitches": [50, 54, 57], "duration": 0, "velocity": 64}, {"time": 1200, "pitches": [50, 54, 57], "duration": 0, "velocity": 64}, {"time": 1248, "pitches": [55, 59, 62], "duration": 0, "velocity": 64}, {"time": 1296, "pitches": [50, 54, 57], "duration": 0, "velocity": 64}, {"time": 1392, "pitches": [52, 55, 59], "duration": 0, "velocity": 64}, {"time": 1440, "pitches": [45, 49, 52], "duration": 0, "velocity": 64}, {"time": 1488, "pitches": [47, 50, 54], "duration": 0, "velocity": 64}, {"time": 1632, "pitches": [55, 59, 62], "duration": 0, "velocity": 64}, {"time": 1680, "pitches": [45, 50, 54], "duration": 0, "velocity": 64}, {"time": 1728, "pitches": [45, 49, 52, 55], "duration": 0, "velocity": 64}, {"time": 1776, "pitches": [50, 54, 57], "duration": 0, "velocity": 64}, {"time": 1824, "pitches": [55, 59, 62], "duration": 0, "velocity": 64}, {"time": 1848, "pitches": [52, 55, 59], "duration": 0, "velocity": 64}, {"time": 1872, "pitches": [45, 49, 52, 55], "duration": 0, "velocity": 64}, {"time": 1896, "pitches": [50, 54, 57], "duration": 0, "velocity": 64}]}]}