{"metadata": {"schema_version": "0.1", "title": "Oh Dear, What Can The Matter Be", "source_format": "abc"}, "resolution": 24, "tempos": [{"time": 0, "qpm": 120.0}], "key_signatures": [{"time": 0, "root": 7, "mode": "major", "fifths": 1}], "time_signatures": [{"time": 0, "numerator": 6, "denominator": 8}], "beats": [{"time": 0, "is_downbeat": true}, {"time": 12, "is_downbeat": false}, {"time": 24, "is_downbeat": true}, {"time": 36, "is_downbeat": false}, {"time": 48, "is_downbeat": false}, {"time": 60, "is_downbeat": false}, {"time": 72, "is_downbeat": false}, {"time": 84, "is_downbeat": false}, {"time": 96, "is_downbeat": true}, {"time": 108, "is_downbeat": false}, {"time": 120, "is_downbeat": false}, {"time": 132, "is_downbeat": false}, {"time": 144, "is_downbeat": false}, {"time": 156, "is_downbeat": false}, {"time": 168, "is_downbeat": true}, {"time": 180, "is_downbeat": false}, {"time": 192, "is_downbeat": false}, {"time": 204, "is_downbeat": false}, {"time": 216, "is_downbeat": false}, {"time": 228, "is_downbeat": false}, {"time": 240, "is_downbeat": true}, {"time": 252, "is_downbeat": false}, {"time": 264, "is_downbeat": false}, {"time": 276, "is_downbeat": false}, {"time": 288, "is_downbeat": false}, {"time": 300, "is_downbeat": false}, {"time": 312, "is_downbeat": true}, {"time": 324, "is_downbeat": false}, {"time": 336, "is_downbeat": false}, {"time": 348, "is_downbeat": false}, {"time": 360, "is_downbeat": false}, {"time": 372, "is_downbeat": false}, {"time": 384, "is_downbeat": true}, {"time": 396, "is_downbeat": false}, {"time": 408, "is_downbeat": false}, {"time": 420, "is_downbeat": false}, {"time": 432, "is_downbeat": false}, {"time": 444, "is_downbeat": false}, {"time": 456, "is_downbeat": true}, {"time": 468, "is_downbeat": false}, {"time": 480, "is_downbeat": false}, {"time": 492, "is_downbeat": false}, {"time": 504, "is_downbeat": false}, {"time": 516, "is_downbeat": false}, {"time": 528, "is_downbeat": true}, {"time": 540, "is_downbeat": false}, {"time": 552, "is_downbeat": false}, {"time": 564, "is_downbeat": false}, {"time": 576, "is_downbeat": true}, {"time": 588, "is_downbeat": false}, {"time": 600, "is_downbeat": true}, {"time": 612, "is_downbeat": false}, {"time": 624, "is_downbeat": false}, {"time": 636, "is_downbeat": false}, {"time": 648, "is_downbeat": false}, {"time": 660, "is_downbeat": false}, {"time": 672, "is_downbeat": true}, {"time": 684, "is_downbeat": false}, {"time": 696, "is_downbeat": false}, {"time": 708, "is_downbeat": false}, {"time": 720, "is_downbeat": false}, {"time": 732, "is_downbeat": false}, {"time": 744, "is_downbeat": true}, {"time": 756, "is_downbeat": false}, {"time": 768, "is_downbeat": false}, {"time": 780, "is_downbeat": false}, {"time": 792, "is_downbeat": false}, {"time": 804, "is_downbeat": false}, {"time": 816, "is_downbeat": true}, {"time": 828, "is_downbeat": false}, {"time": 840, "is_downbeat": false}, {"time": 852, "is_downbeat": false}, {"time": 864, "is_downbeat": false}, {"time": 876, "is_downbeat": false}, {"time": 888, "is_downbeat": true}, {"time": 900, "is_downbeat": false}, {"time": 912, "is_downbeat": false}, {"time": 924, "is_downbeat": false}, {"time": 936, "is_downbeat": false}, {"time": 948, "is_downbeat": false}, {"time": 960, "is_downbeat": true}, {"time": 972, "is_downbeat": false}, {"time": 984, "is_downbeat": false}, {"time": 996, "is_downbeat": false}, {"time": 1008, "is_downbeat": false}, {"time": 1020, "is_downbeat": false}, {"time": 1032, "is_downbeat": true}, {"time": 1044, "is_downbeat": false}, {"time": 1056, "is_downbeat": false}, {"time": 1068, "is_downbeat": false}, {"time": 1080, "is_downbeat": false}, {"time": 1092, "is_downbeat": false}, {"time": 1104, "is_downbeat": true}, {"time": 1116, "is_downbeat": false}, {"time": 1128, "is_downbeat": false}, {"time": 1140, "is_downbeat": false}, {"time": 1152, "is_downbeat": true}, {"time": 1164, "is_downbeat": false}, {"time": 1176, "is_downbeat": true}, {"time": 1188, "is_downbeat": false}, {"time": 1200, "is_downbeat": false}, {"time": 1212, "is_downbeat": false}, {"time": 1224, "is_downbeat": false}, {"time": 1236, "is_downbeat": false}, {"time": 1248, "is_downbeat": true}, {"time": 1260, "is_downbeat": false}, {"time": 1272, "is_downbeat": false}, {"time": 1284, "is_downbeat": false}, {"time": 1296, "is_downbeat": false}, {"time": 1308, "is_downbeat": false}, {"time": 1320, "is_downbeat": true}, {"time": 1332, "is_downbeat": false}, {"time": 1344, "is_downbeat": false}, {"time": 1356, "is_downbeat": false}, {"time": 1368, "is_downbeat": false}, {"time": 1380, "is_downbeat": false}, {"time": 1392, "is_downbeat": true}, {"time": 1404, "is_downbeat": false}, {"time": 1416, "is_downbeat": false}, {"time": 1428, "is_downbeat": false}, {"time": 1440, "is_downbeat": false}, {"time": 1452, "is_downbeat": false}, {"time": 1464, "is_downbeat": true}, {"time": 1476, "is_downbeat": false}, {"time": 1488, "is_downbeat": false}, {"time": 1500, "is_downbeat": false}, {"time": 1512, "is_downbeat": false}, {"time": 1524, "is_downbeat": false}, {"time": 1536, "is_downbeat": true}, {"time": 1548, "is_downbeat": false}, {"time": 1560, "is_downbeat": false}, {"time": 1572, "is_downbeat": false}, {"time": 1584, "is_downbeat": false}, {"time": 1596, "is_downbeat": false}, {"time": 1608, "is_downbeat": true}, {"time": 1620, "is_downbeat": false}, {"time": 1632, "is_downbeat": false}, {"time": 1644, "is_downbeat": false}, {"time": 1656, "is_downbeat": false}, {"time": 1668, "is_downbeat": false}, {"time": 1680, "is_downbeat": true}, {"time": 1692, "is_downbeat": false}, {"time": 1704, "is_downbeat": false}, {"time": 1716, "is_downbeat": false}, {"time": 1728, "is_downbeat": true}, {"time": 1740, "is_downbeat": false}, {"time": 1752, "is_downbeat": true}, {"time": 1764, "is_downbeat": false}, {"time": 1776, "is_downbeat": false}, {"time": 1788, "is_downbeat": false}, {"time": 1800, "is_downbeat": false}, {"time": 1812, "is_downbeat": false}, {"time": 1824, "is_downbeat": true}, {"time": 1836, "is_downbeat": false}, {"time": 1848, "is_downbeat": false}, {"time": 1860, "is_downbeat": false}, {"time": 1872, "is_downbeat": false}, {"time": 1884, "is_downbeat": false}, {"time": 1896, "is_downbeat": true}, {"time": 1908, "is_downbeat": false}, {"time": 1920, "is_downbeat": false}, {"time": 1932, "is_downbeat": false}, {"time": 1944, "is_downbeat": false}, {"time": 1956, "is_downbeat": false}, {"time": 1968, "is_downbeat": true}, {"time": 1980, "is_downbeat": false}, {"time": 1992, "is_downbeat": false}, {"time": 2004, "is_downbeat": false}, {"time": 2016, "is_downbeat": false}, {"time": 2028, "is_downbeat": false}, {"time": 2040, "is_downbeat": true}, {"time": 2052, "is_downbeat": false}, {"time": 2064, "is_downbeat": false}, {"time": 2076, "is_downbeat": false}, {"time": 2088, "is_downbeat": false}, {"time": 2100, "is_downbeat": false}, {"time": 2112, "is_downbeat": true}, {"time": 2124, "is_downbeat": false}, {"time": 2136, "is_downbeat": false}, {"time": 2148, "is_downbeat": false}, {"time": 2160, "is_downbeat": false}, {"time": 2172, "is_downbeat": false}, {"time": 2184, "is_downbeat": true}, {"time": 2196, "is_downbeat": false}, {"time": 2208, "is_downbeat": false}, {"time": 2220, "is_downbeat": false}, {"time": 2232, "is_downbeat": false}, {"time": 2244, "is_downbeat": false}, {"time": 2256, "is_downbeat": true}, {"time": 2268, "is_downbeat": false}, {"time": 2280, "is_downbeat": false}, {"time": 2292, "is_downbeat": false}, {"time": 2304, "is_downbeat": true}, {"time": 2316, "is_downbeat": false}, {"time": 2328, "is_downbeat": true}, {"time": 2340, "is_downbeat": false}, {"time": 2352, "is_downbeat": false}, {"time": 2364, "is_downbeat": false}, {"time": 2376, "is_downbeat": false}, {"time": 2388, "is_downbeat": false}, {"time": 2400, "is_downbeat": true}, {"time": 2412, "is_downbeat": false}, {"time": 2424, "is_downbeat": false}, {"time": 2436, "is_downbeat": false}, {"time": 2448, "is_downbeat": false}, {"time": 2460, "is_downbeat": false}, {"time": 2472, "is_downbeat": true}, {"time": 2484, "is_downbeat": false}, {"time": 2496, "is_downbeat": false}, {"time": 2508, "is_downbeat": false}, {"time": 2520, "is_downbeat": false}, {"time": 2532, "is_downbeat": false}, {"time": 2544, "is_downbeat": true}, {"time": 2556, "is_downbeat": false}, {"time": 2568, "is_downbeat": false}, {"time": 2580, "is_downbeat": false}, {"time": 2592, "is_downbeat": false}, {"time": 2604, "is_downbeat": false}, {"time": 2616, "is_downbeat": true}, {"time": 2628, "is_downbeat": false}, {"time": 2640, "is_downbeat": false}, {"time": 2652, "is_downbeat": false}, {"time": 2664, "is_downbeat": false}, {"time": 2676, "is_downbeat": false}, {"time": 2688, "is_downbeat": true}, {"time": 2700, "is_downbeat": false}, {"time": 2712, "is_downbeat": false}, {"time": 2724, "is_downbeat": false}, {"time": 2736, "is_downbeat": false}, {"time": 2748, "is_downbeat": false}, {"time": 2760, "is_downbeat": true}, {"time": 2772, "is_downbeat": false}, {"time": 2784, "is_downbeat": false}, {"time": 2796, "is_downbeat": false}, {"time": 2808, "is_downbeat": false}, {"time": 2820, "is_downbeat": false}, {"time": 2832, "is_downbeat": true}, {"time": 2844, "is_downbeat": false}, {"time": 2856, "is_downbeat": false}, {"time": 2868, "is_downbeat": false}, {"time": 2880, "is_downbeat": true}, {"time": 2892, "is_downbeat": false}, {"time": 2904, "is_downbeat": true}, {"time": 2916, "is_downbeat": false}, {"time": 2928, "is_downbeat": false}, {"time": 2940, "is_downbeat": false}, {"time": 2952, "is_downbeat": false}, {"time": 2964, "is_downbeat": false}, {"time": 2976, "is_downbeat": true}, {"time": 2988, "is_downbeat": false}, {"time": 3000, "is_downbeat": false}, {"time": 3012, "is_downbeat": false}, {"time": 3024, "is_downbeat": false}, {"time": 3036, "is_downbeat": false}, {"time": 3048, "is_downbeat": true}, {"time": 3060, "is_downbeat": false}, {"time": 3072, "is_downbeat": false}, {"time": 3084, "is_downbeat": false}, {"time": 3096, "is_downbeat": false}, {"time": 3108, "is_downbeat": false}, {"time": 3120, "is_downbeat": true}, {"time": 3132, "is_downbeat": false}, {"time": 3144, "is_downbeat": false}, {"time": 3156, "is_downbeat": false}, {"time": 3168, "is_downbeat": false}, {"time": 3180, "is_downbeat": false}, {"time": 3192, "is_downbeat": true}, {"time": 3204, "is_downbeat": false}, {"time": 3216, "is_downbeat": false}, {"time": 3228, "is_downbeat": false}, {"time": 3240, "is_downbeat": false}, {"time": 3252, "is_downbeat": false}, {"time": 3264, "is_downbeat": true}, {"time": 3276, "is_downbeat": false}, {"time": 3288, "is_downbeat": false}, {"time": 3300, "is_downbeat": false}, {"time": 3312, "is_downbeat": false}, {"time": 3324, "is_downbeat": false}, {"time": 3336, "is_downbeat": true}, {"time": 3348, "is_downbeat": false}, {"time": 3360, "is_downbeat": false}, {"time": 3372, "is_downbeat": false}, {"time": 3384, "is_downbeat": false}, {"time": 3396, "is_downbeat": false}, {"time": 3408, "is_downbeat": true}, {"time": 3420, "is_downbeat": false}, {"time": 3432, "is_downbeat": false}, {"time": 3444, "is_downbeat": false}, {"time": 3456, "is_downbeat": true}, {"time": 3468, "is_downbeat": false}, {"time": 3480, "is_downbeat": true}, {"time": 3492, "is_downbeat": false}, {"time": 3504, "is_downbeat": false}, {"time": 3516, "is_downbeat": false}, {"time": 3528, "is_downbeat": false}, {"time": 3540, "is_downbeat": false}, {"time": 3552, "is_downbeat": true}, {"time": 3564, "is_downbeat": false}, {"time": 3576, "is_downbeat": false}, {"time": 3588, "is_downbeat": false}, {"time": 3600, "is_downbeat": false}, {"time": 3612, "is_downbeat": false}, {"time": 3624, "is_downbeat": true}, {"time": 3636, "is_downbeat": false}, {"time": 3648, "is_downbeat": false}, {"time": 3660, "is_downbeat": false}, {"time": 3672, "is_downbeat": false}, {"time": 3684, "is_downbeat": false}, {"time": 3696, "is_downbeat": true}, {"time": 3708, "is_downbeat": false}, {"time": 3720, "is_downbeat": false}, {"time": 3732, "is_downbeat": false}, {"time": 3744, "is_downbeat": false}, {"time": 3756, "is_downbeat": false}, {"time": 3768, "is_downbeat": true}, {"time": 3780, "is_downbeat": false}, {"time": 3792, "is_downbeat": false}, {"time": 3804, "is_downbeat": false}, {"time": 3816, "is_downbeat": false}, {"time": 3828, "is_downbeat": false}, {"time": 3840, "is_downbeat": true}, {"time": 3852, "is_downbeat": false}, {"time": 3864, "is_downbeat": false}, {"time": 3876, "is_downbeat": false}, {"time": 3888, "is_downbeat": false}, {"time": 3900, "is_downbeat": false}, {"time": 3912, "is_downbeat": true}, {"time": 3924, "is_downbeat": false}, {"time": 3936, "is_downbeat": false}, {"time": 3948, "is_downbeat": false}, {"time": 3960, "is_downbeat": false}, {"time": 3972, "is_downbeat": false}, {"time": 3984, "is_downbeat": true}, {"time": 3996, "is_downbeat": false}, {"time": 4008, "is_downbeat": false}, {"time": 4020, "is_downbeat": false}, {"time": 4032, "is_downbeat": true}, {"time": 4044, "is_downbeat": false}, {"time": 4056, "is_downbeat": true}, {"time": 4068, "is_downbeat": false}, {"time": 4080, "is_downbeat": false}, {"time": 4092, "is_downbeat": false}, {"time": 4104, "is_downbeat": false}, {"time": 4116, "is_downbeat": false}, {"time": 4128, "is_downbeat": true}, {"time": 4140, "is_downbeat": false}, {"time": 4152, "is_downbeat": false}, {"time": 4164, "is_downbeat": false}, {"time": 4176, "is_downbeat": false}, {"time": 4188, "is_downbeat": false}, {"time": 4200, "is_downbeat": true}, {"time": 4212, "is_downbeat": false}, {"time": 4224, "is_downbeat": false}, {"time": 4236, "is_downbeat": false}, {"time": 4248, "is_downbeat": false}, {"time": 4260, "is_downbeat": false}, {"time": 4272, "is_downbeat": true}, {"time": 4284, "is_downbeat": false}, {"time": 4296, "is_downbeat": false}, {"time": 4308, "is_downbeat": false}, {"time": 4320, "is_downbeat": false}, {"time": 4332, "is_downbeat": false}, {"time": 4344, "is_downbeat": true}, {"time": 4356, "is_downbeat": false}, {"time": 4368, "is_downbeat": false}, {"time": 4380, "is_downbeat": false}, {"time": 4392, "is_downbeat": false}, {"time": 4404, "is_downbeat": false}, {"time": 4416, "is_downbeat": true}, {"time": 4428, "is_downbeat": false}, {"time": 4440, "is_downbeat": false}, {"time": 4452, "is_downbeat": false}, {"time": 4464, "is_downbeat": false}, {"time": 4476, "is_downbeat": false}, {"time": 4488, "is_downbeat": true}, {"time": 4500, "is_downbeat": false}, {"time": 4512, "is_downbeat": false}, {"time": 4524, "is_downbeat": false}, {"time": 4536, "is_downbeat": false}, {"time": 4548, "is_downbeat": false}, {"time": 4560, "is_downbeat": true}, {"time": 4572, "is_downbeat": false}, {"time": 4584, "is_downbeat": false}, {"time": 4596, "is_downbeat": false}, {"time": 4608, "is_downbeat": false}, {"time": 4620, "is_downbeat": false}], "tracks": [{"program": 0, "is_drum": false, "notes": [{"time": 0, "pitch": 71, "duration": 12, "velocity": 64}, {"time": 12, "pitch": 72, "duration": 12, "velocity": 64}, {"time": 24, "pitch": 74, "duration": 36, "velocity": 64}, {"time": 60, "pitch": 74, "duration": 36, "velocity": 64}, {"time": 96, "pitch": 74, "duration": 12, "velocity": 64}, {"time": 108, "pitch": 71, "duration": 12, "velocity": 64}, {"time": 120, "pitch": 79, "duration": 12, "velocity": 64}, {"time": 132, "pitch": 74, "duration": 12, "velocity": 64}, {"time": 144, "pitch": 71, "duration": 12, "velocity": 64}, {"time": 156, "pitch": 67, "duration": 12, "velocity": 64}, {"time": 168, "pitch": 72, "duration": 36, "velocity": 64}, {"time": 204, "pitch": 72, "duration": 36, "velocity": 64}, {"time": 240, "pitch": 72, "duration": 12, "velocity": 64}, {"time": 252, "pitch": 69, "duration": 12, "velocity": 64}, {"time": 264, "pitch": 71, "duration": 12, "velocity": 64}, {"time": 276, "pitch": 72, "duration": 12, "velocity": 64}, {"time": 288, "pitch": 71, "duration": 12, "velocity": 64}, {"time": 300, "pitch": 69, "duration": 12, "velocity": 64}, {"time": 312, "pitch": 74, "duration": 36, "velocity": 64}, {"time": 348, "pitch": 74, "duration": 36, "velocity": 64}, {"time": 384, "pitch": 74, "duration": 12, "velocity": 64}, {"time": 396, "pitch": 71, "duration": 12, "velocity": 64}, {"time": 408, "pitch": 79, "duration": 12, "velocity": 64}, {"time": 420, "pitch": 74, "duration": 12, "velocity": 64}, {"time": 432, "pitch": 71, "duration": 12, "velocity": 64}, {"time": 444, "pitch": 67, "duration": 12, "velocity": 64}, {"time": 456, "pitch": 64, "duration": 12, "velocity": 64}, {"time": 468, "pitch": 69, "duration": 12, "velocity": 64}, {"time": 480, "pitch": 72, "duration": 12, "velocity": 64}, {"time": 492, "pitch": 71, "duration": 12, "velocity": 64}, {"time": 504, "pitch": 72, "duration": 12, "velocity": 64}, {"time": 516, "pitch": 69, "duration": 12, "velocity": 64}, {"time": 528, "pitch": 67, "duration": 48, "velocity": 64}, {"time": 576, "pitch": 71, "duration": 12, "velocity": 64}, {"time": 588, "pitch": 72, "duration": 12, "velocity": 64}, {"time": 600, "pitch": 74, "duration": 12, "velocity": 64}, {"time": 612, "pitch": 71, "duration": 12, "velocity": 64}, {"time": 624, "pitch": 72, "duration": 12, "velocity": 64}, {"time": 636, "pitch": 74, "duration": 12, "velocity": 64}, {"time": 648, "pitch": 71, "duration": 12, "velocity": 64}, {"time": 660, "pitch": 72, "duration": 12, "velocity": 64}, {"time": 672, "pitch": 74, "duration": 12, "velocity": 64}, {"time": 684, "pitch": 71, "duration": 12, "velocity": 64}, {"time": 696, "pitch": 79, "duration": 12, "velocity": 64}, {"time": 708, "pitch": 74, "duration": 12, "velocity": 64}, {"time": 720, "pitch": 71, "duration": 12, "velocity": 64}, {"time": 732, "pitch": 67, "duration": 12, "velocity": 64}, {"time": 744, "pitch": 72, "duration": 12, "velocity": 64}, {"time": 756, "pitch": 69, "duration": 12, "velocity": 64}, {"time": 768, "pitch": 71, "duration": 12, "velocity": 64}, {"time": 780, "pitch": 72, "duration": 12, "velocity": 64}, {"time": 792, "pitch": 69, "duration": 12, "velocity": 64}, {"time": 804, "pitch": 71, "duration": 12, "velocity": 64}, {"time": 816, "pitch": 72, "duration": 12, "velocity": 64}, {"time": 828, "pitch": 69, "duration": 12, "velocity": 64}, {"time": 840, "pitch": 71, "duration": 12, "velocity": 64}, {"time": 852, "pitch": 72, "duration": 12, "velocity": 64}, {"time": 864, "pitch": 71, "duration": 12, "velocity": 64}, {"time": 876, "pitch": 69, "duration": 12, "velocity": 64}, {"time": 888, "pitch": 74, "duration": 12, "velocity": 64}, {"time": 900, "pitch": 71, "duration": 12, "velocity": 64}, {"time": 912, "pitch": 72, "duration": 12, "velocity": 64}, {"time": 924, "pitch": 74, "duration": 12, "velocity": 64}, {"time": 936, "pitch": 71, "duration": 12, "velocity": 64}, {"time": 948, "pitch": 72, "duration": 12, "velocity": 64}, {"time": 960, "pitch": 74, "duration": 12, "velocity": 64}, {"time": 972, "pitch": 71, "duration": 12, "velocity": 64}, {"time": 984, "pitch": 79, "duration": 12, "velocity": 64}, {"time": 996, "pitch": 74, "duration": 12, "velocity": 64}, {"time": 1008, "pitch": 71, "duration": 12, "velocity": 64}, {"time": 1020, "pitch": 67, "duration": 12, "velocity": 64}, {"time": 1032, "pitch": 64, "duration": 12, "velocity": 64}, {"time": 1044, "pitch": 69, "duration": 12, "velocity": 64}, {"time": 1056, "pitch": 72, "duration": 12, "velocity": 64}, {"time": 1068, "pitch": 71, "duration": 12, "velocity": 64}, {"time": 1080, "pitch": 72, "duration": 12, "velocity": 64}, {"time": 1092, "pitch": 69, "duration": 12, "velocity": 64}, {"time": 1104, "pitch": 67, "duration": 48, "velocity": 64}, {"time": 1152, "pitch": 71, "duration": 12, "velocity": 64}, {"time": 1164, "pitch": 72, "duration": 12, "velocity": 64}, {"time": 1176, "pitch": 74, "duration": 12, "velocity": 64}, {"time": 1188, "pitch": 71, "duration": 6, "velocity": 64}, {"time": 1194, "pitch": 72, "duration": 6, "velocity": 64}, {"time": 1200, "pitch": 74, "duration": 6, "velocity": 64}, {"time": 1206, "pitch": 71, "duration": 6, "velocity": 64}, {"time": 1212, "pitch": 79, "duration": 12, "velocity": 64}, {"time": 1224, "pitch": 71, "duration": 6, "velocity": 64}, {"time": 1230, "pitch": 72, "duration": 6, "velocity": 64}, {"time": 1236, "pitch": 74, "duration": 6, "velocity": 64}, {"time": 1242, "pitch": 71, "duration": 6, "velocity": 64}, {"time": 1248, "pitch": 74, "duration": 12, "velocity": 64}, {"time": 1260, "pitch": 71, "duration": 6, "velocity": 64}, {"time": 1266, "pitch": 72, "duration": 6, "velocity": 64}, {"time": 1272, "pitch": 74, "duration": 6, "velocity": 64}, {"time": 1278, "pitch": 71, "duration": 6, "velocity": 64}, {"time": 1284, "pitch": 76, "duration": 6, "velocity": 64}, {"time": 1290, "pitch": 74, "duration": 6, "velocity": 64}, {"time": 1296, "pitch": 72, "duration": 6, "velocity": 64}, {"time": 1302, "pitch": 71, "duration": 6, "velocity": 64}, {"time": 1308, "pitch": 69, "duration": 6, "velocity": 64}, {"time": 1314, "pitch": 67, "duration": 6, "velocity": 64}, {"time": 1320, "pitch": 72, "duration": 12, "velocity": 64}, {"time": 1332, "pitch": 69, "duration": 6, "velocity": 64}, {"time": 1338, "pitch": 71, "duration": 6, "velocity": 64}, {"time": 1344, "pitch": 72, "duration": 6, "velocity": 64}, {"time": 1350, "pitch": 69, "duration": 6, "velocity": 64}, {"time": 1356, "pitch": 81, "duration": 12, "velocity": 64}, {"time": 1368, "pitch": 69, "duration": 6, "velocity": 64}, {"time": 1374, "pitch": 71, "duration": 6, "velocity": 64}, {"time": 1380, "pitch": 72, "duration": 6, "velocity": 64}, {"time": 1386, "pitch": 69, "duration": 6, "velocity": 64}, {"time": 1392, "pitch": 72, "duration": 12, "velocity": 64}, {"time": 1404, "pitch": 69, "duration": 6, "velocity": 64}, {"time": 1410, "pitch": 71, "duration": 6, "velocity": 64}, {"time": 1416, "pitch": 72, "duration": 6, "velocity": 64}, {"time": 1422, "pitch": 69, "duration": 6, "velocity": 64}, {"time": 1428, "pitch": 81, "duration": 6, "velocity": 64}, {"time": 1434, "pitch": 79, "duration": 6, "velocity": 64}, {"time": 1440, "pitch": 78, "duration": 6, "velocity": 64}, {"time": 1446, "pitch": 76, "duration": 6, "velocity": 64}, {"time": 1452, "pitch": 74, "duration": 6, "velocity": 64}, {"time": 1458, "pitch": 73, "duration": 6, "velocity": 64}, {"time": 1464, "pitch": 74, "duration": 12, "velocity": 64}, {"time": 1476, "pitch": 71, "duration": 6, "velocity": 64}, {"time": 1482, "pitch": 72, "duration": 6, "velocity": 64}, {"time": 1488, "pitch": 74, "duration": 6, "velocity": 64}, {"time": 1494, "pitch": 71, "duration": 6, "velocity": 64}, {"time": 1500, "pitch": 79, "duration": 12, "velocity": 64}, {"time": 1512, "pitch": 71, "duration": 6, "velocity": 64}, {"time": 1518, "pitch": 72, "duration": 6, "velocity": 64}, {"time": 1524, "pitch": 74, "duration": 6, "velocity": 64}, {"time": 1530, "pitch": 71, "duration": 6, "velocity": 64}, {"time": 1536, "pitch": 74, "duration": 12, "velocity": 64}, {"time": 1548, "pitch": 71, "duration": 6, "velocity": 64}, {"time": 1554, "pitch": 72, "duration": 6, "velocity": 64}, {"time": 1560, "pitch": 74, "duration": 6, "velocity": 64}, {"time": 1566, "pitch": 71, "duration": 6, "velocity": 64}, {"time": 1572, "pitch": 76, "duration": 6, "velocity": 64}, {"time": 1578, "pitch": 74, "duration": 6, "velocity": 64}, {"time": 1584, "pitch": 72, "duration": 6, "velocity": 64}, {"time": 1590, "pitch": 71, "duration": 6, "velocity": 64}, {"time": 1596, "pitch": 69, "duration": 6, "velocity": 64}, {"time": 1602, "pitch": 67, "duration": 6, "velocity": 64}, {"time": 1608, "pitch": 64, "duration": 12, "velocity": 64}, {"time": 1620, "pitch": 69, "duration": 12, "velocity": 64}, {"time": 1632, "pitch": 72, "duration": 12, "velocity": 64}, {"time": 1644, "pitch": 71, "duration": 12, "velocity": 64}, {"time": 1656, "pitch": 72, "duration": 12, "velocity": 64}, {"time": 1668, "pitch": 69, "duration": 12, "velocity": 64}, {"time": 1680, "pitch": 67, "duration": 48, "velocity": 64}, {"time": 1728, "pitch": 71, "duration": 12, "velocity": 64}, {"time": 1740, "pitch": 72, "duration": 12, "velocity": 64}, {"time": 1752, "pitch": 74, "duration": 6, "velocity": 64}, {"time": 1758, "pitch": 72, "duration": 6, "velocity": 64}, {"time": 1764, "pitch": 71, "duration": 6, "velocity": 64}, {"time": 1770, "pitch": 72, "duration": 6, "velocity": 64}, {"time": 1776, "pitch": 74, "duration": 6, "velocity": 64}, {"time": 1782, "pitch": 71, "duration": 6, "velocity": 64}, {"time": 1788, "pitch": 74, "duration": 6, "velocity": 64}, {"time": 1794, "pitch": 72, "duration": 6, "velocity": 64}, {"time": 1800, "pitch": 71, "duration": 6, "velocity": 64}, {"time": 1806, "pitch": 72, "duration": 6, "velocity": 64}, {"time": 1812, "pitch": 74, "duration": 6, "velocity": 64}, {"time": 1818, "pitch": 71, "duration": 6, "velocity": 64}, {"time": 1824, "pitch": 74, "duration": 12, "velocity": 64}, {"time": 1836, "pitch": 71, "duration": 12, "velocity": 64}, {"time": 1848, "pitch": 79, "duration": 12, "velocity": 64}, {"time": 1860, "pitch": 74, "duration": 12, "velocity": 64}, {"time": 1872, "pitch": 71, "duration": 12, "velocity": 64}, {"time": 1884, "pitch": 67, "duration": 12, "velocity": 64}, {"time": 1896, "pitch": 72, "duration": 6, "velocity": 64}, {"time": 1902, "pitch": 71, "duration": 6, "velocity": 64}, {"time": 1908, "pitch": 69, "duration": 6, "velocity": 64}, {"time": 1914, "pitch": 71, "duration": 6, "velocity": 64}, {"time": 1920, "pitch": 72, "duration": 6, "velocity": 64}, {"time": 1926, "pitch": 69, "duration": 6, "velocity": 64}, {"time": 1932, "pitch": 72, "duration": 6, "velocity": 64}, {"time": 1938, "pitch": 71, "duration": 6, "velocity": 64}, {"time": 1944, "pitch": 69, "duration": 6, "velocity": 64}, {"time": 1950, "pitch": 71, "duration": 6, "velocity": 64}, {"time": 1956, "pitch": 72, "duration": 6, "velocity": 64}, {"time": 1962, "pitch": 69, "duration": 6, "velocity": 64}, {"time": 1968, "pitch": 72, "duration": 12, "velocity": 64}, {"time": 1980, "pitch": 69, "duration": 12, "velocity": 64}, {"time": 1992, "pitch": 81, "duration": 12, "velocity": 64}, {"time": 2004, "pitch": 79, "duration": 12, "velocity": 64}, {"time": 2016, "pitch": 78, "duration": 12, "velocity": 64}, {"time": 2028, "pitch": 76, "duration": 12, "velocity": 64}, {"time": 2040, "pitch": 74, "duration": 6, "velocity": 64}, {"time": 2046, "pitch": 72, "duration": 6, "velocity": 64}, {"time": 2052, "pitch": 71, "duration": 6, "velocity": 64}, {"time": 2058, "pitch": 72, "duration": 6, "velocity": 64}, {"time": 2064, "pitch": 74, "duration": 6, "velocity": 64}, {"time": 2070, "pitch": 71, "duration": 6, "velocity": 64}, {"time": 2076, "pitch": 74, "duration": 6, "velocity": 64}, {"time": 2082, "pitch": 72, "duration": 6, "velocity": 64}, {"time": 2088, "pitch": 71, "duration": 6, "velocity": 64}, {"time": 2094, "pitch": 72, "duration": 6, "velocity": 64}, {"time": 2100, "pitch": 74, "duration": 6, "velocity": 64}, {"time": 2106, "pitch": 71, "duration": 6, "velocity": 64}, {"time": 2112, "pitch": 74, "duration": 12, "velocity": 64}, {"time": 2124, "pitch": 71, "duration": 12, "velocity": 64}, {"time": 2136, "pitch": 79, "duration": 12, "velocity": 64}, {"time": 2148, "pitch": 74, "duration": 12, "velocity": 64}, {"time": 2160, "pitch": 71, "duration": 12, "velocity": 64}, {"time": 2172, "pitch": 67, "duration": 12, "velocity": 64}, {"time": 2184, "pitch": 64, "duration": 12, "velocity": 64}, {"time": 2196, "pitch": 69, "duration": 12, "velocity": 64}, {"time": 2208, "pitch": 72, "duration": 12, "velocity": 64}, {"time": 2220, "pitch": 71, "duration": 12, "velocity": 64}, {"time": 2232, "pitch": 72, "duration": 12, "velocity": 64}, {"time": 2244, "pitch": 69, "duration": 12, "velocity": 64}, {"time": 2256, "pitch": 67, "duration": 48, "velocity": 64}, {"time": 2304, "pitch": 71, "duration": 12, "velocity": 64}, {"time": 2316, "pitch": 72, "duration": 12, "velocity": 64}, {"time": 2328, "pitch": 74, "duration": 12, "velocity": 64}, {"time": 2340, "pitch": 71, "duration": 12, "velocity": 64}, {"time": 2352, "pitch": 67, "duration": 12, "velocity": 64}, {"time": 2364, "pitch": 62, "duration": 12, "velocity": 64}, {"time": 2376, "pitch": 67, "duration": 12, "velocity": 64}, {"time": 2388, "pitch": 71, "duration": 12, "velocity": 64}, {"time": 2400, "pitch": 74, "duration": 6, "velocity": 64}, {"time": 2406, "pitch": 67, "duration": 6, "velocity": 64}, {"time": 2412, "pitch": 71, "duration": 6, "velocity": 64}, {"time": 2418, "pitch": 74, "duration": 6, "velocity": 64}, {"time": 2424, "pitch": 79, "duration": 6, "velocity": 64}, {"time": 2430, "pitch": 74, "duration": 6, "velocity": 64}, {"time": 2436, "pitch": 83, "duration": 6, "velocity": 64}, {"time": 2442, "pitch": 81, "duration": 6, "velocity": 64}, {"time": 2448, "pitch": 79, "duration": 6, "velocity": 64}, {"time": 2454, "pitch": 78, "duration": 6, "velocity": 64}, {"time": 2460, "pitch": 76, "duration": 6, "velocity": 64}, {"time": 2466, "pitch": 74, "duration": 6, "velocity": 64}, {"time": 2472, "pitch": 76, "duration": 12, "velocity": 64}, {"time": 2484, "pitch": 72, "duration": 12, "velocity": 64}, {"time": 2496, "pitch": 69, "duration": 12, "velocity": 64}, {"time": 2508, "pitch": 64, "duration": 12, "velocity": 64}, {"time": 2520, "pitch": 66, "duration": 12, "velocity": 64}, {"time": 2532, "pitch": 67, "duration": 12, "velocity": 64}, {"time": 2544, "pitch": 66, "duration": 6, "velocity": 64}, {"time": 2550, "pitch": 62, "duration": 6, "velocity": 64}, {"time": 2556, "pitch": 66, "duration": 6, "velocity": 64}, {"time": 2562, "pitch": 69, "duration": 6, "velocity": 64}, {"time": 2568, "pitch": 74, "duration": 6, "velocity": 64}, {"time": 2574, "pitch": 69, "duration": 6, "velocity": 64}, {"time": 2580, "pitch": 81, "duration": 6, "velocity": 64}, {"time": 2586, "pitch": 79, "duration": 6, "velocity": 64}, {"time": 2592, "pitch": 78, "duration": 6, "velocity": 64}, {"time": 2598, "pitch": 76, "duration": 6, "velocity": 64}, {"time": 2604, "pitch": 74, "duration": 6, "velocity": 64}, {"time": 2610, "pitch": 73, "duration": 6, "velocity": 64}, {"time": 2616, "pitch": 74, "duration": 12, "velocity": 64}, {"time": 2628, "pitch": 71, "duration": 12, "velocity": 64}, {"time": 2640, "pitch": 67, "duration": 12, "velocity": 64}, {"time": 2652, "pitch": 62, "duration": 12, "velocity": 64}, {"time": 2664, "pitch": 67, "duration": 12, "velocity": 64}, {"time": 2676, "pitch": 71, "duration": 12, "velocity": 64}, {"time": 2688, "pitch": 74, "duration": 6, "velocity": 64}, {"time": 2694, "pitch": 67, "duration": 6, "velocity": 64}, {"time": 2700, "pitch": 71, "duration": 6, "velocity": 64}, {"time": 2706, "pitch": 74, "duration": 6, "velocity": 64}, {"time": 2712, "pitch": 79, "duration": 6, "velocity": 64}, {"time": 2718, "pitch": 74, "duration": 6, "velocity": 64}, {"time": 2724, "pitch": 83, "duration": 6, "velocity": 64}, {"time": 2730, "pitch": 81, "duration": 6, "velocity": 64}, {"time": 2736, "pitch": 79, "duration": 6, "velocity": 64}, {"time": 2742, "pitch": 78, "duration": 6, "velocity": 64}, {"time": 2748, "pitch": 76, "duration": 6, "velocity": 64}, {"time": 2754, "pitch": 74, "duration": 6, "velocity": 64}, {"time": 2760, "pitch": 64, "duration": 12, "velocity": 64}, {"time": 2772, "pitch": 69, "duration": 12, "velocity": 64}, {"time": 2784, "pitch": 72, "duration": 12, "velocity": 64}, {"time": 2796, "pitch": 71, "duration": 12, "velocity": 64}, {"time": 2808, "pitch": 72, "duration": 12, "velocity": 64}, {"time": 2820, "pitch": 69, "duration": 12, "velocity": 64}, {"time": 2832, "pitch": 67, "duration": 48, "velocity": 64}, {"time": 2880, "pitch": 71, "duration": 12, "velocity": 64}, {"time": 2892, "pitch": 72, "duration": 12, "velocity": 64}, {"time": 2904, "pitch": 74, "duration": 24, "velocity": 64}, {"time": 2928, "pitch": 83, "duration": 12, "velocity": 64}, {"time": 2940, "pitch": 71, "duration": 24, "velocity": 64}, {"time": 2964, "pitch": 79, "duration": 12, "velocity": 64}, {"time": 2976, "pitch": 67, "duration": 12, "velocity": 64}, {"time": 2988, "pitch": 71, "duration": 12, "velocity": 64}, {"time": 3000, "pitch": 74, "duration": 12, "velocity": 64}, {"time": 3012, "pitch": 62, "duration": 12, "velocity": 64}, {"time": 3024, "pitch": 67, "duration": 12, "velocity": 64}, {"time": 3036, "pitch": 71, "duration": 12, "velocity": 64}, {"time": 3048, "pitch": 69, "duration": 24, "velocity": 64}, {"time": 3072, "pitch": 81, "duration": 12, "velocity": 64}, {"time": 3084, "pitch": 69, "duration": 24, "velocity": 64}, {"time": 3108, "pitch": 76, "duration": 12, "velocity": 64}, {"time": 3120, "pitch": 62, "duration": 12, "velocity": 64}, {"time": 3132, "pitch": 66, "duration": 12, "velocity": 64}, {"time": 3144, "pitch": 69, "duration": 12, "velocity": 64}, {"time": 3156, "pitch": 72, "duration": 12, "velocity": 64}, {"time": 3168, "pitch": 71, "duration": 12, "velocity": 64}, {"time": 3180, "pitch": 72, "duration": 12, "velocity": 64}, {"time": 3192, "pitch": 74, "duration": 24, "velocity": 64}, {"time": 3216, "pitch": 83, "duration": 12, "velocity": 64}, {"time": 3228, "pitch": 71, "duration": 24, "velocity": 64}, {"time": 3252, "pitch": 79, "duration": 12, "velocity": 64}, {"time": 3264, "pitch": 67, "duration": 12, "velocity": 64}, {"time": 3276, "pitch": 71, "duration": 12, "velocity": 64}, {"time": 3288, "pitch": 74, "duration": 12, "velocity": 64}, {"time": 3300, "pitch": 62, "duration": 12, "velocity": 64}, {"time": 3312, "pitch": 67, "duration": 12, "velocity": 64}, {"time": 3324, "pitch": 71, "duration": 12, "velocity": 64}, {"time": 3336, "pitch": 64, "duration": 12, "velocity": 64}, {"time": 3348, "pitch": 69, "duration": 12, "velocity": 64}, {"time": 3360, "pitch": 72, "duration": 12, "velocity": 64}, {"time": 3372, "pitch": 71, "duration": 12, "velocity": 64}, {"time": 3384, "pitch": 72, "duration": 12, "velocity": 64}, {"time": 3396, "pitch": 69, "duration": 12, "velocity": 64}, {"time": 3408, "pitch": 67, "duration": 48, "velocity": 64}, {"time": 3456, "pitch": 71, "duration": 12, "velocity": 64}, {"time": 3468, "pitch": 72, "duration": 12, "velocity": 64}, {"time": 3480, "pitch": 76, "duration": 6, "velocity": 64}, {"time": 3486, "pitch": 74, "duration": 6, "velocity": 64}, {"time": 3492, "pitch": 72, "duration": 6, "velocity": 64}, {"time": 3498, "pitch": 71, "duration": 6, "velocity": 64}, {"time": 3504, "pitch": 69, "duration": 6, "velocity": 64}, {"time": 3510, "pitch": 67, "duration": 6, "velocity": 64}, {"time": 3516, "pitch": 76, "duration": 6, "velocity": 64}, {"time": 3522, "pitch": 74, "duration": 6, "velocity": 64}, {"time": 3528, "pitch": 72, "duration": 6, "velocity": 64}, {"time": 3534, "pitch": 71, "duration": 6, "velocity": 64}, {"time": 3540, "pitch": 69, "duration": 6, "velocity": 64}, {"time": 3546, "pitch": 67, "duration": 6, "velocity": 64}, {"time": 3552, "pitch": 71, "duration": 6, "velocity": 64}, {"time": 3558, "pitch": 67, "duration": 6, "velocity": 64}, {"time": 3564, "pitch": 71, "duration": 6, "velocity": 64}, {"time": 3570, "pitch": 74, "duration": 6, "velocity": 64}, {"time": 3576, "pitch": 79, "duration": 6, "velocity": 64}, {"time": 3582, "pitch": 74, "duration": 6, "velocity": 64}, {"time": 3588, "pitch": 83, "duration": 6, "velocity": 64}, {"time": 3594, "pitch": 81, "duration": 6, "velocity": 64}, {"time": 3600, "pitch": 79, "duration": 6, "velocity": 64}, {"time": 3606, "pitch": 78, "duration": 6, "velocity": 64}, {"time": 3612, "pitch": 76, "duration": 6, "velocity": 64}, {"time": 3618, "pitch": 74, "duration": 6, "velocity": 64}, {"time": 3624, "pitch": 78, "duration": 6, "velocity": 64}, {"time": 3630, "pitch": 76, "duration": 6, "velocity": 64}, {"time": 3636, "pitch": 74, "duration": 6, "velocity": 64}, {"time": 3642, "pitch": 72, "duration": 6, "velocity": 64}, {"time": 3648, "pitch": 71, "duration": 6, "velocity": 64}, {"time": 3654, "pitch": 69, "duration": 6, "velocity": 64}, {"time": 3660, "pitch": 78, "duration": 6, "velocity": 64}, {"time": 3666, "pitch": 76, "duration": 6, "velocity": 64}, {"time": 3672, "pitch": 74, "duration": 6, "velocity": 64}, {"time": 3678, "pitch": 72, "duration": 6, "velocity": 64}, {"time": 3684, "pitch": 71, "duration": 6, "velocity": 64}, {"time": 3690, "pitch": 69, "duration": 6, "velocity": 64}, {"time": 3696, "pitch": 66, "duration": 6, "velocity": 64}, {"time": 3702, "pitch": 62, "duration": 6, "velocity": 64}, {"time": 3708, "pitch": 66, "duration": 6, "velocity": 64}, {"time": 3714, "pitch": 69, "duration": 6, "velocity": 64}, {"time": 3720, "pitch": 74, "duration": 6, "velocity": 64}, {"time": 3726, "pitch": 69, "duration": 6, "velocity": 64}, {"time": 3732, "pitch": 81, "duration": 6, "velocity": 64}, {"time": 3738, "pitch": 79, "duration": 6, "velocity": 64}, {"time": 3744, "pitch": 78, "duration": 6, "velocity": 64}, {"time": 3750, "pitch": 76, "duration": 6, "velocity": 64}, {"time": 3756, "pitch": 74, "duration": 6, "velocity": 64}, {"time": 3762, "pitch": 73, "duration": 6, "velocity": 64}, {"time": 3768, "pitch": 76, "duration": 6, "velocity": 64}, {"time": 3774, "pitch": 74, "duration": 6, "velocity": 64}, {"time": 3780, "pitch": 72, "duration": 6, "velocity": 64}, {"time": 3786, "pitch": 71, "duration": 6, "velocity": 64}, {"time": 3792, "pitch": 69, "duration": 6, "velocity": 64}, {"time": 3798, "pitch": 67, "duration": 6, "velocity": 64}, {"time": 3804, "pitch": 76, "duration": 6, "velocity": 64}, {"time": 3810, "pitch": 74, "duration": 6, "velocity": 64}, {"time": 3816, "pitch": 72, "duration": 6, "velocity": 64}, {"time": 3822, "pitch": 71, "duration": 6, "velocity": 64}, {"time": 3828, "pitch": 69, "duration": 6, "velocity": 64}, {"time": 3834, "pitch": 67, "duration": 6, "velocity": 64}, {"time": 3840, "pitch": 71, "duration": 6, "velocity": 64}, {"time": 3846, "pitch": 67, "duration": 6, "velocity": 64}, {"time": 3852, "pitch": 71, "duration": 6, "velocity": 64}, {"time": 3858, "pitch": 74, "duration": 6, "velocity": 64}, {"time": 3864, "pitch": 79, "duration": 6, "velocity": 64}, {"time": 3870, "pitch": 74, "duration": 6, "velocity": 64}, {"time": 3876, "pitch": 83, "duration": 6, "velocity": 64}, {"time": 3882, "pitch": 81, "duration": 6, "velocity": 64}, {"time": 3888, "pitch": 79, "duration": 6, "velocity": 64}, {"time": 3894, "pitch": 78, "duration": 6, "velocity": 64}, {"time": 3900, "pitch": 76, "duration": 6, "velocity": 64}, {"time": 3906, "pitch": 74, "duration": 6, "velocity": 64}, {"time": 3912, "pitch": 64, "duration": 12, "velocity": 64}, {"time": 3924, "pitch": 69, "duration": 12, "velocity": 64}, {"time": 3936, "pitch": 72, "duration": 12, "velocity": 64}, {"time": 3948, "pitch": 71, "duration": 12, "velocity": 64}, {"time": 3960, "pitch": 72, "duration": 12, "velocity": 64}, {"time": 3972, "pitch": 69, "duration": 12, "velocity": 64}, {"time": 3984, "pitch": 67, "duration": 48, "velocity": 64}, {"time": 4032, "pitch": 71, "duration": 12, "velocity": 64}, {"time": 4044, "pitch": 72, "duration": 12, "velocity": 64}, {"time": 4056, "pitch": 74, "duration": 18, "velocity": 64}, {"time": 4074, "pitch": 71, "duration": 6, "velocity": 64}, {"time": 4080, "pitch": 74, "duration": 6, "velocity": 64}, {"time": 4086, "pitch": 71, "duration": 6, "velocity": 64}, {"time": 4092, "pitch": 76, "duration": 18, "velocity": 64}, {"time": 4110, "pitch": 71, "duration": 6, "velocity": 64}, {"time": 4116, "pitch": 76, "duration": 6, "velocity": 64}, {"time": 4122, "pitch": 71, "duration": 6, "velocity": 64}, {"time": 4128, "pitch": 74, "duration": 18, "velocity": 64}, {"time": 4146, "pitch": 71, "duration": 6, "velocity": 64}, {"time": 4152, "pitch": 74, "duration": 6, "velocity": 64}, {"time": 4158, "pitch": 72, "duration": 6, "velocity": 64}, {"time": 4164, "pitch": 71, "duration": 12, "velocity": 64}, {"time": 4176, "pitch": 69, "duration": 12, "velocity": 64}, {"time": 4188, "pitch": 67, "duration": 12, "velocity": 64}, {"time": 4200, "pitch": 72, "duration": 18, "velocity": 64}, {"time": 4218, "pitch": 69, "duration": 6, "velocity": 64}, {"time": 4224, "pitch": 72, "duration": 6, "velocity": 64}, {"time": 4230, "pitch": 69, "duration": 6, "velocity": 64}, {"time": 4236, "pitch": 81, "duration": 18, "velocity": 64}, {"time": 4254, "pitch": 83, "duration": 6, "velocity": 64}, {"time": 4260, "pitch": 81, "duration": 6, "velocity": 64}, {"time": 4266, "pitch": 79, "duration": 6, "velocity": 64}, {"time": 4272, "pitch": 78, "duration": 18, "velocity": 64}, {"time": 4290, "pitch": 79, "duration": 6, "velocity": 64}, {"time": 4296, "pitch": 78, "duration": 6, "velocity": 64}, {"time": 4302, "pitch": 76, "duration": 6, "velocity": 64}, {"time": 4308, "pitch": 74, "duration": 18, "velocity": 64}, {"time": 4326, "pitch": 76, "duration": 6, "velocity": 64}, {"time": 4332, "pitch": 74, "duration": 6, "velocity": 64}, {"time": 4338, "pitch": 73, "duration": 6, "velocity": 64}, {"time": 4344, "pitch": 74, "duration": 18, "velocity": 64}, {"time": 4362, "pitch": 71, "duration": 6, "velocity": 64}, {"time": 4368, "pitch": 74, "duration": 6, "velocity": 64}, {"time": 4374, "pitch": 71, "duration": 6, "velocity": 64}, {"time": 4380, "pitch": 76, "duration": 18, "velocity": 64}, {"time": 4398, "pitch": 71, "duration": 6, "velocity": 64}, {"time": 4404, "pitch": 76, "duration": 6, "velocity": 64}, {"time": 4410, "pitch": 71, "duration": 6, "velocity": 64}, {"time": 4416, "pitch": 74, "duration": 18, "velocity": 64}, {"time": 4434, "pitch": 71, "duration": 6, "velocity": 64}, {"time": 4440, "pitch": 74, "duration": 6, "velocity": 64}, {"time": 4446, "pitch": 72, "duration": 6, "velocity": 64}, {"time": 4452, "pitch": 71, "duration": 12, "velocity": 64}, {"time": 4464, "pitch": 69, "duration": 12, "velocity": 64}, {"time": 4476, "pitch": 67, "duration": 12, "velocity": 64}, {"time": 4488, "pitch": 64, "duration": 12, "velocity": 64}, {"time": 4500, "pitch": 69, "duration": 12, "velocity": 64}, {"time": 4512, "pitch": 72, "duration": 12, "velocity": 64}, {"time": 4524, "pitch": 71, "duration": 12, "velocity": 64}, {"time": 4536, "pitch": 72, "duration": 12, "velocity": 64}, {"time": 4548, "pitch": 69, "duration": 12, "velocity": 64}, {"time": 4560, "pitch": 67, "duration": 48, "velocity": 64}], "chords": [{"time": 24, "pitches": [55, 59, 62], "duration": 0, "velocity": 64}, {"time": 96, "pitches": [55, 59, 62], "duration": 0, "velocity": 64}, {"time": 168, "pitches": [45, 48, 52], "duration": 0, "velocity": 64}, {"time": 240, "pitches": [50, 54, 57, 60], "duration": 0, "velocity": 64}, {"time": 312, "pitches": [55, 59, 62], "duration": 0, "velocity": 64}, {"time": 384, "pitches": [55, 59, 62], "duration": 0, "velocity": 64}, {"time": 456, "pitches": [45, 48, 52], "duration": 0, "velocity": 64}, {"time": 492, "pitches": [50, 54, 57, 60], "duration": 0, "velocity": 64}, {"time": 528, "pitches": [55, 59, 62], "duration": 0, "velocity": 64}]}]}