{"metadata": {"schema_version": "0.1", "title": "Portland Fancy", "source_format": "abc"}, "resolution": 24, "tempos": [{"time": 0, "qpm": 120.0}], "key_signatures": [{"time": 0, "root": 9, "mode": "major", "fifths": 3}, {"time": 1164, "root": 2, "mode": "major", "fifths": 2}], "time_signatures": [{"time": 0, "numerator": 6, "denominator": 8}], "beats": [{"time": 0, "is_downbeat": true}, {"time": 12, "is_downbeat": true}, {"time": 24, "is_downbeat": false}, {"time": 36, "is_downbeat": false}, {"time": 48, "is_downbeat": false}, {"time": 60, "is_downbeat": false}, {"time": 72, "is_downbeat": false}, {"time": 84, "is_downbeat": true}, {"time": 96, "is_downbeat": false}, {"time": 108, "is_downbeat": false}, {"time": 120, "is_downbeat": false}, {"time": 132, "is_downbeat": false}, {"time": 144, "is_downbeat": false}, {"time": 156, "is_downbeat": true}, {"time": 168, "is_downbeat": false}, {"time": 180, "is_downbeat": false}, {"time": 192, "is_downbeat": false}, {"time": 204, "is_downbeat": false}, {"time": 216, "is_downbeat": false}, {"time": 228, "is_downbeat": true}, {"time": 240, "is_downbeat": false}, {"time": 252, "is_downbeat": false}, {"time": 264, "is_downbeat": false}, {"time": 276, "is_downbeat": false}, {"time": 288, "is_downbeat": false}, {"time": 300, "is_downbeat": true}, {"time": 312, "is_downbeat": false}, {"time": 324, "is_downbeat": false}, {"time": 336, "is_downbeat": false}, {"time": 348, "is_downbeat": false}, {"time": 360, "is_downbeat": false}, {"time": 372, "is_downbeat": true}, {"time": 384, "is_downbeat": false}, {"time": 396, "is_downbeat": false}, {"time": 408, "is_downbeat": false}, {"time": 420, "is_downbeat": false}, {"time": 432, "is_downbeat": false}, {"time": 444, "is_downbeat": true}, {"time": 456, "is_downbeat": false}, {"time": 468, "is_downbeat": false}, {"time": 480, "is_downbeat": false}, {"time": 492, "is_downbeat": false}, {"time": 504, "is_downbeat": false}, {"time": 516, "is_downbeat": true}, {"time": 528, "is_downbeat": false}, {"time": 540, "is_downbeat": false}, {"time": 552, "is_downbeat": false}, {"time": 564, "is_downbeat": false}, {"time": 576, "is_downbeat": false}, {"time": 588, "is_downbeat": true}, {"time": 600, "is_downbeat": false}, {"time": 612, "is_downbeat": false}, {"time": 624, "is_downbeat": false}, {"time": 636, "is_downbeat": false}, {"time": 648, "is_downbeat": false}, {"time": 660, "is_downbeat": true}, {"time": 672, "is_downbeat": false}, {"time": 684, "is_downbeat": false}, {"time": 696, "is_downbeat": false}, {"time": 708, "is_downbeat": false}, {"time": 720, "is_downbeat": false}, {"time": 732, "is_downbeat": true}, {"time": 744, "is_downbeat": false}, {"time": 756, "is_downbeat": false}, {"time": 768, "is_downbeat": false}, {"time": 780, "is_downbeat": false}, {"time": 792, "is_downbeat": false}, {"time": 804, "is_downbeat": true}, {"time": 816, "is_downbeat": false}, {"time": 828, "is_downbeat": false}, {"time": 840, "is_downbeat": false}, {"time": 852, "is_downbeat": false}, {"time": 864, "is_downbeat": false}, {"time": 876, "is_downbeat": true}, {"time": 888, "is_downbeat": false}, {"time": 900, "is_downbeat": false}, {"time": 912, "is_downbeat": false}, {"time": 924, "is_downbeat": false}, {"time": 936, "is_downbeat": false}, {"time": 948, "is_downbeat": true}, {"time": 960, "is_downbeat": false}, {"time": 972, "is_downbeat": false}, {"time": 984, "is_downbeat": false}, {"time": 996, "is_downbeat": false}, {"time": 1008, "is_downbeat": false}, {"time": 1020, "is_downbeat": true}, {"time": 1032, "is_downbeat": false}, {"time": 1044, "is_downbeat": false}, {"time": 1056, "is_downbeat": false}, {"time": 1068, "is_downbeat": false}, {"time": 1080, "is_downbeat": false}, {"time": 1092, "is_downbeat": true}, {"time": 1104, "is_downbeat": false}, {"time": 1116, "is_downbeat": false}, {"time": 1128, "is_downbeat": false}, {"time": 1140, "is_downbeat": false}, {"time": 1152, "is_downbeat": false}, {"time": 1164, "is_downbeat": true}, {"time": 1176, "is_downbeat": false}, {"time": 1188, "is_downbeat": false}, {"time": 1200, "is_downbeat": false}, {"time": 1212, "is_downbeat": false}, {"time": 1224, "is_downbeat": false}, {"time": 1236, "is_downbeat": true}, {"time": 1248, "is_downbeat": false}, {"time": 1260, "is_downbeat": false}, {"time": 1272, "is_downbeat": false}, {"time": 1284, "is_downbeat": false}, {"time": 1296, "is_downbeat": false}, {"time": 1308, "is_downbeat": true}, {"time": 1320, "is_downbeat": false}, {"time": 1332, "is_downbeat": false}, {"time": 1344, "is_downbeat": false}, {"time": 1356, "is_downbeat": false}, {"time": 1368, "is_downbeat": false}, {"time": 1380, "is_downbeat": true}, {"time": 1392, "is_downbeat": false}, {"time": 1404, "is_downbeat": false}, {"time": 1416, "is_downbeat": false}, {"time": 1428, "is_downbeat": false}, {"time": 1440, "is_downbeat": false}, {"time": 1452, "is_downbeat": true}, {"time": 1464, "is_downbeat": false}, {"time": 1476, "is_downbeat": false}, {"time": 1488, "is_downbeat": false}, {"time": 1500, "is_downbeat": false}, {"time": 1512, "is_downbeat": false}, {"time": 1524, "is_downbeat": true}, {"time": 1536, "is_downbeat": false}, {"time": 1548, "is_downbeat": false}, {"time": 1560, "is_downbeat": false}, {"time": 1572, "is_downbeat": false}, {"time": 1584, "is_downbeat": false}, {"time": 1596, "is_downbeat": true}, {"time": 1608, "is_downbeat": false}, {"time": 1620, "is_downbeat": false}, {"time": 1632, "is_downbeat": false}, {"time": 1644, "is_downbeat": false}, {"time": 1656, "is_downbeat": false}, {"time": 1668, "is_downbeat": true}, {"time": 1680, "is_downbeat": false}, {"time": 1692, "is_downbeat": false}, {"time": 1704, "is_downbeat": false}, {"time": 1716, "is_downbeat": false}, {"time": 1728, "is_downbeat": false}, {"time": 1740, "is_downbeat": true}, {"time": 1752, "is_downbeat": false}, {"time": 1764, "is_downbeat": false}, {"time": 1776, "is_downbeat": false}, {"time": 1788, "is_downbeat": false}, {"time": 1800, "is_downbeat": false}, {"time": 1812, "is_downbeat": true}, {"time": 1824, "is_downbeat": false}, {"time": 1836, "is_downbeat": false}, {"time": 1848, "is_downbeat": false}, {"time": 1860, "is_downbeat": false}, {"time": 1872, "is_downbeat": false}, {"time": 1884, "is_downbeat": true}, {"time": 1896, "is_downbeat": false}, {"time": 1908, "is_downbeat": false}, {"time": 1920, "is_downbeat": false}, {"time": 1932, "is_downbeat": false}, {"time": 1944, "is_downbeat": false}, {"time": 1956, "is_downbeat": true}, {"time": 1968, "is_downbeat": false}, {"time": 1980, "is_downbeat": false}, {"time": 1992, "is_downbeat": false}, {"time": 2004, "is_downbeat": false}, {"time": 2016, "is_downbeat": false}, {"time": 2028, "is_downbeat": true}, {"time": 2040, "is_downbeat": false}, {"time": 2052, "is_downbeat": false}, {"time": 2064, "is_downbeat": false}, {"time": 2076, "is_downbeat": false}, {"time": 2088, "is_downbeat": false}, {"time": 2100, "is_downbeat": true}, {"time": 2112, "is_downbeat": false}, {"time": 2124, "is_downbeat": false}, {"time": 2136, "is_downbeat": false}, {"time": 2148, "is_downbeat": false}, {"time": 2160, "is_downbeat": false}, {"time": 2172, "is_downbeat": true}, {"time": 2184, "is_downbeat": false}, {"time": 2196, "is_downbeat": false}, {"time": 2208, "is_downbeat": false}, {"time": 2220, "is_downbeat": false}, {"time": 2232, "is_downbeat": false}, {"time": 2244, "is_downbeat": true}, {"time": 2256, "is_downbeat": false}, {"time": 2268, "is_downbeat": false}, {"time": 2280, "is_downbeat": false}, {"time": 2292, "is_downbeat": false}, {"time": 2304, "is_downbeat": false}], "tracks": [{"program": 0, "is_drum": false, "notes": [{"time": 0, "pitch": 64, "duration": 12, "velocity": 64}, {"time": 12, "pitch": 64, "duration": 24, "velocity": 64}, {"time": 36, "pitch": 69, "duration": 12, "velocity": 64}, {"time": 48, "pitch": 64, "duration": 24, "velocity": 64}, {"time": 72, "pitch": 69, "duration": 12, "velocity": 64}, {"time": 84, "pitch": 64, "duration": 12, "velocity": 64}, {"time": 96, "pitch": 69, "duration": 12, "velocity": 64}, {"time": 108, "pitch": 71, "duration": 12, "velocity": 64}, {"time": 120, "pitch": 73, "duration": 24, "velocity": 64}, {"time": 144, "pitch": 73, "duration": 12, "velocity": 64}, {"time": 156, "pitch": 74, "duration": 12, "velocity": 64}, {"time": 168, "pitch": 73, "duration": 12, "velocity": 64}, {"time": 180, "pitch": 74, "duration": 12, "velocity": 64}, {"time": 192, "pitch": 71, "duration": 12, "velocity": 64}, {"time": 204, "pitch": 73, "duration": 12, "velocity": 64}, {"time": 216, "pitch": 74, "duration": 12, "velocity": 64}, {"time": 228, "pitch": 76, "duration": 24, "velocity": 64}, {"time": 252, "pitch": 73, "duration": 12, "velocity": 64}, {"time": 264, "pitch": 71, "duration": 12, "velocity": 64}, {"time": 276, "pitch": 69, "duration": 12, "velocity": 64}, {"time": 288, "pitch": 66, "duration": 12, "velocity": 64}, {"time": 300, "pitch": 64, "duration": 24, "velocity": 64}, {"time": 324, "pitch": 69, "duration": 12, "velocity": 64}, {"time": 336, "pitch": 64, "duration": 24, "velocity": 64}, {"time": 360, "pitch": 69, "duration": 12, "velocity": 64}, {"time": 372, "pitch": 64, "duration": 12, "velocity": 64}, {"time": 384, "pitch": 69, "duration": 12, "velocity": 64}, {"time": 396, "pitch": 71, "duration": 12, "velocity": 64}, {"time": 408, "pitch": 73, "duration": 24, "velocity": 64}, {"time": 432, "pitch": 73, "duration": 12, "velocity": 64}, {"time": 444, "pitch": 74, "duration": 12, "velocity": 64}, {"time": 456, "pitch": 73, "duration": 12, "velocity": 64}, {"time": 468, "pitch": 74, "duration": 12, "velocity": 64}, {"time": 480, "pitch": 73, "duration": 12, "velocity": 64}, {"time": 492, "pitch": 64, "duration": 12, "velocity": 64}, {"time": 504, "pitch": 68, "duration": 12, "velocity": 64}, {"time": 516, "pitch": 69, "duration": 12, "velocity": 64}, {"time": 528, "pitch": 64, "duration": 12, "velocity": 64}, {"time": 540, "pitch": 73, "duration": 12, "velocity": 64}, {"time": 552, "pitch": 69, "duration": 12, "velocity": 64}, {"time": 564, "pitch": 73, "duration": 12, "velocity": 64}, {"time": 576, "pitch": 76, "duration": 12, "velocity": 64}, {"time": 588, "pitch": 81, "duration": 36, "velocity": 64}, {"time": 624, "pitch": 81, "duration": 12, "velocity": 64}, {"time": 636, "pitch": 80, "duration": 12, "velocity": 64}, {"time": 648, "pitch": 78, "duration": 12, "velocity": 64}, {"time": 660, "pitch": 76, "duration": 12, "velocity": 64}, {"time": 672, "pitch": 73, "duration": 12, "velocity": 64}, {"time": 684, "pitch": 78, "duration": 12, "velocity": 64}, {"time": 696, "pitch": 76, "duration": 36, "velocity": 64}, {"time": 732, "pitch": 74, "duration": 12, "velocity": 64}, {"time": 744, "pitch": 71, "duration": 12, "velocity": 64}, {"time": 756, "pitch": 76, "duration": 12, "velocity": 64}, {"time": 768, "pitch": 74, "duration": 36, "velocity": 64}, {"time": 804, "pitch": 73, "duration": 12, "velocity": 64}, {"time": 816, "pitch": 74, "duration": 12, "velocity": 64}, {"time": 828, "pitch": 76, "duration": 12, "velocity": 64}, {"time": 840, "pitch": 78, "duration": 24, "velocity": 64}, {"time": 864, "pitch": 76, "duration": 12, "velocity": 64}, {"time": 876, "pitch": 81, "duration": 36, "velocity": 64}, {"time": 912, "pitch": 81, "duration": 12, "velocity": 64}, {"time": 924, "pitch": 80, "duration": 12, "velocity": 64}, {"time": 936, "pitch": 78, "duration": 12, "velocity": 64}, {"time": 948, "pitch": 76, "duration": 12, "velocity": 64}, {"time": 960, "pitch": 73, "duration": 12, "velocity": 64}, {"time": 972, "pitch": 78, "duration": 12, "velocity": 64}, {"time": 984, "pitch": 76, "duration": 36, "velocity": 64}, {"time": 1020, "pitch": 76, "duration": 12, "velocity": 64}, {"time": 1032, "pitch": 74, "duration": 12, "velocity": 64}, {"time": 1044, "pitch": 71, "duration": 12, "velocity": 64}, {"time": 1056, "pitch": 64, "duration": 12, "velocity": 64}, {"time": 1068, "pitch": 66, "duration": 12, "velocity": 64}, {"time": 1080, "pitch": 68, "duration": 12, "velocity": 64}, {"time": 1092, "pitch": 69, "duration": 12, "velocity": 64}, {"time": 1104, "pitch": 64, "duration": 12, "velocity": 64}, {"time": 1116, "pitch": 73, "duration": 12, "velocity": 64}, {"time": 1128, "pitch": 69, "duration": 12, "velocity": 64}, {"time": 1140, "pitch": 66, "duration": 12, "velocity": 64}, {"time": 1152, "pitch": 68, "duration": 12, "velocity": 64}, {"time": 1164, "pitch": 69, "duration": 12, "velocity": 64}, {"time": 1176, "pitch": 71, "duration": 12, "velocity": 64}, {"time": 1188, "pitch": 73, "duration": 12, "velocity": 64}, {"time": 1200, "pitch": 74, "duration": 24, "velocity": 64}, {"time": 1224, "pitch": 76, "duration": 12, "velocity": 64}, {"time": 1236, "pitch": 78, "duration": 24, "velocity": 64}, {"time": 1260, "pitch": 79, "duration": 12, "velocity": 64}, {"time": 1272, "pitch": 81, "duration": 36, "velocity": 64}, {"time": 1308, "pitch": 76, "duration": 12, "velocity": 64}, {"time": 1320, "pitch": 78, "duration": 12, "velocity": 64}, {"time": 1332, "pitch": 79, "duration": 12, "velocity": 64}, {"time": 1344, "pitch": 69, "duration": 12, "velocity": 64}, {"time": 1356, "pitch": 71, "duration": 6, "velocity": 64}, {"time": 1362, "pitch": 73, "duration": 6, "velocity": 64}, {"time": 1368, "pitch": 74, "duration": 6, "velocity": 64}, {"time": 1374, "pitch": 76, "duration": 6, "velocity": 64}, {"time": 1380, "pitch": 78, "duration": 24, "velocity": 64}, {"time": 1404, "pitch": 74, "duration": 12, "velocity": 64}, {"time": 1416, "pitch": 69, "duration": 12, "velocity": 64}, {"time": 1428, "pitch": 66, "duration": 12, "velocity": 64}, {"time": 1440, "pitch": 67, "duration": 12, "velocity": 64}, {"time": 1452, "pitch": 69, "duration": 12, "velocity": 64}, {"time": 1464, "pitch": 71, "duration": 12, "velocity": 64}, {"time": 1476, "pitch": 73, "duration": 12, "velocity": 64}, {"time": 1488, "pitch": 74, "duration": 24, "velocity": 64}, {"time": 1512, "pitch": 76, "duration": 12, "velocity": 64}, {"time": 1524, "pitch": 78, "duration": 24, "velocity": 64}, {"time": 1548, "pitch": 79, "duration": 12, "velocity": 64}, {"time": 1560, "pitch": 81, "duration": 36, "velocity": 64}, {"time": 1596, "pitch": 76, "duration": 12, "velocity": 64}, {"time": 1608, "pitch": 78, "duration": 12, "velocity": 64}, {"time": 1620, "pitch": 79, "duration": 12, "velocity": 64}, {"time": 1632, "pitch": 69, "duration": 12, "velocity": 64}, {"time": 1644, "pitch": 71, "duration": 12, "velocity": 64}, {"time": 1656, "pitch": 73, "duration": 12, "velocity": 64}, {"time": 1668, "pitch": 74, "duration": 72, "velocity": 64}, {"time": 1740, "pitch": 66, "duration": 24, "velocity": 64}, {"time": 1764, "pitch": 69, "duration": 12, "velocity": 64}, {"time": 1776, "pitch": 66, "duration": 24, "velocity": 64}, {"time": 1800, "pitch": 69, "duration": 12, "velocity": 64}, {"time": 1812, "pitch": 66, "duration": 12, "velocity": 64}, {"time": 1824, "pitch": 69, "duration": 12, "velocity": 64}, {"time": 1836, "pitch": 74, "duration": 12, "velocity": 64}, {"time": 1848, "pitch": 78, "duration": 36, "velocity": 64}, {"time": 1884, "pitch": 76, "duration": 12, "velocity": 64}, {"time": 1896, "pitch": 73, "duration": 12, "velocity": 64}, {"time": 1908, "pitch": 76, "duration": 12, "velocity": 64}, {"time": 1920, "pitch": 79, "duration": 12, "velocity": 64}, {"time": 1932, "pitch": 76, "duration": 12, "velocity": 64}, {"time": 1944, "pitch": 73, "duration": 12, "velocity": 64}, {"time": 1956, "pitch": 74, "duration": 12, "velocity": 64}, {"time": 1968, "pitch": 78, "duration": 12, "velocity": 64}, {"time": 1980, "pitch": 76, "duration": 12, "velocity": 64}, {"time": 1992, "pitch": 74, "duration": 24, "velocity": 64}, {"time": 2016, "pitch": 73, "duration": 4, "velocity": 64}, {"time": 2020, "pitch": 71, "duration": 4, "velocity": 64}, {"time": 2024, "pitch": 69, "duration": 4, "velocity": 64}, {"time": 2028, "pitch": 66, "duration": 24, "velocity": 64}, {"time": 2052, "pitch": 69, "duration": 12, "velocity": 64}, {"time": 2064, "pitch": 66, "duration": 24, "velocity": 64}, {"time": 2088, "pitch": 69, "duration": 12, "velocity": 64}, {"time": 2100, "pitch": 66, "duration": 12, "velocity": 64}, {"time": 2112, "pitch": 69, "duration": 12, "velocity": 64}, {"time": 2124, "pitch": 74, "duration": 12, "velocity": 64}, {"time": 2136, "pitch": 78, "duration": 36, "velocity": 64}, {"time": 2172, "pitch": 76, "duration": 12, "velocity": 64}, {"time": 2184, "pitch": 73, "duration": 12, "velocity": 64}, {"time": 2196, "pitch": 76, "duration": 12, "velocity": 64}, {"time": 2208, "pitch": 79, "duration": 12, "velocity": 64}, {"time": 2220, "pitch": 76, "duration": 12, "velocity": 64}, {"time": 2232, "pitch": 73, "duration": 12, "velocity": 64}, {"time": 2244, "pitch": 74, "duration": 72, "velocity": 64}], "chords": [{"time": 12, "pitches": [45, 49, 52], "duration": 0, "velocity": 64}, {"time": 84, "pitches": [45, 49, 52], "duration": 0, "velocity": 64}, {"time": 156, "pitches": [50, 54, 57], "duration": 0, "velocity": 64}, {"time": 192, "pitches": [52, 56, 59, 62], "duration": 0, "velocity": 64}, {"time": 228, "pitches": [45, 49, 52], "duration": 0, "velocity": 64}, {"time": 264, "pitches": [50, 54, 57], "duration": 0, "velocity": 64}, {"time": 300, "pitches": [45, 49, 52], "duration": 0, "velocity": 64}, {"time": 372, "pitches": [45, 49, 52], "duration": 0, "velocity": 64}, {"time": 444, "pitches": [50, 54, 57], "duration": 0, "velocity": 64}, {"time": 480, "pitches": [52, 56, 59, 62], "duration": 0, "velocity": 64}, {"time": 516, "pitches": [45, 49, 52], "duration": 0, "velocity": 64}, {"time": 588, "pitches": [45, 49, 52], "duration": 0, "velocity": 64}, {"time": 624, "pitches": [50, 54, 57], "duration": 0, "velocity": 64}, {"time": 660, "pitches": [45, 49, 52], "duration": 0, "velocity": 64}, {"time": 732, "pitches": [52, 56, 59, 62], "duration": 0, "velocity": 64}, {"time": 804, "pitches": [45, 49, 52], "duration": 0, "velocity": 64}, {"time": 840, "pitches": [50, 54, 57], "duration": 0, "velocity": 64}, {"time": 876, "pitches": [45, 49, 52], "duration": 0, "velocity": 64}, {"time": 912, "pitches": [50, 54, 57], "duration": 0, "velocity": 64}, {"time": 948, "pitches": [45, 49, 52], "duration": 0, "velocity": 64}, {"time": 1020, "pitches": [52, 56, 59, 62], "duration": 0, "velocity": 64}, {"time": 1092, "pitches": [45, 49, 52], "duration": 0, "velocity": 64}, {"time": 1164, "pitches": [50, 54, 57], "duration": 0, "velocity": 64}, {"time": 1236, "pitches": [50, 54, 57], "duration": 0, "velocity": 64}, {"time": 1308, "pitches": [45, 49, 52, 55], "duration": 0, "velocity": 64}, {"time": 1380, "pitches": [50, 54, 57], "duration": 0, "velocity": 64}, {"time": 1416, "pitches": [45, 49, 52, 55], "duration": 0, "velocity": 64}, {"time": 1452, "pitches": [50, 54, 57], "duration": 0, "velocity": 64}, {"time": 1524, "pitches": [50, 54, 57], "duration": 0, "velocity": 64}, {"time": 1596, "pitches": [45, 49, 52, 55], "duration": 0, "velocity": 64}, {"time": 1668, "pitches": [50, 54, 57], "duration": 0, "velocity": 64}, {"time": 1740, "pitches": [50, 54, 57], "duration": 0, "velocity": 64}, {"time": 1812, "pitches": [50, 54, 57], "duration": 0, "velocity": 64}, {"time": 1884, "pitches": [45, 49, 52], "duration": 0, "velocity": 64}, {"time": 1956, "pitches": [50, 54, 57], "duration": 0, "velocity": 64}, {"time": 1992, "pitches": [45, 49, 52, 55], "duration": 0, "velocity": 64}, {"time": 2028, "pitches": [50, 54, 57], "duration": 0, "velocity": 64}, {"time": 2100, "pitches": [50, 54, 57], "duration": 0, "velocity": 64}, {"time": 2172, "pitches": [45, 49, 52, 55], "duration": 0, "velocity": 64}, {"time": 2244, "pitches": [50, 54, 57], "duration": 0, "velocity": 64}]}]}