{"metadata": {"schema_version": "0.1", "title": "Constant Billy", "source_format": "abc"}, "resolution": 24, "tempos": [{"time": 0, "qpm": 120.0}], "key_signatures": [{"time": 0, "root": 9, "mode": "major", "fifths": 3}], "time_signatures": [{"time": 0, "numerator": 6, "denominator": 8}], "beats": [{"time": 0, "is_downbeat": true}, {"time": 12, "is_downbeat": true}, {"time": 24, "is_downbeat": false}, {"time": 36, "is_downbeat": false}, {"time": 48, "is_downbeat": false}, {"time": 60, "is_downbeat": false}, {"time": 72, "is_downbeat": false}, {"time": 84, "is_downbeat": true}, {"time": 96, "is_downbeat": false}, {"time": 108, "is_downbeat": false}, {"time": 120, "is_downbeat": false}, {"time": 132, "is_downbeat": false}, {"time": 144, "is_downbeat": false}, {"time": 156, "is_downbeat": true}, {"time": 168, "is_downbeat": false}, {"time": 180, "is_downbeat": false}, {"time": 192, "is_downbeat": false}, {"time": 204, "is_downbeat": false}, {"time": 216, "is_downbeat": false}, {"time": 228, "is_downbeat": true}, {"time": 240, "is_downbeat": false}, {"time": 252, "is_downbeat": false}, {"time": 264, "is_downbeat": false}, {"time": 276, "is_downbeat": false}, {"time": 288, "is_downbeat": true}, {"time": 300, "is_downbeat": false}, {"time": 312, "is_downbeat": false}, {"time": 324, "is_downbeat": false}, {"time": 336, "is_downbeat": false}, {"time": 348, "is_downbeat": false}, {"time": 360, "is_downbeat": true}, {"time": 372, "is_downbeat": false}, {"time": 384, "is_downbeat": false}, {"time": 396, "is_downbeat": false}, {"time": 408, "is_downbeat": false}, {"time": 420, "is_downbeat": false}, {"time": 432, "is_downbeat": true}, {"time": 444, "is_downbeat": false}, {"time": 456, "is_downbeat": false}, {"time": 468, "is_downbeat": false}, {"time": 480, "is_downbeat": false}, {"time": 492, "is_downbeat": false}, {"time": 504, "is_downbeat": true}, {"time": 516, "is_downbeat": false}, {"time": 528, "is_downbeat": false}, {"time": 540, "is_downbeat": false}, {"time": 552, "is_downbeat": false}, {"time": 564, "is_downbeat": false}, {"time": 576, "is_downbeat": true}, {"time": 588, "is_downbeat": false}, {"time": 600, "is_downbeat": false}, {"time": 612, "is_downbeat": false}, {"time": 624, "is_downbeat": false}, {"time": 636, "is_downbeat": false}, {"time": 648, "is_downbeat": true}, {"time": 660, "is_downbeat": false}, {"time": 672, "is_downbeat": false}, {"time": 684, "is_downbeat": false}, {"time": 696, "is_downbeat": false}, {"time": 708, "is_downbeat": true}, {"time": 720, "is_downbeat": false}, {"time": 732, "is_downbeat": false}, {"time": 744, "is_downbeat": false}, {"time": 756, "is_downbeat": false}, {"time": 768, "is_downbeat": false}], "tracks": [{"program": 0, "is_drum": false, "notes": [{"time": 0, "pitch": 64, "duration": 12, "velocity": 64}, {"time": 12, "pitch": 69, "duration": 24, "velocity": 64}, {"time": 36, "pitch": 76, "duration": 12, "velocity": 64}, {"time": 48, "pitch": 73, "duration": 6, "velocity": 64}, {"time": 54, "pitch": 69, "duration": 18, "velocity": 64}, {"time": 72, "pitch": 73, "duration": 12, "velocity": 64}, {"time": 84, "pitch": 74, "duration": 24, "velocity": 64}, {"time": 108, "pitch": 71, "duration": 12, "velocity": 64}, {"time": 120, "pitch": 68, "duration": 24, "velocity": 64}, {"time": 144, "pitch": 64, "duration": 12, "velocity": 64}, {"time": 156, "pitch": 73, "duration": 18, "velocity": 64}, {"time": 174, "pitch": 71, "duration": 6, "velocity": 64}, {"time": 180, "pitch": 69, "duration": 12, "velocity": 64}, {"time": 192, "pitch": 66, "duration": 24, "velocity": 64}, {"time": 216, "pitch": 64, "duration": 12, "velocity": 64}, {"time": 228, "pitch": 64, "duration": 12, "velocity": 64}, {"time": 240, "pitch": 66, "duration": 12, "velocity": 64}, {"time": 252, "pitch": 68, "duration": 12, "velocity": 64}, {"time": 264, "pitch": 69, "duration": 24, "velocity": 64}, {"time": 288, "pitch": 73, "duration": 12, "velocity": 64}, {"time": 300, "pitch": 74, "duration": 12, "velocity": 64}, {"time": 312, "pitch": 76, "duration": 12, "velocity": 64}, {"time": 324, "pitch": 78, "duration": 36, "velocity": 64}, {"time": 360, "pitch": 71, "duration": 12, "velocity": 64}, {"time": 372, "pitch": 73, "duration": 12, "velocity": 64}, {"time": 384, "pitch": 74, "duration": 12, "velocity": 64}, {"time": 396, "pitch": 76, "duration": 36, "velocity": 64}, {"time": 432, "pitch": 73, "duration": 12, "velocity": 64}, {"time": 444, "pitch": 74, "duration": 12, "velocity": 64}, {"time": 456, "pitch": 76, "duration": 12, "velocity": 64}, {"time": 468, "pitch": 78, "duration": 36, "velocity": 64}, {"time": 504, "pitch": 71, "duration": 12, "velocity": 64}, {"time": 516, "pitch": 73, "duration": 12, "velocity": 64}, {"time": 528, "pitch": 74, "duration": 12, "velocity": 64}, {"time": 540, "pitch": 76, "duration": 24, "velocity": 64}, {"time": 564, "pitch": 76, "duration": 4, "velocity": 64}, {"time": 568, "pitch": 78, "duration": 4, "velocity": 64}, {"time": 572, "pitch": 80, "duration": 4, "velocity": 64}, {"time": 576, "pitch": 81, "duration": 24, "velocity": 64}, {"time": 600, "pitch": 76, "duration": 12, "velocity": 64}, {"time": 612, "pitch": 73, "duration": 6, "velocity": 64}, {"time": 618, "pitch": 69, "duration": 18, "velocity": 64}, {"time": 636, "pitch": 73, "duration": 12, "velocity": 64}, {"time": 648, "pitch": 74, "duration": 24, "velocity": 64}, {"time": 672, "pitch": 71, "duration": 12, "velocity": 64}, {"time": 684, "pitch": 68, "duration": 24, "velocity": 64}, {"time": 708, "pitch": 64, "duration": 12, "velocity": 64}]}]}