{"metadata": {"schema_version": "0.1", "title": "Lads a Bunchum", "source_format": "abc"}, "resolution": 24, "tempos": [{"time": 0, "qpm": 120.0}], "key_signatures": [{"time": 0, "root": 5, "mode": "major", "fifths": -1}], "time_signatures": [{"time": 0, "numerator": 2, "denominator": 2}], "beats": [{"time": 0, "is_downbeat": true}, {"time": 24, "is_downbeat": true}, {"time": 72, "is_downbeat": false}, {"time": 120, "is_downbeat": true}, {"time": 168, "is_downbeat": false}, {"time": 216, "is_downbeat": true}, {"time": 264, "is_downbeat": false}, {"time": 312, "is_downbeat": true}, {"time": 360, "is_downbeat": false}, {"time": 408, "is_downbeat": true}, {"time": 432, "is_downbeat": true}, {"time": 480, "is_downbeat": false}, {"time": 528, "is_downbeat": true}, {"time": 576, "is_downbeat": false}, {"time": 624, "is_downbeat": true}, {"time": 672, "is_downbeat": false}, {"time": 720, "is_downbeat": true}, {"time": 768, "is_downbeat": false}, {"time": 816, "is_downbeat": true}, {"time": 864, "is_downbeat": false}, {"time": 912, "is_downbeat": true}, {"time": 960, "is_downbeat": false}, {"time": 1008, "is_downbeat": true}, {"time": 1056, "is_downbeat": false}, {"time": 1104, "is_downbeat": true}, {"time": 1152, "is_downbeat": false}], "tracks": [{"program": 0, "is_drum": false, "notes": [{"time": 0, "pitch": 65, "duration": 12, "velocity": 64}, {"time": 12, "pitch": 67, "duration": 12, "velocity": 64}, {"time": 24, "pitch": 69, "duration": 36, "velocity": 64}, {"time": 60, "pitch": 70, "duration": 12, "velocity": 64}, {"time": 72, "pitch": 69, "duration": 12, "velocity": 64}, {"time": 84, "pitch": 70, "duration": 12, "velocity": 64}, {"time": 96, "pitch": 72, "duration": 12, "velocity": 64}, {"time": 108, "pitch": 74, "duration": 12, "velocity": 64}, {"time": 120, "pitch": 70, "duration": 24, "velocity": 64}, {"time": 144, "pitch": 67, "duration": 24, "velocity": 64}, {"time": 168, "pitch": 67, "duration": 24, "velocity": 64}, {"time": 192, "pitch": 69, "duration": 12, "velocity": 64}, {"time": 204, "pitch": 70, "duration": 12, "velocity": 64}, {"time": 216, "pitch": 72, "duration": 24, "velocity": 64}, {"time": 240, "pitch": 72, "duration": 24, "velocity": 64}, {"time": 264, "pitch": 72, "duration": 12, "velocity": 64}, {"time": 276, "pitch": 70, "duration": 12, "velocity": 64}, {"time": 288, "pitch": 69, "duration": 12, "velocity": 64}, {"time": 300, "pitch": 67, "duration": 12, "velocity": 64}, {"time": 312, "pitch": 65, "duration": 24, "velocity": 64}, {"time": 336, "pitch": 65, "duration": 24, "velocity": 64}, {"time": 360, "pitch": 65, "duration": 48, "velocity": 64}, {"time": 408, "pitch": 77, "duration": 12, "velocity": 64}, {"time": 420, "pitch": 76, "duration": 12, "velocity": 64}, {"time": 432, "pitch": 74, "duration": 24, "velocity": 64}, {"time": 456, "pitch": 72, "duration": 24, "velocity": 64}, {"time": 480, "pitch": 72, "duration": 24, "velocity": 64}, {"time": 504, "pitch": 65, "duration": 12, "velocity": 64}, {"time": 516, "pitch": 67, "duration": 12, "velocity": 64}, {"time": 528, "pitch": 69, "duration": 24, "velocity": 64}, {"time": 552, "pitch": 69, "duration": 24, "velocity": 64}, {"time": 576, "pitch": 69, "duration": 24, "velocity": 64}, {"time": 600, "pitch": 77, "duration": 12, "velocity": 64}, {"time": 612, "pitch": 76, "duration": 12, "velocity": 64}, {"time": 624, "pitch": 74, "duration": 24, "velocity": 64}, {"time": 648, "pitch": 72, "duration": 24, "velocity": 64}, {"time": 672, "pitch": 70, "duration": 24, "velocity": 64}, {"time": 696, "pitch": 69, "duration": 24, "velocity": 64}, {"time": 720, "pitch": 67, "duration": 24, "velocity": 64}, {"time": 744, "pitch": 65, "duration": 24, "velocity": 64}, {"time": 768, "pitch": 65, "duration": 24, "velocity": 64}, {"time": 792, "pitch": 77, "duration": 12, "velocity": 64}, {"time": 804, "pitch": 76, "duration": 12, "velocity": 64}, {"time": 816, "pitch": 74, "duration": 24, "velocity": 64}, {"time": 840, "pitch": 72, "duration": 24, "velocity": 64}, {"time": 864, "pitch": 72, "duration": 24, "velocity": 64}, {"time": 888, "pitch": 65, "duration": 12, "velocity": 64}, {"time": 900, "pitch": 67, "duration": 12, "velocity": 64}, {"time": 912, "pitch": 69, "duration": 24, "velocity": 64}, {"time": 936, "pitch": 69, "duration": 24, "velocity": 64}, {"time": 960, "pitch": 69, "duration": 24, "velocity": 64}, {"time": 984, "pitch": 77, "duration": 12, "velocity": 64}, {"time": 996, "pitch": 76, "duration": 12, "velocity": 64}, {"time": 1008, "pitch": 74, "duration": 24, "velocity": 64}, {"time": 1032, "pitch": 72, "duration": 24, "velocity": 64}, {"time": 1056, "pitch": 69, "duration": 24, "velocity": 64}, {"time": 1080, "pitch": 65, "duration": 24, "velocity": 64}, {"time": 1104, "pitch": 67, "duration": 24, "velocity": 64}, {"time": 1128, "pitch": 65, "duration": 24, "velocity": 64}, {"time": 1152, "pitch": 65, "duration": 48, "velocity": 64}]}]}