{"metadata": {"schema_version": "0.1", "title": "Orange in Bloom", "source_format": "abc"}, "resolution": 24, "tempos": [{"time": 0, "qpm": 120.0}], "key_signatures": [{"time": 0, "root": 2, "mode": "major", "fifths": 2}], "time_signatures": [{"time": 0, "numerator": 4, "denominator": 4}, {"time": 1224, "numerator": 1, "denominator": 8}, {"time": 1236, "numerator": 6, "denominator": 8}, {"time": 1308, "numerator": 4, "denominator": 4}, {"time": 1596, "numerator": 6, "denominator": 8}], "beats": [{"time": 0, "is_downbeat": true}, {"time": 12, "is_downbeat": true}, {"time": 24, "is_downbeat": true}, {"time": 36, "is_downbeat": true}, {"time": 48, "is_downbeat": true}, {"time": 60, "is_downbeat": true}, {"time": 72, "is_downbeat": true}, {"time": 84, "is_downbeat": true}, {"time": 96, "is_downbeat": true}, {"time": 108, "is_downbeat": true}, {"time": 120, "is_downbeat": true}, {"time": 132, "is_downbeat": true}, {"time": 144, "is_downbeat": true}, {"time": 156, "is_downbeat": true}, {"time": 168, "is_downbeat": true}, {"time": 180, "is_downbeat": true}, {"time": 192, "is_downbeat": true}, {"time": 204, "is_downbeat": true}, {"time": 216, "is_downbeat": true}, {"time": 228, "is_downbeat": true}, {"time": 240, "is_downbeat": true}, {"time": 252, "is_downbeat": true}, {"time": 264, "is_downbeat": true}, {"time": 276, "is_downbeat": true}, {"time": 288, "is_downbeat": true}, {"time": 300, "is_downbeat": true}, {"time": 312, "is_downbeat": true}, {"time": 324, "is_downbeat": true}, {"time": 336, "is_downbeat": true}, {"time": 348, "is_downbeat": true}, {"time": 360, "is_downbeat": true}, {"time": 372, "is_downbeat": true}, {"time": 384, "is_downbeat": true}, {"time": 396, "is_downbeat": true}, {"time": 408, "is_downbeat": true}, {"time": 420, "is_downbeat": true}, {"time": 432, "is_downbeat": true}, {"time": 444, "is_downbeat": true}, {"time": 456, "is_downbeat": true}, {"time": 468, "is_downbeat": true}, {"time": 480, "is_downbeat": true}, {"time": 492, "is_downbeat": true}, {"time": 504, "is_downbeat": true}, {"time": 516, "is_downbeat": true}, {"time": 528, "is_downbeat": true}, {"time": 540, "is_downbeat": true}, {"time": 552, "is_downbeat": true}, {"time": 564, "is_downbeat": true}, {"time": 576, "is_downbeat": true}, {"time": 588, "is_downbeat": true}, {"time": 600, "is_downbeat": true}, {"time": 612, "is_downbeat": true}, {"time": 624, "is_downbeat": true}, {"time": 636, "is_downbeat": true}, {"time": 648, "is_downbeat": true}, {"time": 660, "is_downbeat": true}, {"time": 672, "is_downbeat": true}, {"time": 684, "is_downbeat": true}, {"time": 696, "is_downbeat": true}, {"time": 708, "is_downbeat": true}, {"time": 720, "is_downbeat": true}, {"time": 732, "is_downbeat": true}, {"time": 744, "is_downbeat": true}, {"time": 756, "is_downbeat": true}, {"time": 768, "is_downbeat": true}, {"time": 780, "is_downbeat": true}, {"time": 792, "is_downbeat": true}, {"time": 804, "is_downbeat": true}, {"time": 816, "is_downbeat": true}, {"time": 828, "is_downbeat": true}, {"time": 840, "is_downbeat": true}, {"time": 852, "is_downbeat": true}, {"time": 864, "is_downbeat": true}, {"time": 876, "is_downbeat": true}, {"time": 888, "is_downbeat": true}, {"time": 900, "is_downbeat": true}, {"time": 912, "is_downbeat": true}, {"time": 924, "is_downbeat": true}, {"time": 936, "is_downbeat": true}, {"time": 948, "is_downbeat": true}, {"time": 960, "is_downbeat": true}, {"time": 972, "is_downbeat": true}, {"time": 984, "is_downbeat": true}, {"time": 996, "is_downbeat": true}, {"time": 1008, "is_downbeat": true}, {"time": 1020, "is_downbeat": true}, {"time": 1032, "is_downbeat": true}, {"time": 1044, "is_downbeat": true}, {"time": 1056, "is_downbeat": true}, {"time": 1068, "is_downbeat": true}, {"time": 1080, "is_downbeat": true}, {"time": 1092, "is_downbeat": true}, {"time": 1104, "is_downbeat": true}, {"time": 1116, "is_downbeat": true}, {"time": 1128, "is_downbeat": true}, {"time": 1140, "is_downbeat": true}, {"time": 1152, "is_downbeat": true}, {"time": 1164, "is_downbeat": true}, {"time": 1176, "is_downbeat": true}, {"time": 1188, "is_downbeat": true}, {"time": 1200, "is_downbeat": true}, {"time": 1212, "is_downbeat": true}, {"time": 1224, "is_downbeat": true}, {"time": 1236, "is_downbeat": true}, {"time": 1260, "is_downbeat": false}, {"time": 1284, "is_downbeat": false}, {"time": 1308, "is_downbeat": true}, {"time": 1320, "is_downbeat": false}, {"time": 1332, "is_downbeat": false}, {"time": 1344, "is_downbeat": false}, {"time": 1356, "is_downbeat": false}, {"time": 1368, "is_downbeat": false}, {"time": 1380, "is_downbeat": true}, {"time": 1392, "is_downbeat": false}, {"time": 1404, "is_downbeat": true}, {"time": 1416, "is_downbeat": false}, {"time": 1428, "is_downbeat": false}, {"time": 1440, "is_downbeat": false}, {"time": 1452, "is_downbeat": false}, {"time": 1464, "is_downbeat": false}, {"time": 1476, "is_downbeat": true}, {"time": 1488, "is_downbeat": false}, {"time": 1500, "is_downbeat": true}, {"time": 1512, "is_downbeat": false}, {"time": 1524, "is_downbeat": false}, {"time": 1536, "is_downbeat": false}, {"time": 1548, "is_downbeat": false}, {"time": 1560, "is_downbeat": false}, {"time": 1572, "is_downbeat": true}, {"time": 1584, "is_downbeat": false}, {"time": 1596, "is_downbeat": true}, {"time": 1608, "is_downbeat": false}, {"time": 1620, "is_downbeat": false}, {"time": 1632, "is_downbeat": false}, {"time": 1644, "is_downbeat": false}, {"time": 1656, "is_downbeat": false}, {"time": 1668, "is_downbeat": true}, {"time": 1680, "is_downbeat": false}, {"time": 1692, "is_downbeat": false}, {"time": 1704, "is_downbeat": false}, {"time": 1716, "is_downbeat": false}, {"time": 1728, "is_downbeat": false}, {"time": 1740, "is_downbeat": true}, {"time": 1752, "is_downbeat": false}, {"time": 1764, "is_downbeat": false}, {"time": 1776, "is_downbeat": false}, {"time": 1788, "is_downbeat": false}, {"time": 1800, "is_downbeat": false}, {"time": 1812, "is_downbeat": true}, {"time": 1824, "is_downbeat": false}, {"time": 1836, "is_downbeat": false}, {"time": 1848, "is_downbeat": false}, {"time": 1860, "is_downbeat": false}, {"time": 1872, "is_downbeat": false}, {"time": 1884, "is_downbeat": true}, {"time": 1896, "is_downbeat": false}, {"time": 1908, "is_downbeat": false}, {"time": 1920, "is_downbeat": false}, {"time": 1932, "is_downbeat": false}, {"time": 1944, "is_downbeat": false}], "tracks": [{"program": 0, "is_drum": false, "notes": [{"time": 0, "pitch": 74, "duration": 12, "velocity": 64}, {"time": 12, "pitch": 73, "duration": 12, "velocity": 64}, {"time": 24, "pitch": 74, "duration": 12, "velocity": 64}, {"time": 36, "pitch": 78, "duration": 24, "velocity": 64}, {"time": 60, "pitch": 76, "duration": 12, "velocity": 64}, {"time": 72, "pitch": 74, "duration": 24, "velocity": 64}, {"time": 96, "pitch": 71, "duration": 12, "velocity": 64}, {"time": 108, "pitch": 71, "duration": 12, "velocity": 64}, {"time": 120, "pitch": 74, "duration": 12, "velocity": 64}, {"time": 132, "pitch": 71, "duration": 12, "velocity": 64}, {"time": 144, "pitch": 69, "duration": 12, "velocity": 64}, {"time": 156, "pitch": 71, "duration": 12, "velocity": 64}, {"time": 168, "pitch": 69, "duration": 12, "velocity": 64}, {"time": 180, "pitch": 74, "duration": 24, "velocity": 64}, {"time": 204, "pitch": 76, "duration": 12, "velocity": 64}, {"time": 216, "pitch": 78, "duration": 12, "velocity": 64}, {"time": 228, "pitch": 74, "duration": 12, "velocity": 64}, {"time": 240, "pitch": 74, "duration": 12, "velocity": 64}, {"time": 252, "pitch": 74, "duration": 24, "velocity": 64}, {"time": 276, "pitch": 69, "duration": 12, "velocity": 64}, {"time": 288, "pitch": 74, "duration": 12, "velocity": 64}, {"time": 300, "pitch": 73, "duration": 12, "velocity": 64}, {"time": 312, "pitch": 74, "duration": 12, "velocity": 64}, {"time": 324, "pitch": 78, "duration": 24, "velocity": 64}, {"time": 348, "pitch": 76, "duration": 12, "velocity": 64}, {"time": 360, "pitch": 74, "duration": 24, "velocity": 64}, {"time": 384, "pitch": 71, "duration": 12, "velocity": 64}, {"time": 396, "pitch": 71, "duration": 12, "velocity": 64}, {"time": 408, "pitch": 74, "duration": 12, "velocity": 64}, {"time": 420, "pitch": 71, "duration": 12, "velocity": 64}, {"time": 432, "pitch": 69, "duration": 12, "velocity": 64}, {"time": 444, "pitch": 71, "duration": 12, "velocity": 64}, {"time": 456, "pitch": 69, "duration": 12, "velocity": 64}, {"time": 468, "pitch": 74, "duration": 24, "velocity": 64}, {"time": 492, "pitch": 76, "duration": 12, "velocity": 64}, {"time": 504, "pitch": 78, "duration": 12, "velocity": 64}, {"time": 516, "pitch": 74, "duration": 12, "velocity": 64}, {"time": 528, "pitch": 74, "duration": 12, "velocity": 64}, {"time": 540, "pitch": 74, "duration": 36, "velocity": 64}, {"time": 576, "pitch": 78, "duration": 12, "velocity": 64}, {"time": 588, "pitch": 74, "duration": 12, "velocity": 64}, {"time": 600, "pitch": 78, "duration": 12, "velocity": 64}, {"time": 612, "pitch": 81, "duration": 24, "velocity": 64}, {"time": 636, "pitch": 78, "duration": 12, "velocity": 64}, {"time": 648, "pitch": 76, "duration": 12, "velocity": 64}, {"time": 660, "pitch": 74, "duration": 12, "velocity": 64}, {"time": 672, "pitch": 76, "duration": 12, "velocity": 64}, {"time": 684, "pitch": 78, "duration": 36, "velocity": 64}, {"time": 720, "pitch": 78, "duration": 12, "velocity": 64}, {"time": 732, "pitch": 81, "duration": 12, "velocity": 64}, {"time": 744, "pitch": 78, "duration": 12, "velocity": 64}, {"time": 756, "pitch": 76, "duration": 12, "velocity": 64}, {"time": 768, "pitch": 74, "duration": 12, "velocity": 64}, {"time": 780, "pitch": 76, "duration": 12, "velocity": 64}, {"time": 792, "pitch": 78, "duration": 12, "velocity": 64}, {"time": 804, "pitch": 74, "duration": 12, "velocity": 64}, {"time": 816, "pitch": 71, "duration": 12, "velocity": 64}, {"time": 828, "pitch": 69, "duration": 24, "velocity": 64}, {"time": 852, "pitch": 69, "duration": 12, "velocity": 64}, {"time": 864, "pitch": 74, "duration": 12, "velocity": 64}, {"time": 876, "pitch": 73, "duration": 12, "velocity": 64}, {"time": 888, "pitch": 74, "duration": 12, "velocity": 64}, {"time": 900, "pitch": 78, "duration": 24, "velocity": 64}, {"time": 924, "pitch": 76, "duration": 12, "velocity": 64}, {"time": 936, "pitch": 74, "duration": 24, "velocity": 64}, {"time": 960, "pitch": 71, "duration": 12, "velocity": 64}, {"time": 972, "pitch": 71, "duration": 12, "velocity": 64}, {"time": 984, "pitch": 74, "duration": 12, "velocity": 64}, {"time": 996, "pitch": 71, "duration": 12, "velocity": 64}, {"time": 1008, "pitch": 69, "duration": 12, "velocity": 64}, {"time": 1020, "pitch": 71, "duration": 12, "velocity": 64}, {"time": 1032, "pitch": 69, "duration": 12, "velocity": 64}, {"time": 1044, "pitch": 74, "duration": 24, "velocity": 64}, {"time": 1068, "pitch": 76, "duration": 12, "velocity": 64}, {"time": 1080, "pitch": 78, "duration": 12, "velocity": 64}, {"time": 1092, "pitch": 74, "duration": 12, "velocity": 64}, {"time": 1104, "pitch": 74, "duration": 12, "velocity": 64}, {"time": 1116, "pitch": 74, "duration": 36, "velocity": 64}, {"time": 1152, "pitch": 78, "duration": 12, "velocity": 64}, {"time": 1164, "pitch": 74, "duration": 12, "velocity": 64}, {"time": 1176, "pitch": 78, "duration": 12, "velocity": 64}, {"time": 1188, "pitch": 81, "duration": 36, "velocity": 64}, {"time": 1224, "pitch": 78, "duration": 12, "velocity": 64}, {"time": 1236, "pitch": 76, "duration": 12, "velocity": 64}, {"time": 1248, "pitch": 74, "duration": 12, "velocity": 64}, {"time": 1260, "pitch": 76, "duration": 12, "velocity": 64}, {"time": 1272, "pitch": 78, "duration": 36, "velocity": 64}, {"time": 1308, "pitch": 78, "duration": 24, "velocity": 64}, {"time": 1332, "pitch": 81, "duration": 24, "velocity": 64}, {"time": 1356, "pitch": 78, "duration": 48, "velocity": 64}, {"time": 1404, "pitch": 76, "duration": 24, "velocity": 64}, {"time": 1428, "pitch": 74, "duration": 24, "velocity": 64}, {"time": 1452, "pitch": 76, "duration": 48, "velocity": 64}, {"time": 1500, "pitch": 78, "duration": 24, "velocity": 64}, {"time": 1524, "pitch": 74, "duration": 24, "velocity": 64}, {"time": 1548, "pitch": 71, "duration": 48, "velocity": 64}, {"time": 1596, "pitch": 69, "duration": 36, "velocity": 64}, {"time": 1632, "pitch": 69, "duration": 36, "velocity": 64}, {"time": 1668, "pitch": 74, "duration": 12, "velocity": 64}, {"time": 1680, "pitch": 73, "duration": 12, "velocity": 64}, {"time": 1692, "pitch": 74, "duration": 12, "velocity": 64}, {"time": 1704, "pitch": 78, "duration": 24, "velocity": 64}, {"time": 1728, "pitch": 76, "duration": 12, "velocity": 64}, {"time": 1740, "pitch": 74, "duration": 24, "velocity": 64}, {"time": 1764, "pitch": 71, "duration": 12, "velocity": 64}, {"time": 1776, "pitch": 71, "duration": 12, "velocity": 64}, {"time": 1788, "pitch": 74, "duration": 12, "velocity": 64}, {"time": 1800, "pitch": 71, "duration": 12, "velocity": 64}, {"time": 1812, "pitch": 69, "duration": 12, "velocity": 64}, {"time": 1824, "pitch": 71, "duration": 12, "velocity": 64}, {"time": 1836, "pitch": 69, "duration": 12, "velocity": 64}, {"time": 1848, "pitch": 74, "duration": 24, "velocity": 64}, {"time": 1872, "pitch": 76, "duration": 12, "velocity": 64}, {"time": 1884, "pitch": 78, "duration": 12, "velocity": 64}, {"time": 1896, "pitch": 74, "duration": 12, "velocity": 64}, {"time": 1908, "pitch": 74, "duration": 12, "velocity": 64}, {"time": 1920, "pitch": 74, "duration": 36, "velocity": 64}], "chords": [{"time": 0, "pitches": [50, 54, 57], "duration": 0, "velocity": 64}, {"time": 72, "pitches": [55, 59, 62], "duration": 0, "velocity": 64}, {"time": 144, "pitches": [50, 54, 57], "duration": 0, "velocity": 64}, {"time": 216, "pitches": [50, 54, 57], "duration": 0, "velocity": 64}, {"time": 252, "pitches": [45, 49, 52, 55], "duration": 0, "velocity": 64}, {"time": 288, "pitches": [50, 54, 57], "duration": 0, "velocity": 64}, {"time": 360, "pitches": [55, 59, 62], "duration": 0, "velocity": 64}, {"time": 432, "pitches": [50, 54, 57], "duration": 0, "velocity": 64}, {"time": 576, "pitches": [50, 54, 57], "duration": 0, "velocity": 64}, {"time": 648, "pitches": [45, 49, 52, 55], "duration": 0, "velocity": 64}, {"time": 684, "pitches": [50, 54, 57], "duration": 0, "velocity": 64}, {"time": 720, "pitches": [50, 54, 57], "duration": 0, "velocity": 64}, {"time": 756, "pitches": [45, 49, 52], "duration": 0, "velocity": 64}, {"time": 792, "pitches": [47, 50, 54], "duration": 0, "velocity": 64}, {"time": 828, "pitches": [45, 49, 52, 55], "duration": 0, "velocity": 64}, {"time": 864, "pitches": [50, 54, 57], "duration": 0, "velocity": 64}, {"time": 936, "pitches": [55, 59, 62], "duration": 0, "velocity": 64}, {"time": 1008, "pitches": [50, 54, 57], "duration": 0, "velocity": 64}, {"time": 1152, "pitches": [50, 54, 57], "duration": 0, "velocity": 64}, {"time": 1236, "pitches": [45, 49, 52, 55], "duration": 0, "velocity": 64}, {"time": 1272, "pitches": [50, 54, 57], "duration": 0, "velocity": 64}, {"time": 1308, "pitches": [50, 54, 57], "duration": 0, "velocity": 64}, {"time": 1404, "pitches": [45, 49, 52], "duration": 0, "velocity": 64}, {"time": 1500, "pitches": [47, 50, 54], "duration": 0, "velocity": 64}, {"time": 1596, "pitches": [45, 49, 52, 55], "duration": 0, "velocity": 64}, {"time": 1668, "pitches": [50, 54, 57], "duration": 0, "velocity": 64}, {"time": 1740, "pitches": [55, 59, 62], "duration": 0, "velocity": 64}, {"time": 1812, "pitches": [50, 54, 57], "duration": 0, "velocity": 64}]}]}