{"metadata": {"schema_version": "0.1", "title": "Cuckoo's Nest", "source_format": "abc"}, "resolution": 24, "tempos": [{"time": 0, "qpm": 120.0}], "key_signatures": [{"time": 0, "root": 5, "mode": "major", "fifths": -1}], "time_signatures": [{"time": 0, "numerator": 4, "denominator": 4}], "beats": [{"time": 0, "is_downbeat": true}, {"time": 24, "is_downbeat": true}, {"time": 48, "is_downbeat": false}, {"time": 72, "is_downbeat": false}, {"time": 96, "is_downbeat": false}, {"time": 120, "is_downbeat": true}, {"time": 144, "is_downbeat": false}, {"time": 168, "is_downbeat": false}, {"time": 192, "is_downbeat": false}, {"time": 216, "is_downbeat": true}, {"time": 240, "is_downbeat": false}, {"time": 264, "is_downbeat": false}, {"time": 288, "is_downbeat": false}, {"time": 312, "is_downbeat": true}, {"time": 336, "is_downbeat": false}, {"time": 360, "is_downbeat": false}, {"time": 384, "is_downbeat": true}, {"time": 408, "is_downbeat": true}, {"time": 432, "is_downbeat": false}, {"time": 456, "is_downbeat": false}, {"time": 480, "is_downbeat": false}, {"time": 504, "is_downbeat": true}, {"time": 528, "is_downbeat": false}, {"time": 552, "is_downbeat": false}, {"time": 576, "is_downbeat": false}, {"time": 600, "is_downbeat": true}, {"time": 624, "is_downbeat": false}, {"time": 648, "is_downbeat": false}, {"time": 672, "is_downbeat": false}, {"time": 696, "is_downbeat": true}, {"time": 720, "is_downbeat": false}, {"time": 744, "is_downbeat": false}, {"time": 768, "is_downbeat": false}, {"time": 792, "is_downbeat": true}, {"time": 816, "is_downbeat": false}, {"time": 840, "is_downbeat": false}, {"time": 864, "is_downbeat": false}, {"time": 888, "is_downbeat": true}, {"time": 912, "is_downbeat": false}, {"time": 936, "is_downbeat": false}, {"time": 960, "is_downbeat": false}, {"time": 984, "is_downbeat": true}, {"time": 1008, "is_downbeat": false}, {"time": 1032, "is_downbeat": false}, {"time": 1056, "is_downbeat": false}, {"time": 1080, "is_downbeat": true}, {"time": 1104, "is_downbeat": false}, {"time": 1128, "is_downbeat": false}, {"time": 1152, "is_downbeat": false}], "tracks": [{"program": 0, "is_drum": false, "notes": [{"time": 0, "pitch": 62, "duration": 12, "velocity": 64}, {"time": 12, "pitch": 64, "duration": 12, "velocity": 64}, {"time": 24, "pitch": 65, "duration": 12, "velocity": 64}, {"time": 36, "pitch": 67, "duration": 12, "velocity": 64}, {"time": 48, "pitch": 65, "duration": 12, "velocity": 64}, {"time": 60, "pitch": 64, "duration": 12, "velocity": 64}, {"time": 72, "pitch": 62, "duration": 24, "velocity": 64}, {"time": 96, "pitch": 74, "duration": 24, "velocity": 64}, {"time": 120, "pitch": 69, "duration": 24, "velocity": 64}, {"time": 144, "pitch": 69, "duration": 24, "velocity": 64}, {"time": 168, "pitch": 67, "duration": 24, "velocity": 64}, {"time": 192, "pitch": 69, "duration": 24, "velocity": 64}, {"time": 216, "pitch": 64, "duration": 12, "velocity": 64}, {"time": 228, "pitch": 67, "duration": 12, "velocity": 64}, {"time": 240, "pitch": 64, "duration": 12, "velocity": 64}, {"time": 252, "pitch": 62, "duration": 12, "velocity": 64}, {"time": 264, "pitch": 60, "duration": 24, "velocity": 64}, {"time": 288, "pitch": 62, "duration": 12, "velocity": 64}, {"time": 300, "pitch": 64, "duration": 12, "velocity": 64}, {"time": 312, "pitch": 65, "duration": 24, "velocity": 64}, {"time": 336, "pitch": 67, "duration": 24, "velocity": 64}, {"time": 360, "pitch": 62, "duration": 24, "velocity": 64}, {"time": 384, "pitch": 69, "duration": 24, "velocity": 64}, {"time": 408, "pitch": 74, "duration": 24, "velocity": 64}, {"time": 432, "pitch": 74, "duration": 24, "velocity": 64}, {"time": 456, "pitch": 74, "duration": 24, "velocity": 64}, {"time": 480, "pitch": 76, "duration": 12, "velocity": 64}, {"time": 492, "pitch": 74, "duration": 12, "velocity": 64}, {"time": 504, "pitch": 73, "duration": 24, "velocity": 64}, {"time": 528, "pitch": 69, "duration": 24, "velocity": 64}, {"time": 552, "pitch": 69, "duration": 24, "velocity": 64}, {"time": 576, "pitch": 69, "duration": 12, "velocity": 64}, {"time": 588, "pitch": 71, "duration": 12, "velocity": 64}, {"time": 600, "pitch": 72, "duration": 24, "velocity": 64}, {"time": 624, "pitch": 72, "duration": 24, "velocity": 64}, {"time": 648, "pitch": 72, "duration": 24, "velocity": 64}, {"time": 672, "pitch": 74, "duration": 12, "velocity": 64}, {"time": 684, "pitch": 72, "duration": 12, "velocity": 64}, {"time": 696, "pitch": 71, "duration": 24, "velocity": 64}, {"time": 720, "pitch": 67, "duration": 24, "velocity": 64}, {"time": 744, "pitch": 67, "duration": 48, "velocity": 64}, {"time": 792, "pitch": 65, "duration": 12, "velocity": 64}, {"time": 804, "pitch": 67, "duration": 12, "velocity": 64}, {"time": 816, "pitch": 65, "duration": 12, "velocity": 64}, {"time": 828, "pitch": 64, "duration": 12, "velocity": 64}, {"time": 840, "pitch": 62, "duration": 24, "velocity": 64}, {"time": 864, "pitch": 74, "duration": 24, "velocity": 64}, {"time": 888, "pitch": 69, "duration": 24, "velocity": 64}, {"time": 912, "pitch": 69, "duration": 24, "velocity": 64}, {"time": 936, "pitch": 67, "duration": 24, "velocity": 64}, {"time": 960, "pitch": 69, "duration": 24, "velocity": 64}, {"time": 984, "pitch": 64, "duration": 12, "velocity": 64}, {"time": 996, "pitch": 67, "duration": 12, "velocity": 64}, {"time": 1008, "pitch": 64, "duration": 12, "velocity": 64}, {"time": 1020, "pitch": 62, "duration": 12, "velocity": 64}, {"time": 1032, "pitch": 60, "duration": 24, "velocity": 64}, {"time": 1056, "pitch": 62, "duration": 12, "velocity": 64}, {"time": 1068, "pitch": 64, "duration": 12, "velocity": 64}, {"time": 1080, "pitch": 65, "duration": 24, "velocity": 64}, {"time": 1104, "pitch": 67, "duration": 24, "velocity": 64}, {"time": 1128, "pitch": 62, "duration": 24, "velocity": 64}], "chords": [{"time": 24, "pitches": [50, 53, 57], "duration": 0, "velocity": 64}, {"time": 120, "pitches": [50, 53, 57], "duration": 0, "velocity": 64}, {"time": 168, "pitches": [48, 52, 55], "duration": 0, "velocity": 64}, {"time": 192, "pitches": [50, 53, 57], "duration": 0, "velocity": 64}, {"time": 216, "pitches": [48, 52, 55], "duration": 0, "velocity": 64}, {"time": 312, "pitches": [45, 49, 52, 55], "duration": 0, "velocity": 64}, {"time": 360, "pitches": [50, 53, 57], "duration": 0, "velocity": 64}, {"time": 408, "pitches": [50, 53, 57], "duration": 0, "velocity": 64}, {"time": 504, "pitches": [45, 49, 52], "duration": 0, "velocity": 64}, {"time": 600, "pitches": [45, 48, 52], "duration": 0, "velocity": 64}, {"time": 696, "pitches": [55, 59, 62], "duration": 0, "velocity": 64}, {"time": 792, "pitches": [50, 53, 57], "duration": 0, "velocity": 64}, {"time": 888, "pitches": [50, 53, 57], "duration": 0, "velocity": 64}, {"time": 936, "pitches": [48, 52, 55], "duration": 0, "velocity": 64}, {"time": 960, "pitches": [50, 53, 57], "duration": 0, "velocity": 64}, {"time": 984, "pitches": [48, 52, 55], "duration": 0, "velocity": 64}, {"time": 1080, "pitches": [45, 49, 52, 55], "duration": 0, "velocity": 64}, {"time": 1128, "pitches": [50, 53, 57], "duration": 0, "velocity": 64}]}]}