{"metadata": {"schema_version": "0.1", "title": "Jockey to the Fair", "source_format": "abc"}, "resolution": 24, "tempos": [{"time": 0, "qpm": 120.0}], "key_signatures": [{"time": 0, "root": 7, "mode": "major", "fifths": 1}], "time_signatures": [{"time": 0, "numerator": 6, "denominator": 8}], "beats": [{"time": 0, "is_downbeat": true}, {"time": 12, "is_downbeat": true}, {"time": 24, "is_downbeat": false}, {"time": 36, "is_downbeat": false}, {"time": 48, "is_downbeat": false}, {"time": 60, "is_downbeat": false}, {"time": 72, "is_downbeat": false}, {"time": 84, "is_downbeat": true}, {"time": 96, "is_downbeat": false}, {"time": 108, "is_downbeat": false}, {"time": 120, "is_downbeat": false}, {"time": 132, "is_downbeat": false}, {"time": 144, "is_downbeat": false}, {"time": 156, "is_downbeat": true}, {"time": 168, "is_downbeat": false}, {"time": 180, "is_downbeat": false}, {"time": 192, "is_downbeat": false}, {"time": 204, "is_downbeat": false}, {"time": 216, "is_downbeat": false}, {"time": 228, "is_downbeat": true}, {"time": 240, "is_downbeat": false}, {"time": 252, "is_downbeat": false}, {"time": 264, "is_downbeat": false}, {"time": 276, "is_downbeat": false}, {"time": 288, "is_downbeat": false}, {"time": 300, "is_downbeat": true}, {"time": 312, "is_downbeat": false}, {"time": 324, "is_downbeat": false}, {"time": 336, "is_downbeat": false}, {"time": 348, "is_downbeat": false}, {"time": 360, "is_downbeat": false}, {"time": 372, "is_downbeat": true}, {"time": 384, "is_downbeat": false}, {"time": 396, "is_downbeat": false}, {"time": 408, "is_downbeat": false}, {"time": 420, "is_downbeat": false}, {"time": 432, "is_downbeat": false}, {"time": 444, "is_downbeat": true}, {"time": 456, "is_downbeat": false}, {"time": 468, "is_downbeat": false}, {"time": 480, "is_downbeat": false}, {"time": 492, "is_downbeat": false}, {"time": 504, "is_downbeat": false}, {"time": 516, "is_downbeat": true}, {"time": 528, "is_downbeat": false}, {"time": 540, "is_downbeat": false}, {"time": 552, "is_downbeat": false}, {"time": 564, "is_downbeat": false}, {"time": 576, "is_downbeat": true}, {"time": 588, "is_downbeat": false}, {"time": 594, "is_downbeat": true}, {"time": 606, "is_downbeat": false}, {"time": 618, "is_downbeat": false}, {"time": 630, "is_downbeat": false}, {"time": 642, "is_downbeat": false}, {"time": 654, "is_downbeat": false}, {"time": 666, "is_downbeat": true}, {"time": 678, "is_downbeat": false}, {"time": 690, "is_downbeat": false}, {"time": 702, "is_downbeat": false}, {"time": 714, "is_downbeat": false}, {"time": 726, "is_downbeat": false}, {"time": 738, "is_downbeat": true}, {"time": 750, "is_downbeat": false}, {"time": 762, "is_downbeat": false}, {"time": 774, "is_downbeat": false}, {"time": 786, "is_downbeat": false}, {"time": 798, "is_downbeat": false}, {"time": 810, "is_downbeat": true}, {"time": 822, "is_downbeat": false}, {"time": 834, "is_downbeat": false}, {"time": 846, "is_downbeat": false}, {"time": 858, "is_downbeat": false}, {"time": 870, "is_downbeat": false}, {"time": 882, "is_downbeat": true}, {"time": 894, "is_downbeat": false}, {"time": 906, "is_downbeat": false}, {"time": 918, "is_downbeat": false}, {"time": 930, "is_downbeat": false}, {"time": 942, "is_downbeat": false}, {"time": 954, "is_downbeat": true}, {"time": 966, "is_downbeat": false}, {"time": 978, "is_downbeat": false}, {"time": 990, "is_downbeat": false}, {"time": 1002, "is_downbeat": false}, {"time": 1014, "is_downbeat": false}, {"time": 1026, "is_downbeat": true}, {"time": 1038, "is_downbeat": false}, {"time": 1050, "is_downbeat": false}, {"time": 1062, "is_downbeat": false}, {"time": 1074, "is_downbeat": false}, {"time": 1086, "is_downbeat": false}, {"time": 1098, "is_downbeat": true}, {"time": 1110, "is_downbeat": false}, {"time": 1122, "is_downbeat": false}, {"time": 1134, "is_downbeat": false}, {"time": 1146, "is_downbeat": false}, {"time": 1158, "is_downbeat": false}, {"time": 1170, "is_downbeat": true}, {"time": 1182, "is_downbeat": false}, {"time": 1194, "is_downbeat": false}, {"time": 1206, "is_downbeat": false}, {"time": 1218, "is_downbeat": false}, {"time": 1230, "is_downbeat": false}, {"time": 1242, "is_downbeat": true}, {"time": 1254, "is_downbeat": false}, {"time": 1266, "is_downbeat": false}, {"time": 1278, "is_downbeat": false}, {"time": 1290, "is_downbeat": false}, {"time": 1302, "is_downbeat": false}, {"time": 1314, "is_downbeat": true}, {"time": 1326, "is_downbeat": false}, {"time": 1338, "is_downbeat": false}, {"time": 1350, "is_downbeat": false}, {"time": 1362, "is_downbeat": false}, {"time": 1374, "is_downbeat": false}, {"time": 1386, "is_downbeat": true}, {"time": 1398, "is_downbeat": false}, {"time": 1410, "is_downbeat": false}, {"time": 1422, "is_downbeat": false}, {"time": 1434, "is_downbeat": false}, {"time": 1446, "is_downbeat": false}, {"time": 1458, "is_downbeat": true}, {"time": 1470, "is_downbeat": false}, {"time": 1482, "is_downbeat": false}, {"time": 1494, "is_downbeat": false}, {"time": 1506, "is_downbeat": false}, {"time": 1518, "is_downbeat": false}, {"time": 1530, "is_downbeat": true}, {"time": 1542, "is_downbeat": false}, {"time": 1554, "is_downbeat": false}, {"time": 1566, "is_downbeat": false}, {"time": 1578, "is_downbeat": false}, {"time": 1590, "is_downbeat": false}], "tracks": [{"program": 0, "is_drum": false, "notes": [{"time": 0, "pitch": 62, "duration": 12, "velocity": 64}, {"time": 12, "pitch": 67, "duration": 24, "velocity": 64}, {"time": 36, "pitch": 69, "duration": 12, "velocity": 64}, {"time": 48, "pitch": 71, "duration": 24, "velocity": 64}, {"time": 72, "pitch": 72, "duration": 12, "velocity": 64}, {"time": 84, "pitch": 74, "duration": 12, "velocity": 64}, {"time": 96, "pitch": 79, "duration": 12, "velocity": 64}, {"time": 108, "pitch": 76, "duration": 12, "velocity": 64}, {"time": 120, "pitch": 74, "duration": 24, "velocity": 64}, {"time": 144, "pitch": 72, "duration": 12, "velocity": 64}, {"time": 156, "pitch": 71, "duration": 12, "velocity": 64}, {"time": 168, "pitch": 74, "duration": 12, "velocity": 64}, {"time": 180, "pitch": 71, "duration": 12, "velocity": 64}, {"time": 192, "pitch": 67, "duration": 12, "velocity": 64}, {"time": 204, "pitch": 66, "duration": 12, "velocity": 64}, {"time": 216, "pitch": 67, "duration": 12, "velocity": 64}, {"time": 228, "pitch": 72, "duration": 12, "velocity": 64}, {"time": 240, "pitch": 71, "duration": 12, "velocity": 64}, {"time": 252, "pitch": 72, "duration": 12, "velocity": 64}, {"time": 264, "pitch": 69, "duration": 12, "velocity": 64}, {"time": 276, "pitch": 71, "duration": 12, "velocity": 64}, {"time": 288, "pitch": 72, "duration": 12, "velocity": 64}, {"time": 300, "pitch": 74, "duration": 12, "velocity": 64}, {"time": 312, "pitch": 73, "duration": 12, "velocity": 64}, {"time": 324, "pitch": 74, "duration": 12, "velocity": 64}, {"time": 336, "pitch": 76, "duration": 12, "velocity": 64}, {"time": 348, "pitch": 78, "duration": 12, "velocity": 64}, {"time": 360, "pitch": 79, "duration": 12, "velocity": 64}, {"time": 372, "pitch": 78, "duration": 6, "velocity": 64}, {"time": 378, "pitch": 79, "duration": 6, "velocity": 64}, {"time": 384, "pitch": 81, "duration": 12, "velocity": 64}, {"time": 396, "pitch": 78, "duration": 12, "velocity": 64}, {"time": 408, "pitch": 74, "duration": 24, "velocity": 64}, {"time": 432, "pitch": 79, "duration": 12, "velocity": 64}, {"time": 444, "pitch": 78, "duration": 12, "velocity": 64}, {"time": 456, "pitch": 76, "duration": 12, "velocity": 64}, {"time": 468, "pitch": 74, "duration": 12, "velocity": 64}, {"time": 480, "pitch": 69, "duration": 12, "velocity": 64}, {"time": 492, "pitch": 71, "duration": 12, "velocity": 64}, {"time": 504, "pitch": 73, "duration": 12, "velocity": 64}, {"time": 516, "pitch": 74, "duration": 36, "velocity": 64}, {"time": 552, "pitch": 74, "duration": 24, "velocity": 64}, {"time": 576, "pitch": 76, "duration": 6, "velocity": 64}, {"time": 582, "pitch": 78, "duration": 6, "velocity": 64}, {"time": 588, "pitch": 79, "duration": 6, "velocity": 64}, {"time": 594, "pitch": 81, "duration": 12, "velocity": 64}, {"time": 606, "pitch": 78, "duration": 12, "velocity": 64}, {"time": 618, "pitch": 74, "duration": 12, "velocity": 64}, {"time": 630, "pitch": 81, "duration": 12, "velocity": 64}, {"time": 642, "pitch": 78, "duration": 12, "velocity": 64}, {"time": 654, "pitch": 74, "duration": 12, "velocity": 64}, {"time": 666, "pitch": 72, "duration": 12, "velocity": 64}, {"time": 678, "pitch": 71, "duration": 12, "velocity": 64}, {"time": 690, "pitch": 72, "duration": 12, "velocity": 64}, {"time": 702, "pitch": 71, "duration": 24, "velocity": 64}, {"time": 726, "pitch": 72, "duration": 12, "velocity": 64}, {"time": 738, "pitch": 74, "duration": 12, "velocity": 64}, {"time": 750, "pitch": 79, "duration": 12, "velocity": 64}, {"time": 762, "pitch": 74, "duration": 12, "velocity": 64}, {"time": 774, "pitch": 74, "duration": 12, "velocity": 64}, {"time": 786, "pitch": 79, "duration": 12, "velocity": 64}, {"time": 798, "pitch": 74, "duration": 12, "velocity": 64}, {"time": 810, "pitch": 72, "duration": 12, "velocity": 64}, {"time": 822, "pitch": 71, "duration": 12, "velocity": 64}, {"time": 834, "pitch": 72, "duration": 12, "velocity": 64}, {"time": 846, "pitch": 71, "duration": 12, "velocity": 64}, {"time": 858, "pitch": 72, "duration": 12, "velocity": 64}, {"time": 870, "pitch": 74, "duration": 12, "velocity": 64}, {"time": 882, "pitch": 76, "duration": 24, "velocity": 64}, {"time": 906, "pitch": 78, "duration": 12, "velocity": 64}, {"time": 918, "pitch": 79, "duration": 12, "velocity": 64}, {"time": 930, "pitch": 78, "duration": 12, "velocity": 64}, {"time": 942, "pitch": 76, "duration": 12, "velocity": 64}, {"time": 954, "pitch": 74, "duration": 24, "velocity": 64}, {"time": 978, "pitch": 72, "duration": 12, "velocity": 64}, {"time": 990, "pitch": 71, "duration": 12, "velocity": 64}, {"time": 1002, "pitch": 72, "duration": 12, "velocity": 64}, {"time": 1014, "pitch": 74, "duration": 12, "velocity": 64}, {"time": 1026, "pitch": 76, "duration": 12, "velocity": 64}, {"time": 1038, "pitch": 74, "duration": 12, "velocity": 64}, {"time": 1050, "pitch": 72, "duration": 12, "velocity": 64}, {"time": 1062, "pitch": 71, "duration": 12, "velocity": 64}, {"time": 1074, "pitch": 72, "duration": 12, "velocity": 64}, {"time": 1086, "pitch": 69, "duration": 12, "velocity": 64}, {"time": 1098, "pitch": 71, "duration": 24, "velocity": 64}, {"time": 1122, "pitch": 67, "duration": 12, "velocity": 64}, {"time": 1134, "pitch": 64, "duration": 24, "velocity": 64}, {"time": 1158, "pitch": 62, "duration": 12, "velocity": 64}, {"time": 1170, "pitch": 67, "duration": 12, "velocity": 64}, {"time": 1182, "pitch": 69, "duration": 12, "velocity": 64}, {"time": 1194, "pitch": 67, "duration": 12, "velocity": 64}, {"time": 1206, "pitch": 67, "duration": 12, "velocity": 64}, {"time": 1218, "pitch": 71, "duration": 12, "velocity": 64}, {"time": 1230, "pitch": 74, "duration": 12, "velocity": 64}, {"time": 1242, "pitch": 76, "duration": 24, "velocity": 64}, {"time": 1266, "pitch": 78, "duration": 12, "velocity": 64}, {"time": 1278, "pitch": 79, "duration": 12, "velocity": 64}, {"time": 1290, "pitch": 78, "duration": 12, "velocity": 64}, {"time": 1302, "pitch": 76, "duration": 12, "velocity": 64}, {"time": 1314, "pitch": 74, "duration": 12, "velocity": 64}, {"time": 1326, "pitch": 71, "duration": 12, "velocity": 64}, {"time": 1338, "pitch": 67, "duration": 12, "velocity": 64}, {"time": 1350, "pitch": 69, "duration": 24, "velocity": 64}, {"time": 1374, "pitch": 71, "duration": 12, "velocity": 64}, {"time": 1386, "pitch": 64, "duration": 24, "velocity": 64}, {"time": 1410, "pitch": 66, "duration": 12, "velocity": 64}, {"time": 1422, "pitch": 67, "duration": 24, "velocity": 64}, {"time": 1446, "pitch": 69, "duration": 12, "velocity": 64}, {"time": 1458, "pitch": 71, "duration": 24, "velocity": 64}, {"time": 1482, "pitch": 79, "duration": 12, "velocity": 64}, {"time": 1494, "pitch": 71, "duration": 24, "velocity": 64}, {"time": 1518, "pitch": 69, "duration": 12, "velocity": 64}, {"time": 1530, "pitch": 67, "duration": 36, "velocity": 64}, {"time": 1566, "pitch": 67, "duration": 24, "velocity": 64}], "chords": [{"time": 12, "pitches": [55, 59, 62], "duration": 0, "velocity": 64}, {"time": 84, "pitches": [55, 59, 62], "duration": 0, "velocity": 64}, {"time": 156, "pitches": [55, 59, 62], "duration": 0, "velocity": 64}, {"time": 228, "pitches": [45, 48, 52], "duration": 0, "velocity": 64}, {"time": 300, "pitches": [50, 54, 57], "duration": 0, "velocity": 64}, {"time": 336, "pitches": [45, 49, 52, 55], "duration": 0, "velocity": 64}, {"time": 372, "pitches": [50, 54, 57], "duration": 0, "velocity": 64}, {"time": 444, "pitches": [52, 55, 59], "duration": 0, "velocity": 64}, {"time": 480, "pitches": [45, 49, 52, 55], "duration": 0, "velocity": 64}, {"time": 516, "pitches": [50, 54, 57, 60], "duration": 0, "velocity": 64}, {"time": 594, "pitches": [50, 54, 57], "duration": 0, "velocity": 64}, {"time": 666, "pitches": [48, 52, 55], "duration": 0, "velocity": 64}, {"time": 702, "pitches": [55, 59, 62], "duration": 0, "velocity": 64}, {"time": 738, "pitches": [55, 59, 62], "duration": 0, "velocity": 64}, {"time": 810, "pitches": [48, 52, 55], "duration": 0, "velocity": 64}, {"time": 846, "pitches": [55, 59, 62], "duration": 0, "velocity": 64}, {"time": 882, "pitches": [48, 52, 55], "duration": 0, "velocity": 64}, {"time": 954, "pitches": [55, 59, 62], "duration": 0, "velocity": 64}, {"time": 1026, "pitches": [48, 52, 55], "duration": 0, "velocity": 64}, {"time": 1062, "pitches": [50, 54, 57], "duration": 0, "velocity": 64}, {"time": 1098, "pitches": [52, 55, 59], "duration": 0, "velocity": 64}, {"time": 1134, "pitches": [53, 54, 58, 60, 62], "duration": 0, "velocity": 64}, {"time": 1170, "pitches": [55, 59, 62], "duration": 0, "velocity": 64}, {"time": 1242, "pitches": [48, 52, 55], "duration": 0, "velocity": 64}, {"time": 1314, "pitches": [55, 59, 62], "duration": 0, "velocity": 64}, {"time": 1386, "pitches": [48, 52, 55], "duration": 0, "velocity": 64}, {"time": 1422, "pitches": [50, 54, 57], "duration": 0, "velocity": 64}, {"time": 1458, "pitches": [55, 59, 62], "duration": 0, "velocity": 64}, {"time": 1494, "pitches": [50, 54, 57], "duration": 0, "velocity": 64}, {"time": 1530, "pitches": [55, 59, 62], "duration": 0, "velocity": 64}]}]}