{"metadata": {"schema_version": "0.1", "title": "Morris Off", "source_format": "abc"}, "resolution": 24, "tempos": [{"time": 0, "qpm": 120.0}], "key_signatures": [{"time": 0, "root": 7, "mode": "major", "fifths": 1}], "time_signatures": [{"time": 0, "numerator": 4, "denominator": 4}], "beats": [{"time": 0, "is_downbeat": true}, {"time": 24, "is_downbeat": true}, {"time": 48, "is_downbeat": false}, {"time": 72, "is_downbeat": false}, {"time": 96, "is_downbeat": false}, {"time": 120, "is_downbeat": true}, {"time": 144, "is_downbeat": false}, {"time": 168, "is_downbeat": false}, {"time": 192, "is_downbeat": false}, {"time": 216, "is_downbeat": true}, {"time": 240, "is_downbeat": false}, {"time": 264, "is_downbeat": false}, {"time": 288, "is_downbeat": false}, {"time": 312, "is_downbeat": true}, {"time": 336, "is_downbeat": false}, {"time": 360, "is_downbeat": false}, {"time": 384, "is_downbeat": false}, {"time": 408, "is_downbeat": true}, {"time": 432, "is_downbeat": false}, {"time": 456, "is_downbeat": false}, {"time": 480, "is_downbeat": false}, {"time": 504, "is_downbeat": true}, {"time": 528, "is_downbeat": false}, {"time": 552, "is_downbeat": false}, {"time": 576, "is_downbeat": false}, {"time": 600, "is_downbeat": true}, {"time": 624, "is_downbeat": false}, {"time": 648, "is_downbeat": false}, {"time": 672, "is_downbeat": false}, {"time": 696, "is_downbeat": true}, {"time": 720, "is_downbeat": false}, {"time": 744, "is_downbeat": false}, {"time": 768, "is_downbeat": false}], "tracks": [{"program": 0, "is_drum": false, "notes": [{"time": 0, "pitch": 74, "duration": 24, "velocity": 64}, {"time": 24, "pitch": 79, "duration": 12, "velocity": 64}, {"time": 36, "pitch": 78, "duration": 12, "velocity": 64}, {"time": 48, "pitch": 79, "duration": 12, "velocity": 64}, {"time": 60, "pitch": 76, "duration": 12, "velocity": 64}, {"time": 72, "pitch": 74, "duration": 24, "velocity": 64}, {"time": 96, "pitch": 79, "duration": 24, "velocity": 64}, {"time": 120, "pitch": 81, "duration": 12, "velocity": 64}, {"time": 132, "pitch": 79, "duration": 12, "velocity": 64}, {"time": 144, "pitch": 78, "duration": 12, "velocity": 64}, {"time": 156, "pitch": 76, "duration": 12, "velocity": 64}, {"time": 168, "pitch": 74, "duration": 48, "velocity": 64}, {"time": 216, "pitch": 84, "duration": 24, "velocity": 64}, {"time": 240, "pitch": 81, "duration": 24, "velocity": 64}, {"time": 264, "pitch": 83, "duration": 24, "velocity": 64}, {"time": 288, "pitch": 79, "duration": 24, "velocity": 64}, {"time": 312, "pitch": 81, "duration": 12, "velocity": 64}, {"time": 324, "pitch": 79, "duration": 12, "velocity": 64}, {"time": 336, "pitch": 78, "duration": 12, "velocity": 64}, {"time": 348, "pitch": 76, "duration": 12, "velocity": 64}, {"time": 360, "pitch": 74, "duration": 48, "velocity": 64}, {"time": 408, "pitch": 79, "duration": 12, "velocity": 64}, {"time": 420, "pitch": 78, "duration": 12, "velocity": 64}, {"time": 432, "pitch": 79, "duration": 12, "velocity": 64}, {"time": 444, "pitch": 76, "duration": 12, "velocity": 64}, {"time": 456, "pitch": 74, "duration": 24, "velocity": 64}, {"time": 480, "pitch": 79, "duration": 24, "velocity": 64}, {"time": 504, "pitch": 81, "duration": 12, "velocity": 64}, {"time": 516, "pitch": 79, "duration": 12, "velocity": 64}, {"time": 528, "pitch": 78, "duration": 12, "velocity": 64}, {"time": 540, "pitch": 76, "duration": 12, "velocity": 64}, {"time": 552, "pitch": 74, "duration": 48, "velocity": 64}, {"time": 600, "pitch": 84, "duration": 12, "velocity": 64}, {"time": 612, "pitch": 83, "duration": 12, "velocity": 64}, {"time": 624, "pitch": 81, "duration": 12, "velocity": 64}, {"time": 636, "pitch": 79, "duration": 12, "velocity": 64}, {"time": 648, "pitch": 78, "duration": 12, "velocity": 64}, {"time": 660, "pitch": 74, "duration": 12, "velocity": 64}, {"time": 672, "pitch": 76, "duration": 12, "velocity": 64}, {"time": 684, "pitch": 78, "duration": 12, "velocity": 64}, {"time": 696, "pitch": 79, "duration": 24, "velocity": 64}, {"time": 720, "pitch": 83, "duration": 24, "velocity": 64}, {"time": 744, "pitch": 79, "duration": 24, "velocity": 64}], "chords": [{"time": 24, "pitches": [55, 59, 62], "duration": 0, "velocity": 64}, {"time": 120, "pitches": [45, 48, 52], "duration": 0, "velocity": 64}, {"time": 168, "pitches": [50, 54, 57], "duration": 0, "velocity": 64}, {"time": 216, "pitches": [48, 52, 55], "duration": 0, "velocity": 64}, {"time": 264, "pitches": [55, 59, 62], "duration": 0, "velocity": 64}, {"time": 312, "pitches": [50, 54, 57], "duration": 0, "velocity": 64}, {"time": 408, "pitches": [52, 55, 59], "duration": 0, "velocity": 64}, {"time": 504, "pitches": [48, 52, 55], "duration": 0, "velocity": 64}, {"time": 552, "pitches": [50, 54, 57], "duration": 0, "velocity": 64}, {"time": 600, "pitches": [48, 52, 55], "duration": 0, "velocity": 64}, {"time": 648, "pitches": [50, 54, 57, 60], "duration": 0, "velocity": 64}, {"time": 696, "pitches": [55, 59, 62], "duration": 0, "velocity": 64}]}]}