{"metadata": {"schema_version": "0.1", "title": "Princess Royal", "source_format": "abc"}, "resolution": 24, "tempos": [{"time": 0, "qpm": 120.0}], "key_signatures": [{"time": 0, "root": 7, "mode": "major", "fifths": 1}], "time_signatures": [{"time": 0, "numerator": 4, "denominator": 4}], "beats": [{"time": 0, "is_downbeat": true}, {"time": 24, "is_downbeat": true}, {"time": 48, "is_downbeat": false}, {"time": 72, "is_downbeat": false}, {"time": 96, "is_downbeat": false}, {"time": 120, "is_downbeat": true}, {"time": 144, "is_downbeat": false}, {"time": 168, "is_downbeat": false}, {"time": 192, "is_downbeat": false}, {"time": 216, "is_downbeat": true}, {"time": 240, "is_downbeat": false}, {"time": 264, "is_downbeat": false}, {"time": 288, "is_downbeat": false}, {"time": 312, "is_downbeat": true}, {"time": 336, "is_downbeat": false}, {"time": 360, "is_downbeat": false}, {"time": 384, "is_downbeat": false}, {"time": 408, "is_downbeat": true}, {"time": 432, "is_downbeat": false}, {"time": 456, "is_downbeat": false}, {"time": 480, "is_downbeat": false}, {"time": 504, "is_downbeat": true}, {"time": 528, "is_downbeat": false}, {"time": 552, "is_downbeat": false}, {"time": 576, "is_downbeat": false}, {"time": 600, "is_downbeat": true}, {"time": 624, "is_downbeat": false}, {"time": 648, "is_downbeat": false}, {"time": 672, "is_downbeat": false}, {"time": 696, "is_downbeat": true}, {"time": 720, "is_downbeat": false}, {"time": 744, "is_downbeat": false}, {"time": 768, "is_downbeat": true}, {"time": 792, "is_downbeat": false}, {"time": 816, "is_downbeat": false}, {"time": 840, "is_downbeat": false}, {"time": 864, "is_downbeat": true}, {"time": 888, "is_downbeat": false}, {"time": 912, "is_downbeat": false}, {"time": 936, "is_downbeat": false}, {"time": 960, "is_downbeat": true}, {"time": 984, "is_downbeat": false}, {"time": 1008, "is_downbeat": false}, {"time": 1032, "is_downbeat": false}, {"time": 1056, "is_downbeat": true}, {"time": 1080, "is_downbeat": false}, {"time": 1104, "is_downbeat": false}, {"time": 1128, "is_downbeat": false}, {"time": 1152, "is_downbeat": true}, {"time": 1176, "is_downbeat": false}, {"time": 1200, "is_downbeat": false}, {"time": 1224, "is_downbeat": false}, {"time": 1248, "is_downbeat": true}, {"time": 1272, "is_downbeat": false}, {"time": 1296, "is_downbeat": false}, {"time": 1320, "is_downbeat": false}, {"time": 1344, "is_downbeat": true}, {"time": 1368, "is_downbeat": false}, {"time": 1392, "is_downbeat": false}, {"time": 1416, "is_downbeat": false}, {"time": 1440, "is_downbeat": true}, {"time": 1464, "is_downbeat": false}, {"time": 1488, "is_downbeat": false}, {"time": 1512, "is_downbeat": false}, {"time": 1536, "is_downbeat": true}, {"time": 1560, "is_downbeat": false}, {"time": 1584, "is_downbeat": false}, {"time": 1608, "is_downbeat": false}, {"time": 1632, "is_downbeat": true}, {"time": 1656, "is_downbeat": false}, {"time": 1680, "is_downbeat": false}, {"time": 1704, "is_downbeat": false}, {"time": 1728, "is_downbeat": true}, {"time": 1752, "is_downbeat": false}, {"time": 1776, "is_downbeat": false}, {"time": 1800, "is_downbeat": false}, {"time": 1824, "is_downbeat": true}, {"time": 1848, "is_downbeat": false}, {"time": 1872, "is_downbeat": false}, {"time": 1896, "is_downbeat": true}, {"time": 1920, "is_downbeat": false}, {"time": 1944, "is_downbeat": true}, {"time": 1968, "is_downbeat": false}, {"time": 1992, "is_downbeat": false}, {"time": 2016, "is_downbeat": false}, {"time": 2040, "is_downbeat": true}, {"time": 2064, "is_downbeat": false}, {"time": 2088, "is_downbeat": false}, {"time": 2112, "is_downbeat": false}, {"time": 2136, "is_downbeat": true}, {"time": 2160, "is_downbeat": false}, {"time": 2184, "is_downbeat": false}, {"time": 2208, "is_downbeat": false}, {"time": 2232, "is_downbeat": true}, {"time": 2256, "is_downbeat": false}, {"time": 2280, "is_downbeat": false}, {"time": 2304, "is_downbeat": false}, {"time": 2328, "is_downbeat": true}, {"time": 2352, "is_downbeat": false}, {"time": 2376, "is_downbeat": false}, {"time": 2400, "is_downbeat": false}, {"time": 2424, "is_downbeat": true}, {"time": 2448, "is_downbeat": false}, {"time": 2472, "is_downbeat": false}, {"time": 2496, "is_downbeat": false}, {"time": 2520, "is_downbeat": true}, {"time": 2544, "is_downbeat": false}, {"time": 2568, "is_downbeat": false}, {"time": 2592, "is_downbeat": false}, {"time": 2616, "is_downbeat": true}, {"time": 2640, "is_downbeat": false}, {"time": 2664, "is_downbeat": true}, {"time": 2688, "is_downbeat": false}, {"time": 2712, "is_downbeat": false}, {"time": 2736, "is_downbeat": false}, {"time": 2760, "is_downbeat": true}, {"time": 2784, "is_downbeat": false}, {"time": 2808, "is_downbeat": false}, {"time": 2832, "is_downbeat": false}, {"time": 2856, "is_downbeat": true}, {"time": 2880, "is_downbeat": false}, {"time": 2904, "is_downbeat": false}, {"time": 2928, "is_downbeat": false}, {"time": 2952, "is_downbeat": true}, {"time": 2976, "is_downbeat": false}, {"time": 3000, "is_downbeat": false}, {"time": 3024, "is_downbeat": false}], "tracks": [{"program": 0, "is_drum": false, "notes": [{"time": 0, "pitch": 74, "duration": 12, "velocity": 64}, {"time": 12, "pitch": 72, "duration": 12, "velocity": 64}, {"time": 24, "pitch": 71, "duration": 24, "velocity": 64}, {"time": 48, "pitch": 69, "duration": 24, "velocity": 64}, {"time": 72, "pitch": 67, "duration": 24, "velocity": 64}, {"time": 96, "pitch": 74, "duration": 12, "velocity": 64}, {"time": 108, "pitch": 72, "duration": 12, "velocity": 64}, {"time": 120, "pitch": 71, "duration": 24, "velocity": 64}, {"time": 144, "pitch": 69, "duration": 24, "velocity": 64}, {"time": 168, "pitch": 67, "duration": 24, "velocity": 64}, {"time": 192, "pitch": 79, "duration": 24, "velocity": 64}, {"time": 216, "pitch": 76, "duration": 36, "velocity": 64}, {"time": 252, "pitch": 74, "duration": 12, "velocity": 64}, {"time": 264, "pitch": 72, "duration": 24, "velocity": 64}, {"time": 288, "pitch": 76, "duration": 24, "velocity": 64}, {"time": 312, "pitch": 74, "duration": 36, "velocity": 64}, {"time": 348, "pitch": 72, "duration": 12, "velocity": 64}, {"time": 360, "pitch": 71, "duration": 24, "velocity": 64}, {"time": 384, "pitch": 74, "duration": 24, "velocity": 64}, {"time": 408, "pitch": 72, "duration": 24, "velocity": 64}, {"time": 432, "pitch": 71, "duration": 24, "velocity": 64}, {"time": 456, "pitch": 69, "duration": 24, "velocity": 64}, {"time": 480, "pitch": 67, "duration": 24, "velocity": 64}, {"time": 504, "pitch": 66, "duration": 12, "velocity": 64}, {"time": 516, "pitch": 67, "duration": 12, "velocity": 64}, {"time": 528, "pitch": 69, "duration": 12, "velocity": 64}, {"time": 540, "pitch": 66, "duration": 12, "velocity": 64}, {"time": 552, "pitch": 62, "duration": 24, "velocity": 64}, {"time": 576, "pitch": 74, "duration": 12, "velocity": 64}, {"time": 588, "pitch": 72, "duration": 12, "velocity": 64}, {"time": 600, "pitch": 71, "duration": 12, "velocity": 64}, {"time": 612, "pitch": 69, "duration": 12, "velocity": 64}, {"time": 624, "pitch": 71, "duration": 12, "velocity": 64}, {"time": 636, "pitch": 67, "duration": 12, "velocity": 64}, {"time": 648, "pitch": 69, "duration": 24, "velocity": 64}, {"time": 672, "pitch": 66, "duration": 24, "velocity": 64}, {"time": 696, "pitch": 67, "duration": 48, "velocity": 64}, {"time": 744, "pitch": 67, "duration": 24, "velocity": 64}, {"time": 768, "pitch": 76, "duration": 36, "velocity": 64}, {"time": 804, "pitch": 76, "duration": 12, "velocity": 64}, {"time": 816, "pitch": 76, "duration": 24, "velocity": 64}, {"time": 840, "pitch": 74, "duration": 24, "velocity": 64}, {"time": 864, "pitch": 76, "duration": 24, "velocity": 64}, {"time": 888, "pitch": 78, "duration": 24, "velocity": 64}, {"time": 912, "pitch": 79, "duration": 48, "velocity": 64}, {"time": 960, "pitch": 79, "duration": 24, "velocity": 64}, {"time": 984, "pitch": 78, "duration": 24, "velocity": 64}, {"time": 1008, "pitch": 76, "duration": 24, "velocity": 64}, {"time": 1032, "pitch": 74, "duration": 24, "velocity": 64}, {"time": 1056, "pitch": 71, "duration": 12, "velocity": 64}, {"time": 1068, "pitch": 69, "duration": 12, "velocity": 64}, {"time": 1080, "pitch": 67, "duration": 12, "velocity": 64}, {"time": 1092, "pitch": 71, "duration": 12, "velocity": 64}, {"time": 1104, "pitch": 69, "duration": 48, "velocity": 64}, {"time": 1152, "pitch": 67, "duration": 24, "velocity": 64}, {"time": 1176, "pitch": 67, "duration": 24, "velocity": 64}, {"time": 1200, "pitch": 69, "duration": 36, "velocity": 64}, {"time": 1236, "pitch": 69, "duration": 12, "velocity": 64}, {"time": 1248, "pitch": 71, "duration": 12, "velocity": 64}, {"time": 1260, "pitch": 69, "duration": 12, "velocity": 64}, {"time": 1272, "pitch": 67, "duration": 24, "velocity": 64}, {"time": 1296, "pitch": 79, "duration": 36, "velocity": 64}, {"time": 1332, "pitch": 78, "duration": 12, "velocity": 64}, {"time": 1344, "pitch": 79, "duration": 24, "velocity": 64}, {"time": 1368, "pitch": 74, "duration": 24, "velocity": 64}, {"time": 1392, "pitch": 76, "duration": 48, "velocity": 64}, {"time": 1440, "pitch": 74, "duration": 24, "velocity": 64}, {"time": 1464, "pitch": 71, "duration": 24, "velocity": 64}, {"time": 1488, "pitch": 72, "duration": 48, "velocity": 64}, {"time": 1536, "pitch": 72, "duration": 24, "velocity": 64}, {"time": 1560, "pitch": 71, "duration": 24, "velocity": 64}, {"time": 1584, "pitch": 69, "duration": 24, "velocity": 64}, {"time": 1608, "pitch": 67, "duration": 24, "velocity": 64}, {"time": 1632, "pitch": 66, "duration": 12, "velocity": 64}, {"time": 1644, "pitch": 67, "duration": 12, "velocity": 64}, {"time": 1656, "pitch": 69, "duration": 12, "velocity": 64}, {"time": 1668, "pitch": 66, "duration": 12, "velocity": 64}, {"time": 1680, "pitch": 62, "duration": 24, "velocity": 64}, {"time": 1704, "pitch": 74, "duration": 12, "velocity": 64}, {"time": 1716, "pitch": 72, "duration": 12, "velocity": 64}, {"time": 1728, "pitch": 71, "duration": 12, "velocity": 64}, {"time": 1740, "pitch": 69, "duration": 12, "velocity": 64}, {"time": 1752, "pitch": 71, "duration": 12, "velocity": 64}, {"time": 1764, "pitch": 67, "duration": 12, "velocity": 64}, {"time": 1776, "pitch": 69, "duration": 24, "velocity": 64}, {"time": 1800, "pitch": 66, "duration": 24, "velocity": 64}, {"time": 1824, "pitch": 67, "duration": 48, "velocity": 64}, {"time": 1872, "pitch": 67, "duration": 24, "velocity": 64}, {"time": 1896, "pitch": 74, "duration": 24, "velocity": 64}, {"time": 1920, "pitch": 72, "duration": 24, "velocity": 64}, {"time": 1944, "pitch": 71, "duration": 48, "velocity": 64}, {"time": 1992, "pitch": 69, "duration": 48, "velocity": 64}, {"time": 2040, "pitch": 67, "duration": 48, "velocity": 64}, {"time": 2088, "pitch": 74, "duration": 24, "velocity": 64}, {"time": 2112, "pitch": 72, "duration": 24, "velocity": 64}, {"time": 2136, "pitch": 71, "duration": 48, "velocity": 64}, {"time": 2184, "pitch": 69, "duration": 48, "velocity": 64}, {"time": 2232, "pitch": 67, "duration": 48, "velocity": 64}, {"time": 2280, "pitch": 79, "duration": 48, "velocity": 64}, {"time": 2328, "pitch": 76, "duration": 72, "velocity": 64}, {"time": 2400, "pitch": 74, "duration": 24, "velocity": 64}, {"time": 2424, "pitch": 72, "duration": 48, "velocity": 64}, {"time": 2472, "pitch": 76, "duration": 48, "velocity": 64}, {"time": 2520, "pitch": 74, "duration": 72, "velocity": 64}, {"time": 2592, "pitch": 72, "duration": 24, "velocity": 64}, {"time": 2616, "pitch": 71, "duration": 36, "velocity": 64}, {"time": 2652, "pitch": 74, "duration": 12, "velocity": 64}, {"time": 2664, "pitch": 72, "duration": 24, "velocity": 64}, {"time": 2688, "pitch": 71, "duration": 24, "velocity": 64}, {"time": 2712, "pitch": 69, "duration": 24, "velocity": 64}, {"time": 2736, "pitch": 67, "duration": 24, "velocity": 64}, {"time": 2760, "pitch": 66, "duration": 12, "velocity": 64}, {"time": 2772, "pitch": 67, "duration": 12, "velocity": 64}, {"time": 2784, "pitch": 69, "duration": 12, "velocity": 64}, {"time": 2796, "pitch": 66, "duration": 12, "velocity": 64}, {"time": 2808, "pitch": 62, "duration": 24, "velocity": 64}, {"time": 2832, "pitch": 74, "duration": 12, "velocity": 64}, {"time": 2844, "pitch": 72, "duration": 12, "velocity": 64}, {"time": 2856, "pitch": 71, "duration": 12, "velocity": 64}, {"time": 2868, "pitch": 69, "duration": 12, "velocity": 64}, {"time": 2880, "pitch": 71, "duration": 12, "velocity": 64}, {"time": 2892, "pitch": 67, "duration": 12, "velocity": 64}, {"time": 2904, "pitch": 69, "duration": 24, "velocity": 64}, {"time": 2928, "pitch": 66, "duration": 24, "velocity": 64}, {"time": 2952, "pitch": 67, "duration": 48, "velocity": 64}, {"time": 3000, "pitch": 67, "duration": 24, "velocity": 64}], "chords": [{"time": 24, "pitches": [55, 59, 62], "duration": 0, "velocity": 64}, {"time": 48, "pitches": [50, 54, 57], "duration": 0, "velocity": 64}, {"time": 72, "pitches": [55, 59, 62], "duration": 0, "velocity": 64}, {"time": 120, "pitches": [55, 59, 62], "duration": 0, "velocity": 64}, {"time": 144, "pitches": [50, 54, 57], "duration": 0, "velocity": 64}, {"time": 168, "pitches": [55, 59, 62], "duration": 0, "velocity": 64}, {"time": 216, "pitches": [48, 52, 55], "duration": 0, "velocity": 64}, {"time": 312, "pitches": [55, 59, 62], "duration": 0, "velocity": 64}, {"time": 408, "pitches": [45, 48, 52], "duration": 0, "velocity": 64}, {"time": 432, "pitches": [55, 59, 62], "duration": 0, "velocity": 64}, {"time": 456, "pitches": [54, 58, 61], "duration": 0, "velocity": 64}, {"time": 480, "pitches": [52, 56, 59], "duration": 0, "velocity": 64}, {"time": 504, "pitches": [50, 54, 57, 60], "duration": 0, "velocity": 64}, {"time": 528, "pitches": [49, 53, 56], "duration": 0, "velocity": 64}, {"time": 552, "pitches": [47, 51, 54], "duration": 0, "velocity": 64}, {"time": 576, "pitches": [45, 49, 52], "duration": 0, "velocity": 64}, {"time": 600, "pitches": [55, 59, 62], "duration": 0, "velocity": 64}, {"time": 648, "pitches": [50, 54, 57, 60], "duration": 0, "velocity": 64}, {"time": 696, "pitches": [55, 59, 62], "duration": 0, "velocity": 64}, {"time": 768, "pitches": [48, 52, 55], "duration": 0, "velocity": 64}, {"time": 864, "pitches": [48, 52, 55], "duration": 0, "velocity": 64}, {"time": 888, "pitches": [50, 54, 57], "duration": 0, "velocity": 64}, {"time": 912, "pitches": [52, 56, 59], "duration": 0, "velocity": 64}, {"time": 960, "pitches": [52, 55, 60], "duration": 0, "velocity": 64}, {"time": 984, "pitches": [50, 54, 57], "duration": 0, "velocity": 64}, {"time": 1008, "pitches": [48, 52, 55], "duration": 0, "velocity": 64}, {"time": 1032, "pitches": [47, 51, 54], "duration": 0, "velocity": 64}, {"time": 1056, "pitches": [50, 55, 59], "duration": 0, "velocity": 64}, {"time": 1104, "pitches": [50, 54, 57, 60], "duration": 0, "velocity": 64}, {"time": 1152, "pitches": [55, 59, 62], "duration": 0, "velocity": 64}, {"time": 1200, "pitches": [50, 54, 57, 60], "duration": 0, "velocity": 64}, {"time": 1248, "pitches": [55, 59, 62], "duration": 0, "velocity": 64}, {"time": 1344, "pitches": [55, 59, 62], "duration": 0, "velocity": 64}, {"time": 1392, "pitches": [48, 52, 55], "duration": 0, "velocity": 64}, {"time": 1440, "pitches": [55, 59, 62], "duration": 0, "velocity": 64}, {"time": 1488, "pitches": [48, 52, 55], "duration": 0, "velocity": 64}, {"time": 1536, "pitches": [45, 48, 52], "duration": 0, "velocity": 64}, {"time": 1560, "pitches": [55, 59, 62], "duration": 0, "velocity": 64}, {"time": 1584, "pitches": [54, 58, 61], "duration": 0, "velocity": 64}, {"time": 1608, "pitches": [52, 56, 59], "duration": 0, "velocity": 64}, {"time": 1632, "pitches": [50, 54, 57, 60], "duration": 0, "velocity": 64}, {"time": 1656, "pitches": [49, 53, 56], "duration": 0, "velocity": 64}, {"time": 1680, "pitches": [47, 51, 54], "duration": 0, "velocity": 64}, {"time": 1704, "pitches": [45, 49, 52], "duration": 0, "velocity": 64}, {"time": 1728, "pitches": [55, 59, 62], "duration": 0, "velocity": 64}, {"time": 1776, "pitches": [50, 54, 57, 60], "duration": 0, "velocity": 64}, {"time": 1824, "pitches": [55, 59, 62], "duration": 0, "velocity": 64}, {"time": 1944, "pitches": [55, 59, 62], "duration": 0, "velocity": 64}, {"time": 1992, "pitches": [50, 54, 57], "duration": 0, "velocity": 64}, {"time": 2040, "pitches": [52, 55, 59], "duration": 0, "velocity": 64}, {"time": 2088, "pitches": [50, 54, 57, 60], "duration": 0, "velocity": 64}, {"time": 2136, "pitches": [55, 59, 62], "duration": 0, "velocity": 64}, {"time": 2184, "pitches": [50, 54, 57], "duration": 0, "velocity": 64}, {"time": 2232, "pitches": [52, 55, 59], "duration": 0, "velocity": 64}, {"time": 2328, "pitches": [48, 52, 55], "duration": 0, "velocity": 64}, {"time": 2424, "pitches": [48, 52, 55], "duration": 0, "velocity": 64}, {"time": 2520, "pitches": [55, 59, 62], "duration": 0, "velocity": 64}, {"time": 2616, "pitches": [55, 59, 62], "duration": 0, "velocity": 64}, {"time": 2664, "pitches": [45, 48, 52], "duration": 0, "velocity": 64}, {"time": 2688, "pitches": [55, 59, 62], "duration": 0, "velocity": 64}, {"time": 2712, "pitches": [54, 58, 61], "duration": 0, "velocity": 64}, {"time": 2736, "pitches": [52, 56, 59], "duration": 0, "velocity": 64}, {"time": 2760, "pitches": [50, 54, 57, 60], "duration": 0, "velocity": 64}, {"time": 2784, "pitches": [49, 53, 56], "duration": 0, "velocity": 64}, {"time": 2808, "pitches": [47, 51, 54], "duration": 0, "velocity": 64}, {"time": 2832, "pitches": [45, 49, 52], "duration": 0, "velocity": 64}, {"time": 2856, "pitches": [55, 59, 62], "duration": 0, "velocity": 64}, {"time": 2904, "pitches": [50, 54, 57, 60], "duration": 0, "velocity": 64}, {"time": 2952, "pitches": [55, 59, 62], "duration": 0, "velocity": 64}]}]}