{"metadata": {"schema_version": "0.1", "title": "Princess Royal", "source_format": "abc"}, "resolution": 24, "tempos": [{"time": 0, "qpm": 120.0}], "key_signatures": [{"time": 0, "root": 9, "mode": "minor", "fifths": 0}], "time_signatures": [{"time": 0, "numerator": 4, "denominator": 4}], "beats": [{"time": 0, "is_downbeat": true}, {"time": 24, "is_downbeat": true}, {"time": 48, "is_downbeat": false}, {"time": 72, "is_downbeat": false}, {"time": 96, "is_downbeat": false}, {"time": 120, "is_downbeat": true}, {"time": 144, "is_downbeat": false}, {"time": 168, "is_downbeat": false}, {"time": 192, "is_downbeat": false}, {"time": 216, "is_downbeat": true}, {"time": 240, "is_downbeat": false}, {"time": 264, "is_downbeat": false}, {"time": 288, "is_downbeat": false}, {"time": 312, "is_downbeat": true}, {"time": 336, "is_downbeat": false}, {"time": 360, "is_downbeat": false}, {"time": 384, "is_downbeat": false}, {"time": 408, "is_downbeat": true}, {"time": 432, "is_downbeat": false}, {"time": 456, "is_downbeat": false}, {"time": 480, "is_downbeat": false}, {"time": 504, "is_downbeat": true}, {"time": 528, "is_downbeat": false}, {"time": 552, "is_downbeat": false}, {"time": 576, "is_downbeat": false}, {"time": 600, "is_downbeat": true}, {"time": 624, "is_downbeat": false}, {"time": 648, "is_downbeat": false}, {"time": 672, "is_downbeat": false}, {"time": 696, "is_downbeat": true}, {"time": 720, "is_downbeat": false}, {"time": 744, "is_downbeat": false}, {"time": 768, "is_downbeat": true}, {"time": 792, "is_downbeat": false}, {"time": 816, "is_downbeat": false}, {"time": 840, "is_downbeat": false}, {"time": 864, "is_downbeat": true}, {"time": 888, "is_downbeat": false}, {"time": 912, "is_downbeat": false}, {"time": 936, "is_downbeat": false}, {"time": 960, "is_downbeat": true}, {"time": 984, "is_downbeat": false}, {"time": 1008, "is_downbeat": false}, {"time": 1032, "is_downbeat": false}, {"time": 1056, "is_downbeat": true}, {"time": 1080, "is_downbeat": false}, {"time": 1104, "is_downbeat": false}, {"time": 1128, "is_downbeat": false}, {"time": 1152, "is_downbeat": true}, {"time": 1176, "is_downbeat": false}, {"time": 1200, "is_downbeat": false}, {"time": 1224, "is_downbeat": false}, {"time": 1248, "is_downbeat": true}, {"time": 1272, "is_downbeat": false}, {"time": 1296, "is_downbeat": false}, {"time": 1320, "is_downbeat": false}, {"time": 1344, "is_downbeat": true}, {"time": 1368, "is_downbeat": false}, {"time": 1392, "is_downbeat": false}, {"time": 1416, "is_downbeat": false}, {"time": 1440, "is_downbeat": true}, {"time": 1464, "is_downbeat": false}, {"time": 1488, "is_downbeat": false}, {"time": 1512, "is_downbeat": false}, {"time": 1536, "is_downbeat": true}, {"time": 1560, "is_downbeat": false}, {"time": 1584, "is_downbeat": false}, {"time": 1608, "is_downbeat": false}, {"time": 1632, "is_downbeat": true}, {"time": 1656, "is_downbeat": false}, {"time": 1680, "is_downbeat": false}, {"time": 1704, "is_downbeat": false}, {"time": 1728, "is_downbeat": true}, {"time": 1752, "is_downbeat": false}, {"time": 1776, "is_downbeat": false}, {"time": 1800, "is_downbeat": false}, {"time": 1824, "is_downbeat": true}, {"time": 1848, "is_downbeat": false}, {"time": 1872, "is_downbeat": false}, {"time": 1896, "is_downbeat": false}], "tracks": [{"program": 0, "is_drum": false, "notes": [{"time": 0, "pitch": 76, "duration": 12, "velocity": 64}, {"time": 12, "pitch": 74, "duration": 12, "velocity": 64}, {"time": 24, "pitch": 72, "duration": 24, "velocity": 64}, {"time": 48, "pitch": 71, "duration": 12, "velocity": 64}, {"time": 60, "pitch": 72, "duration": 12, "velocity": 64}, {"time": 72, "pitch": 69, "duration": 24, "velocity": 64}, {"time": 96, "pitch": 76, "duration": 12, "velocity": 64}, {"time": 108, "pitch": 78, "duration": 12, "velocity": 64}, {"time": 120, "pitch": 76, "duration": 12, "velocity": 64}, {"time": 132, "pitch": 74, "duration": 12, "velocity": 64}, {"time": 144, "pitch": 72, "duration": 12, "velocity": 64}, {"time": 156, "pitch": 71, "duration": 12, "velocity": 64}, {"time": 168, "pitch": 69, "duration": 12, "velocity": 64}, {"time": 180, "pitch": 72, "duration": 12, "velocity": 64}, {"time": 192, "pitch": 76, "duration": 24, "velocity": 64}, {"time": 216, "pitch": 78, "duration": 24, "velocity": 64}, {"time": 240, "pitch": 74, "duration": 24, "velocity": 64}, {"time": 264, "pitch": 74, "duration": 24, "velocity": 64}, {"time": 288, "pitch": 77, "duration": 12, "velocity": 64}, {"time": 300, "pitch": 79, "duration": 12, "velocity": 64}, {"time": 312, "pitch": 76, "duration": 12, "velocity": 64}, {"time": 324, "pitch": 74, "duration": 12, "velocity": 64}, {"time": 336, "pitch": 72, "duration": 12, "velocity": 64}, {"time": 348, "pitch": 71, "duration": 12, "velocity": 64}, {"time": 360, "pitch": 72, "duration": 24, "velocity": 64}, {"time": 384, "pitch": 71, "duration": 12, "velocity": 64}, {"time": 396, "pitch": 69, "duration": 12, "velocity": 64}, {"time": 408, "pitch": 71, "duration": 24, "velocity": 64}, {"time": 432, "pitch": 79, "duration": 24, "velocity": 64}, {"time": 456, "pitch": 71, "duration": 24, "velocity": 64}, {"time": 480, "pitch": 67, "duration": 24, "velocity": 64}, {"time": 504, "pitch": 69, "duration": 12, "velocity": 64}, {"time": 516, "pitch": 71, "duration": 12, "velocity": 64}, {"time": 528, "pitch": 69, "duration": 12, "velocity": 64}, {"time": 540, "pitch": 67, "duration": 12, "velocity": 64}, {"time": 552, "pitch": 64, "duration": 24, "velocity": 64}, {"time": 576, "pitch": 76, "duration": 12, "velocity": 64}, {"time": 588, "pitch": 74, "duration": 12, "velocity": 64}, {"time": 600, "pitch": 72, "duration": 12, "velocity": 64}, {"time": 612, "pitch": 71, "duration": 12, "velocity": 64}, {"time": 624, "pitch": 69, "duration": 12, "velocity": 64}, {"time": 636, "pitch": 72, "duration": 12, "velocity": 64}, {"time": 648, "pitch": 71, "duration": 12, "velocity": 64}, {"time": 660, "pitch": 69, "duration": 12, "velocity": 64}, {"time": 672, "pitch": 67, "duration": 12, "velocity": 64}, {"time": 684, "pitch": 71, "duration": 12, "velocity": 64}, {"time": 696, "pitch": 69, "duration": 48, "velocity": 64}, {"time": 744, "pitch": 69, "duration": 24, "velocity": 64}, {"time": 768, "pitch": 76, "duration": 24, "velocity": 64}, {"time": 792, "pitch": 81, "duration": 24, "velocity": 64}, {"time": 816, "pitch": 81, "duration": 12, "velocity": 64}, {"time": 828, "pitch": 79, "duration": 12, "velocity": 64}, {"time": 840, "pitch": 81, "duration": 12, "velocity": 64}, {"time": 852, "pitch": 83, "duration": 12, "velocity": 64}, {"time": 864, "pitch": 81, "duration": 12, "velocity": 64}, {"time": 876, "pitch": 79, "duration": 12, "velocity": 64}, {"time": 888, "pitch": 76, "duration": 12, "velocity": 64}, {"time": 900, "pitch": 78, "duration": 12, "velocity": 64}, {"time": 912, "pitch": 79, "duration": 24, "velocity": 64}, {"time": 936, "pitch": 74, "duration": 24, "velocity": 64}, {"time": 960, "pitch": 76, "duration": 12, "velocity": 64}, {"time": 972, "pitch": 79, "duration": 12, "velocity": 64}, {"time": 984, "pitch": 78, "duration": 12, "velocity": 64}, {"time": 996, "pitch": 81, "duration": 12, "velocity": 64}, {"time": 1008, "pitch": 79, "duration": 12, "velocity": 64}, {"time": 1020, "pitch": 77, "duration": 12, "velocity": 64}, {"time": 1032, "pitch": 76, "duration": 24, "velocity": 64}, {"time": 1056, "pitch": 74, "duration": 12, "velocity": 64}, {"time": 1068, "pitch": 72, "duration": 12, "velocity": 64}, {"time": 1080, "pitch": 71, "duration": 12, "velocity": 64}, {"time": 1092, "pitch": 69, "duration": 12, "velocity": 64}, {"time": 1104, "pitch": 67, "duration": 24, "velocity": 64}, {"time": 1128, "pitch": 69, "duration": 12, "velocity": 64}, {"time": 1140, "pitch": 71, "duration": 12, "velocity": 64}, {"time": 1152, "pitch": 72, "duration": 24, "velocity": 64}, {"time": 1176, "pitch": 72, "duration": 24, "velocity": 64}, {"time": 1200, "pitch": 74, "duration": 24, "velocity": 64}, {"time": 1224, "pitch": 74, "duration": 24, "velocity": 64}, {"time": 1248, "pitch": 76, "duration": 12, "velocity": 64}, {"time": 1260, "pitch": 78, "duration": 12, "velocity": 64}, {"time": 1272, "pitch": 79, "duration": 12, "velocity": 64}, {"time": 1284, "pitch": 76, "duration": 12, "velocity": 64}, {"time": 1296, "pitch": 81, "duration": 12, "velocity": 64}, {"time": 1308, "pitch": 83, "duration": 12, "velocity": 64}, {"time": 1320, "pitch": 81, "duration": 12, "velocity": 64}, {"time": 1332, "pitch": 79, "duration": 12, "velocity": 64}, {"time": 1344, "pitch": 78, "duration": 24, "velocity": 64}, {"time": 1368, "pitch": 69, "duration": 24, "velocity": 64}, {"time": 1392, "pitch": 77, "duration": 24, "velocity": 64}, {"time": 1416, "pitch": 79, "duration": 12, "velocity": 64}, {"time": 1428, "pitch": 77, "duration": 12, "velocity": 64}, {"time": 1440, "pitch": 76, "duration": 24, "velocity": 64}, {"time": 1464, "pitch": 69, "duration": 24, "velocity": 64}, {"time": 1488, "pitch": 74, "duration": 24, "velocity": 64}, {"time": 1512, "pitch": 76, "duration": 12, "velocity": 64}, {"time": 1524, "pitch": 74, "duration": 12, "velocity": 64}, {"time": 1536, "pitch": 72, "duration": 24, "velocity": 64}, {"time": 1560, "pitch": 71, "duration": 12, "velocity": 64}, {"time": 1572, "pitch": 72, "duration": 12, "velocity": 64}, {"time": 1584, "pitch": 69, "duration": 12, "velocity": 64}, {"time": 1596, "pitch": 71, "duration": 12, "velocity": 64}, {"time": 1608, "pitch": 72, "duration": 12, "velocity": 64}, {"time": 1620, "pitch": 74, "duration": 12, "velocity": 64}, {"time": 1632, "pitch": 76, "duration": 24, "velocity": 64}, {"time": 1656, "pitch": 69, "duration": 24, "velocity": 64}, {"time": 1680, "pitch": 69, "duration": 24, "velocity": 64}, {"time": 1704, "pitch": 76, "duration": 12, "velocity": 64}, {"time": 1716, "pitch": 74, "duration": 12, "velocity": 64}, {"time": 1728, "pitch": 72, "duration": 12, "velocity": 64}, {"time": 1740, "pitch": 71, "duration": 12, "velocity": 64}, {"time": 1752, "pitch": 69, "duration": 12, "velocity": 64}, {"time": 1764, "pitch": 72, "duration": 12, "velocity": 64}, {"time": 1776, "pitch": 71, "duration": 12, "velocity": 64}, {"time": 1788, "pitch": 69, "duration": 12, "velocity": 64}, {"time": 1800, "pitch": 67, "duration": 12, "velocity": 64}, {"time": 1812, "pitch": 71, "duration": 12, "velocity": 64}, {"time": 1824, "pitch": 69, "duration": 48, "velocity": 64}, {"time": 1872, "pitch": 69, "duration": 24, "velocity": 64}], "chords": [{"time": 24, "pitches": [45, 48, 52], "duration": 0, "velocity": 64}, {"time": 120, "pitches": [45, 48, 52], "duration": 0, "velocity": 64}, {"time": 216, "pitches": [50, 54, 57], "duration": 0, "velocity": 64}, {"time": 312, "pitches": [45, 48, 52], "duration": 0, "velocity": 64}, {"time": 408, "pitches": [55, 59, 62], "duration": 0, "velocity": 64}, {"time": 504, "pitches": [45, 48, 52], "duration": 0, "velocity": 64}, {"time": 600, "pitches": [45, 48, 52], "duration": 0, "velocity": 64}, {"time": 648, "pitches": [52, 55, 59], "duration": 0, "velocity": 64}, {"time": 696, "pitches": [45, 48, 52], "duration": 0, "velocity": 64}, {"time": 768, "pitches": [45, 48, 52], "duration": 0, "velocity": 64}, {"time": 864, "pitches": [45, 48, 52], "duration": 0, "velocity": 64}, {"time": 912, "pitches": [55, 59, 62], "duration": 0, "velocity": 64}, {"time": 960, "pitches": [45, 48, 52], "duration": 0, "velocity": 64}, {"time": 1056, "pitches": [55, 59, 62], "duration": 0, "velocity": 64}, {"time": 1152, "pitches": [45, 48, 52], "duration": 0, "velocity": 64}, {"time": 1200, "pitches": [50, 54, 57], "duration": 0, "velocity": 64}, {"time": 1344, "pitches": [50, 54, 57], "duration": 0, "velocity": 64}, {"time": 1440, "pitches": [45, 48, 52], "duration": 0, "velocity": 64}, {"time": 1488, "pitches": [50, 54, 57], "duration": 0, "velocity": 64}, {"time": 1536, "pitches": [45, 48, 52], "duration": 0, "velocity": 64}, {"time": 1584, "pitches": [52, 55, 59], "duration": 0, "velocity": 64}, {"time": 1632, "pitches": [45, 48, 52], "duration": 0, "velocity": 64}, {"time": 1728, "pitches": [45, 48, 52], "duration": 0, "velocity": 64}, {"time": 1776, "pitches": [52, 55, 59], "duration": 0, "velocity": 64}, {"time": 1824, "pitches": [45, 48, 52], "duration": 0, "velocity": 64}]}]}