{"metadata": {"schema_version": "0.1", "title": "Tideswell Processional", "source_format": "abc"}, "resolution": 24, "tempos": [{"time": 0, "qpm": 120.0}], "key_signatures": [{"time": 0, "root": 7, "mode": "major", "fifths": 1}], "time_signatures": [{"time": 0, "numerator": 4, "denominator": 4}], "beats": [{"time": 0, "is_downbeat": true}, {"time": 24, "is_downbeat": true}, {"time": 48, "is_downbeat": false}, {"time": 72, "is_downbeat": false}, {"time": 96, "is_downbeat": false}, {"time": 120, "is_downbeat": true}, {"time": 144, "is_downbeat": false}, {"time": 168, "is_downbeat": false}, {"time": 192, "is_downbeat": false}, {"time": 216, "is_downbeat": true}, {"time": 240, "is_downbeat": false}, {"time": 264, "is_downbeat": false}, {"time": 288, "is_downbeat": false}, {"time": 312, "is_downbeat": true}, {"time": 336, "is_downbeat": false}, {"time": 360, "is_downbeat": false}, {"time": 384, "is_downbeat": false}, {"time": 408, "is_downbeat": true}, {"time": 432, "is_downbeat": false}, {"time": 456, "is_downbeat": false}, {"time": 480, "is_downbeat": false}, {"time": 504, "is_downbeat": true}, {"time": 528, "is_downbeat": false}, {"time": 552, "is_downbeat": false}, {"time": 576, "is_downbeat": false}], "tracks": [{"program": 0, "is_drum": false, "notes": [{"time": 0, "pitch": 74, "duration": 24, "velocity": 64}, {"time": 24, "pitch": 71, "duration": 12, "velocity": 64}, {"time": 36, "pitch": 74, "duration": 12, "velocity": 64}, {"time": 48, "pitch": 74, "duration": 12, "velocity": 64}, {"time": 60, "pitch": 79, "duration": 12, "velocity": 64}, {"time": 72, "pitch": 79, "duration": 12, "velocity": 64}, {"time": 84, "pitch": 74, "duration": 12, "velocity": 64}, {"time": 96, "pitch": 74, "duration": 12, "velocity": 64}, {"time": 108, "pitch": 79, "duration": 12, "velocity": 64}, {"time": 120, "pitch": 79, "duration": 12, "velocity": 64}, {"time": 132, "pitch": 76, "duration": 12, "velocity": 64}, {"time": 144, "pitch": 74, "duration": 12, "velocity": 64}, {"time": 156, "pitch": 72, "duration": 12, "velocity": 64}, {"time": 168, "pitch": 71, "duration": 24, "velocity": 64}, {"time": 192, "pitch": 67, "duration": 24, "velocity": 64}, {"time": 216, "pitch": 72, "duration": 12, "velocity": 64}, {"time": 228, "pitch": 74, "duration": 12, "velocity": 64}, {"time": 240, "pitch": 76, "duration": 8, "velocity": 64}, {"time": 248, "pitch": 74, "duration": 8, "velocity": 64}, {"time": 256, "pitch": 72, "duration": 8, "velocity": 64}, {"time": 264, "pitch": 71, "duration": 12, "velocity": 64}, {"time": 276, "pitch": 74, "duration": 12, "velocity": 64}, {"time": 288, "pitch": 74, "duration": 24, "velocity": 64}, {"time": 312, "pitch": 72, "duration": 12, "velocity": 64}, {"time": 324, "pitch": 74, "duration": 12, "velocity": 64}, {"time": 336, "pitch": 76, "duration": 8, "velocity": 64}, {"time": 344, "pitch": 74, "duration": 8, "velocity": 64}, {"time": 352, "pitch": 72, "duration": 8, "velocity": 64}, {"time": 360, "pitch": 71, "duration": 24, "velocity": 64}, {"time": 384, "pitch": 67, "duration": 24, "velocity": 64}, {"time": 408, "pitch": 72, "duration": 12, "velocity": 64}, {"time": 420, "pitch": 74, "duration": 12, "velocity": 64}, {"time": 432, "pitch": 76, "duration": 8, "velocity": 64}, {"time": 440, "pitch": 74, "duration": 8, "velocity": 64}, {"time": 448, "pitch": 72, "duration": 8, "velocity": 64}, {"time": 456, "pitch": 71, "duration": 12, "velocity": 64}, {"time": 468, "pitch": 74, "duration": 12, "velocity": 64}, {"time": 480, "pitch": 74, "duration": 24, "velocity": 64}, {"time": 504, "pitch": 76, "duration": 12, "velocity": 64}, {"time": 516, "pitch": 79, "duration": 12, "velocity": 64}, {"time": 528, "pitch": 78, "duration": 12, "velocity": 64}, {"time": 540, "pitch": 81, "duration": 12, "velocity": 64}, {"time": 552, "pitch": 79, "duration": 24, "velocity": 64}], "chords": [{"time": 24, "pitches": [55, 59, 62], "duration": 0, "velocity": 64}, {"time": 120, "pitches": [48, 52, 55], "duration": 0, "velocity": 64}, {"time": 144, "pitches": [50, 54, 57, 60], "duration": 0, "velocity": 64}, {"time": 168, "pitches": [55, 59, 62], "duration": 0, "velocity": 64}, {"time": 216, "pitches": [48, 52, 55], "duration": 0, "velocity": 64}, {"time": 264, "pitches": [55, 59, 62], "duration": 0, "velocity": 64}, {"time": 312, "pitches": [48, 52, 55], "duration": 0, "velocity": 64}, {"time": 360, "pitches": [55, 59, 62], "duration": 0, "velocity": 64}, {"time": 408, "pitches": [48, 52, 55], "duration": 0, "velocity": 64}, {"time": 456, "pitches": [55, 59, 62], "duration": 0, "velocity": 64}, {"time": 504, "pitches": [48, 52, 55], "duration": 0, "velocity": 64}, {"time": 528, "pitches": [50, 54, 57, 60], "duration": 0, "velocity": 64}, {"time": 552, "pitches": [55, 59, 62], "duration": 0, "velocity": 64}]}]}