{"metadata": {"schema_version": "0.1", "title": "Winster Processional", "source_format": "abc"}, "resolution": 24, "tempos": [{"time": 0, "qpm": 120.0}], "key_signatures": [{"time": 0, "root": 7, "mode": "major", "fifths": 1}], "time_signatures": [{"time": 0, "numerator": 4, "denominator": 4}], "beats": [{"time": 0, "is_downbeat": true}, {"time": 24, "is_downbeat": true}, {"time": 48, "is_downbeat": false}, {"time": 72, "is_downbeat": false}, {"time": 96, "is_downbeat": false}, {"time": 120, "is_downbeat": true}, {"time": 144, "is_downbeat": false}, {"time": 168, "is_downbeat": false}, {"time": 192, "is_downbeat": false}, {"time": 216, "is_downbeat": true}, {"time": 240, "is_downbeat": false}, {"time": 264, "is_downbeat": false}, {"time": 288, "is_downbeat": false}, {"time": 312, "is_downbeat": true}, {"time": 336, "is_downbeat": false}, {"time": 360, "is_downbeat": false}, {"time": 384, "is_downbeat": true}, {"time": 408, "is_downbeat": false}, {"time": 432, "is_downbeat": false}, {"time": 456, "is_downbeat": false}, {"time": 480, "is_downbeat": true}, {"time": 504, "is_downbeat": false}, {"time": 528, "is_downbeat": false}, {"time": 552, "is_downbeat": false}, {"time": 576, "is_downbeat": true}, {"time": 600, "is_downbeat": false}, {"time": 624, "is_downbeat": false}, {"time": 648, "is_downbeat": false}, {"time": 672, "is_downbeat": true}, {"time": 696, "is_downbeat": false}, {"time": 720, "is_downbeat": false}, {"time": 744, "is_downbeat": false}, {"time": 768, "is_downbeat": true}, {"time": 792, "is_downbeat": false}, {"time": 816, "is_downbeat": false}, {"time": 840, "is_downbeat": false}], "tracks": [{"program": 0, "is_drum": false, "notes": [{"time": 0, "pitch": 74, "duration": 24, "velocity": 64}, {"time": 24, "pitch": 79, "duration": 24, "velocity": 64}, {"time": 48, "pitch": 74, "duration": 24, "velocity": 64}, {"time": 72, "pitch": 74, "duration": 24, "velocity": 64}, {"time": 96, "pitch": 76, "duration": 12, "velocity": 64}, {"time": 108, "pitch": 78, "duration": 12, "velocity": 64}, {"time": 120, "pitch": 79, "duration": 24, "velocity": 64}, {"time": 144, "pitch": 74, "duration": 24, "velocity": 64}, {"time": 168, "pitch": 74, "duration": 24, "velocity": 64}, {"time": 192, "pitch": 76, "duration": 12, "velocity": 64}, {"time": 204, "pitch": 78, "duration": 12, "velocity": 64}, {"time": 216, "pitch": 79, "duration": 24, "velocity": 64}, {"time": 240, "pitch": 74, "duration": 24, "velocity": 64}, {"time": 264, "pitch": 74, "duration": 24, "velocity": 64}, {"time": 288, "pitch": 72, "duration": 24, "velocity": 64}, {"time": 312, "pitch": 71, "duration": 48, "velocity": 64}, {"time": 360, "pitch": 67, "duration": 24, "velocity": 64}, {"time": 384, "pitch": 71, "duration": 48, "velocity": 64}, {"time": 432, "pitch": 67, "duration": 48, "velocity": 64}, {"time": 480, "pitch": 72, "duration": 24, "velocity": 64}, {"time": 504, "pitch": 76, "duration": 24, "velocity": 64}, {"time": 528, "pitch": 76, "duration": 24, "velocity": 64}, {"time": 552, "pitch": 74, "duration": 12, "velocity": 64}, {"time": 564, "pitch": 72, "duration": 12, "velocity": 64}, {"time": 576, "pitch": 71, "duration": 24, "velocity": 64}, {"time": 600, "pitch": 74, "duration": 24, "velocity": 64}, {"time": 624, "pitch": 74, "duration": 24, "velocity": 64}, {"time": 648, "pitch": 72, "duration": 12, "velocity": 64}, {"time": 660, "pitch": 71, "duration": 12, "velocity": 64}, {"time": 672, "pitch": 69, "duration": 36, "velocity": 64}, {"time": 708, "pitch": 71, "duration": 12, "velocity": 64}, {"time": 720, "pitch": 72, "duration": 24, "velocity": 64}, {"time": 744, "pitch": 74, "duration": 24, "velocity": 64}, {"time": 768, "pitch": 71, "duration": 48, "velocity": 64}, {"time": 816, "pitch": 67, "duration": 48, "velocity": 64}], "chords": [{"time": 24, "pitches": [55, 59, 62], "duration": 0, "velocity": 64}, {"time": 72, "pitches": [50, 54, 57, 60], "duration": 0, "velocity": 64}, {"time": 120, "pitches": [55, 59, 62], "duration": 0, "velocity": 64}, {"time": 168, "pitches": [50, 54, 57, 60], "duration": 0, "velocity": 64}, {"time": 216, "pitches": [55, 59, 62], "duration": 0, "velocity": 64}, {"time": 264, "pitches": [50, 54, 57, 60], "duration": 0, "velocity": 64}, {"time": 312, "pitches": [55, 59, 62], "duration": 0, "velocity": 64}, {"time": 384, "pitches": [55, 59, 62], "duration": 0, "velocity": 64}, {"time": 480, "pitches": [48, 52, 55], "duration": 0, "velocity": 64}, {"time": 576, "pitches": [55, 59, 62], "duration": 0, "velocity": 64}, {"time": 672, "pitches": [50, 54, 57, 60], "duration": 0, "velocity": 64}, {"time": 768, "pitches": [55, 59, 62], "duration": 0, "velocity": 64}, {"time": 816, "pitches": [43, 47, 50, 53], "duration": 0, "velocity": 64}]}]}