{"metadata": {"schema_version": "0.1", "title": "Valentine", "source_format": "abc"}, "resolution": 24, "tempos": [{"time": 0, "qpm": 120.0}], "key_signatures": [{"time": 0, "root": 7, "mode": "major", "fifths": 1}], "time_signatures": [{"time": 0, "numerator": 6, "denominator": 8}, {"time": 1788, "numerator": 2, "denominator": 4}, {"time": 1932, "numerator": 2, "denominator": 4}, {"time": 2076, "numerator": 2, "denominator": 4}, {"time": 2124, "numerator": 4, "denominator": 4}, {"time": 2220, "numerator": 1, "denominator": 4}], "beats": [{"time": 0, "is_downbeat": true}, {"time": 12, "is_downbeat": true}, {"time": 36, "is_downbeat": false}, {"time": 60, "is_downbeat": true}, {"time": 84, "is_downbeat": true}, {"time": 108, "is_downbeat": false}, {"time": 132, "is_downbeat": true}, {"time": 156, "is_downbeat": true}, {"time": 180, "is_downbeat": false}, {"time": 204, "is_downbeat": true}, {"time": 228, "is_downbeat": true}, {"time": 252, "is_downbeat": false}, {"time": 276, "is_downbeat": true}, {"time": 300, "is_downbeat": true}, {"time": 324, "is_downbeat": false}, {"time": 348, "is_downbeat": true}, {"time": 372, "is_downbeat": true}, {"time": 396, "is_downbeat": false}, {"time": 420, "is_downbeat": true}, {"time": 444, "is_downbeat": true}, {"time": 468, "is_downbeat": false}, {"time": 492, "is_downbeat": true}, {"time": 516, "is_downbeat": true}, {"time": 540, "is_downbeat": false}, {"time": 564, "is_downbeat": true}, {"time": 576, "is_downbeat": true}, {"time": 588, "is_downbeat": true}, {"time": 612, "is_downbeat": false}, {"time": 636, "is_downbeat": true}, {"time": 660, "is_downbeat": true}, {"time": 684, "is_downbeat": false}, {"time": 708, "is_downbeat": true}, {"time": 732, "is_downbeat": true}, {"time": 756, "is_downbeat": false}, {"time": 780, "is_downbeat": true}, {"time": 804, "is_downbeat": true}, {"time": 828, "is_downbeat": false}, {"time": 852, "is_downbeat": true}, {"time": 876, "is_downbeat": true}, {"time": 900, "is_downbeat": false}, {"time": 924, "is_downbeat": true}, {"time": 948, "is_downbeat": true}, {"time": 972, "is_downbeat": false}, {"time": 996, "is_downbeat": true}, {"time": 1020, "is_downbeat": true}, {"time": 1044, "is_downbeat": false}, {"time": 1068, "is_downbeat": true}, {"time": 1092, "is_downbeat": true}, {"time": 1116, "is_downbeat": false}, {"time": 1140, "is_downbeat": true}, {"time": 1152, "is_downbeat": true}, {"time": 1164, "is_downbeat": true}, {"time": 1188, "is_downbeat": false}, {"time": 1212, "is_downbeat": true}, {"time": 1236, "is_downbeat": true}, {"time": 1260, "is_downbeat": false}, {"time": 1284, "is_downbeat": true}, {"time": 1308, "is_downbeat": true}, {"time": 1332, "is_downbeat": false}, {"time": 1356, "is_downbeat": true}, {"time": 1380, "is_downbeat": false}, {"time": 1404, "is_downbeat": true}, {"time": 1428, "is_downbeat": false}, {"time": 1452, "is_downbeat": true}, {"time": 1476, "is_downbeat": false}, {"time": 1500, "is_downbeat": true}, {"time": 1524, "is_downbeat": false}, {"time": 1548, "is_downbeat": true}, {"time": 1572, "is_downbeat": false}, {"time": 1596, "is_downbeat": true}, {"time": 1620, "is_downbeat": false}, {"time": 1644, "is_downbeat": true}, {"time": 1668, "is_downbeat": false}, {"time": 1692, "is_downbeat": true}, {"time": 1716, "is_downbeat": false}, {"time": 1740, "is_downbeat": true}, {"time": 1764, "is_downbeat": false}, {"time": 1788, "is_downbeat": true}, {"time": 1812, "is_downbeat": false}, {"time": 1836, "is_downbeat": true}, {"time": 1860, "is_downbeat": false}, {"time": 1884, "is_downbeat": true}, {"time": 1908, "is_downbeat": false}, {"time": 1932, "is_downbeat": true}, {"time": 1956, "is_downbeat": false}, {"time": 1980, "is_downbeat": true}, {"time": 2004, "is_downbeat": false}, {"time": 2028, "is_downbeat": true}, {"time": 2052, "is_downbeat": false}, {"time": 2076, "is_downbeat": true}, {"time": 2100, "is_downbeat": false}, {"time": 2124, "is_downbeat": true}, {"time": 2148, "is_downbeat": true}, {"time": 2172, "is_downbeat": true}, {"time": 2196, "is_downbeat": true}, {"time": 2220, "is_downbeat": true}], "tracks": [{"program": 0, "is_drum": false, "notes": [{"time": 0, "pitch": 79, "duration": 12, "velocity": 64}, {"time": 12, "pitch": 79, "duration": 12, "velocity": 64}, {"time": 24, "pitch": 78, "duration": 12, "velocity": 64}, {"time": 36, "pitch": 76, "duration": 12, "velocity": 64}, {"time": 48, "pitch": 76, "duration": 12, "velocity": 64}, {"time": 60, "pitch": 74, "duration": 12, "velocity": 64}, {"time": 72, "pitch": 76, "duration": 12, "velocity": 64}, {"time": 84, "pitch": 76, "duration": 12, "velocity": 64}, {"time": 96, "pitch": 74, "duration": 12, "velocity": 64}, {"time": 108, "pitch": 72, "duration": 12, "velocity": 64}, {"time": 120, "pitch": 72, "duration": 12, "velocity": 64}, {"time": 132, "pitch": 71, "duration": 12, "velocity": 64}, {"time": 144, "pitch": 72, "duration": 12, "velocity": 64}, {"time": 156, "pitch": 74, "duration": 12, "velocity": 64}, {"time": 168, "pitch": 71, "duration": 12, "velocity": 64}, {"time": 180, "pitch": 79, "duration": 12, "velocity": 64}, {"time": 192, "pitch": 74, "duration": 12, "velocity": 64}, {"time": 204, "pitch": 71, "duration": 12, "velocity": 64}, {"time": 216, "pitch": 67, "duration": 12, "velocity": 64}, {"time": 228, "pitch": 66, "duration": 12, "velocity": 64}, {"time": 240, "pitch": 69, "duration": 12, "velocity": 64}, {"time": 252, "pitch": 69, "duration": 12, "velocity": 64}, {"time": 264, "pitch": 69, "duration": 24, "velocity": 64}, {"time": 288, "pitch": 79, "duration": 12, "velocity": 64}, {"time": 300, "pitch": 79, "duration": 12, "velocity": 64}, {"time": 312, "pitch": 78, "duration": 12, "velocity": 64}, {"time": 324, "pitch": 76, "duration": 12, "velocity": 64}, {"time": 336, "pitch": 76, "duration": 12, "velocity": 64}, {"time": 348, "pitch": 74, "duration": 12, "velocity": 64}, {"time": 360, "pitch": 76, "duration": 12, "velocity": 64}, {"time": 372, "pitch": 76, "duration": 12, "velocity": 64}, {"time": 384, "pitch": 74, "duration": 12, "velocity": 64}, {"time": 396, "pitch": 72, "duration": 12, "velocity": 64}, {"time": 408, "pitch": 72, "duration": 12, "velocity": 64}, {"time": 420, "pitch": 71, "duration": 12, "velocity": 64}, {"time": 432, "pitch": 72, "duration": 12, "velocity": 64}, {"time": 444, "pitch": 74, "duration": 12, "velocity": 64}, {"time": 456, "pitch": 71, "duration": 12, "velocity": 64}, {"time": 468, "pitch": 67, "duration": 12, "velocity": 64}, {"time": 480, "pitch": 62, "duration": 12, "velocity": 64}, {"time": 492, "pitch": 69, "duration": 12, "velocity": 64}, {"time": 504, "pitch": 66, "duration": 12, "velocity": 64}, {"time": 516, "pitch": 67, "duration": 12, "velocity": 64}, {"time": 528, "pitch": 69, "duration": 12, "velocity": 64}, {"time": 540, "pitch": 67, "duration": 12, "velocity": 64}, {"time": 552, "pitch": 67, "duration": 24, "velocity": 64}, {"time": 576, "pitch": 71, "duration": 6, "velocity": 64}, {"time": 582, "pitch": 72, "duration": 6, "velocity": 64}, {"time": 588, "pitch": 74, "duration": 12, "velocity": 64}, {"time": 600, "pitch": 76, "duration": 12, "velocity": 64}, {"time": 612, "pitch": 74, "duration": 12, "velocity": 64}, {"time": 624, "pitch": 74, "duration": 12, "velocity": 64}, {"time": 636, "pitch": 71, "duration": 12, "velocity": 64}, {"time": 648, "pitch": 74, "duration": 12, "velocity": 64}, {"time": 660, "pitch": 71, "duration": 12, "velocity": 64}, {"time": 672, "pitch": 67, "duration": 12, "velocity": 64}, {"time": 684, "pitch": 67, "duration": 12, "velocity": 64}, {"time": 696, "pitch": 67, "duration": 24, "velocity": 64}, {"time": 720, "pitch": 69, "duration": 6, "velocity": 64}, {"time": 726, "pitch": 71, "duration": 6, "velocity": 64}, {"time": 732, "pitch": 72, "duration": 12, "velocity": 64}, {"time": 744, "pitch": 69, "duration": 12, "velocity": 64}, {"time": 756, "pitch": 72, "duration": 12, "velocity": 64}, {"time": 768, "pitch": 71, "duration": 12, "velocity": 64}, {"time": 780, "pitch": 67, "duration": 12, "velocity": 64}, {"time": 792, "pitch": 71, "duration": 12, "velocity": 64}, {"time": 804, "pitch": 66, "duration": 12, "velocity": 64}, {"time": 816, "pitch": 69, "duration": 12, "velocity": 64}, {"time": 828, "pitch": 69, "duration": 12, "velocity": 64}, {"time": 840, "pitch": 69, "duration": 24, "velocity": 64}, {"time": 864, "pitch": 71, "duration": 6, "velocity": 64}, {"time": 870, "pitch": 72, "duration": 6, "velocity": 64}, {"time": 876, "pitch": 74, "duration": 12, "velocity": 64}, {"time": 888, "pitch": 76, "duration": 12, "velocity": 64}, {"time": 900, "pitch": 74, "duration": 12, "velocity": 64}, {"time": 912, "pitch": 74, "duration": 12, "velocity": 64}, {"time": 924, "pitch": 71, "duration": 12, "velocity": 64}, {"time": 936, "pitch": 74, "duration": 12, "velocity": 64}, {"time": 948, "pitch": 71, "duration": 12, "velocity": 64}, {"time": 960, "pitch": 67, "duration": 12, "velocity": 64}, {"time": 972, "pitch": 67, "duration": 12, "velocity": 64}, {"time": 984, "pitch": 67, "duration": 12, "velocity": 64}, {"time": 996, "pitch": 71, "duration": 12, "velocity": 64}, {"time": 1008, "pitch": 74, "duration": 12, "velocity": 64}, {"time": 1020, "pitch": 76, "duration": 12, "velocity": 64}, {"time": 1032, "pitch": 78, "duration": 12, "velocity": 64}, {"time": 1044, "pitch": 79, "duration": 12, "velocity": 64}, {"time": 1056, "pitch": 74, "duration": 12, "velocity": 64}, {"time": 1068, "pitch": 71, "duration": 12, "velocity": 64}, {"time": 1080, "pitch": 74, "duration": 12, "velocity": 64}, {"time": 1092, "pitch": 71, "duration": 12, "velocity": 64}, {"time": 1104, "pitch": 67, "duration": 12, "velocity": 64}, {"time": 1116, "pitch": 67, "duration": 12, "velocity": 64}, {"time": 1128, "pitch": 67, "duration": 24, "velocity": 64}, {"time": 1152, "pitch": 71, "duration": 6, "velocity": 64}, {"time": 1158, "pitch": 72, "duration": 6, "velocity": 64}, {"time": 1164, "pitch": 74, "duration": 12, "velocity": 64}, {"time": 1176, "pitch": 76, "duration": 12, "velocity": 64}, {"time": 1188, "pitch": 74, "duration": 12, "velocity": 64}, {"time": 1200, "pitch": 74, "duration": 12, "velocity": 64}, {"time": 1212, "pitch": 71, "duration": 12, "velocity": 64}, {"time": 1224, "pitch": 74, "duration": 12, "velocity": 64}, {"time": 1236, "pitch": 71, "duration": 12, "velocity": 64}, {"time": 1248, "pitch": 67, "duration": 12, "velocity": 64}, {"time": 1260, "pitch": 67, "duration": 12, "velocity": 64}, {"time": 1272, "pitch": 67, "duration": 24, "velocity": 64}, {"time": 1296, "pitch": 69, "duration": 6, "velocity": 64}, {"time": 1302, "pitch": 71, "duration": 6, "velocity": 64}, {"time": 1308, "pitch": 72, "duration": 24, "velocity": 64}, {"time": 1332, "pitch": 69, "duration": 24, "velocity": 64}, {"time": 1356, "pitch": 72, "duration": 48, "velocity": 64}, {"time": 1404, "pitch": 71, "duration": 24, "velocity": 64}, {"time": 1428, "pitch": 67, "duration": 24, "velocity": 64}, {"time": 1452, "pitch": 71, "duration": 48, "velocity": 64}, {"time": 1500, "pitch": 66, "duration": 24, "velocity": 64}, {"time": 1524, "pitch": 69, "duration": 24, "velocity": 64}, {"time": 1548, "pitch": 69, "duration": 48, "velocity": 64}, {"time": 1596, "pitch": 69, "duration": 72, "velocity": 64}, {"time": 1668, "pitch": 71, "duration": 12, "velocity": 64}, {"time": 1680, "pitch": 72, "duration": 12, "velocity": 64}, {"time": 1692, "pitch": 74, "duration": 24, "velocity": 64}, {"time": 1716, "pitch": 76, "duration": 24, "velocity": 64}, {"time": 1740, "pitch": 74, "duration": 24, "velocity": 64}, {"time": 1764, "pitch": 74, "duration": 24, "velocity": 64}, {"time": 1788, "pitch": 71, "duration": 24, "velocity": 64}, {"time": 1812, "pitch": 74, "duration": 24, "velocity": 64}, {"time": 1836, "pitch": 71, "duration": 24, "velocity": 64}, {"time": 1860, "pitch": 67, "duration": 24, "velocity": 64}, {"time": 1884, "pitch": 67, "duration": 24, "velocity": 64}, {"time": 1908, "pitch": 67, "duration": 24, "velocity": 64}, {"time": 1932, "pitch": 71, "duration": 24, "velocity": 64}, {"time": 1956, "pitch": 74, "duration": 24, "velocity": 64}, {"time": 1980, "pitch": 76, "duration": 24, "velocity": 64}, {"time": 2004, "pitch": 78, "duration": 24, "velocity": 64}, {"time": 2028, "pitch": 79, "duration": 24, "velocity": 64}, {"time": 2052, "pitch": 74, "duration": 24, "velocity": 64}, {"time": 2076, "pitch": 71, "duration": 24, "velocity": 64}, {"time": 2100, "pitch": 74, "duration": 24, "velocity": 64}, {"time": 2124, "pitch": 71, "duration": 24, "velocity": 64}, {"time": 2148, "pitch": 67, "duration": 24, "velocity": 64}, {"time": 2172, "pitch": 67, "duration": 24, "velocity": 64}, {"time": 2196, "pitch": 67, "duration": 48, "velocity": 64}], "chords": [{"time": 12, "pitches": [48, 52, 55], "duration": 0, "velocity": 64}, {"time": 84, "pitches": [48, 52, 55], "duration": 0, "velocity": 64}, {"time": 156, "pitches": [55, 59, 62], "duration": 0, "velocity": 64}, {"time": 228, "pitches": [45, 48, 52], "duration": 0, "velocity": 64}, {"time": 264, "pitches": [50, 54, 57], "duration": 0, "velocity": 64}, {"time": 288, "pitches": [49, 53, 56], "duration": 0, "velocity": 64}, {"time": 300, "pitches": [48, 52, 55], "duration": 0, "velocity": 64}, {"time": 372, "pitches": [48, 52, 55], "duration": 0, "velocity": 64}, {"time": 444, "pitches": [55, 59, 62], "duration": 0, "velocity": 64}, {"time": 480, "pitches": [50, 54, 57, 60], "duration": 0, "velocity": 64}, {"time": 516, "pitches": [55, 59, 62], "duration": 0, "velocity": 64}, {"time": 588, "pitches": [55, 59, 62], "duration": 0, "velocity": 64}, {"time": 660, "pitches": [55, 59, 62], "duration": 0, "velocity": 64}, {"time": 732, "pitches": [48, 52, 55], "duration": 0, "velocity": 64}, {"time": 768, "pitches": [55, 59, 62], "duration": 0, "velocity": 64}, {"time": 804, "pitches": [45, 48, 52], "duration": 0, "velocity": 64}, {"time": 840, "pitches": [50, 54, 57, 60], "duration": 0, "velocity": 64}, {"time": 876, "pitches": [55, 59, 62], "duration": 0, "velocity": 64}, {"time": 948, "pitches": [55, 59, 62], "duration": 0, "velocity": 64}, {"time": 1020, "pitches": [48, 52, 55], "duration": 0, "velocity": 64}, {"time": 1056, "pitches": [55, 59, 62], "duration": 0, "velocity": 64}, {"time": 1092, "pitches": [55, 59, 62], "duration": 0, "velocity": 64}, {"time": 1164, "pitches": [55, 59, 62], "duration": 0, "velocity": 64}, {"time": 1236, "pitches": [55, 59, 62], "duration": 0, "velocity": 64}, {"time": 1308, "pitches": [48, 52, 55], "duration": 0, "velocity": 64}, {"time": 1356, "pitches": [50, 54, 57, 60], "duration": 0, "velocity": 64}, {"time": 1404, "pitches": [55, 59, 62], "duration": 0, "velocity": 64}, {"time": 1428, "pitches": [54, 58, 61], "duration": 0, "velocity": 64}, {"time": 1452, "pitches": [52, 55, 59], "duration": 0, "velocity": 64}, {"time": 1500, "pitches": [45, 48, 52], "duration": 0, "velocity": 64}, {"time": 1548, "pitches": [45, 49, 52, 55], "duration": 0, "velocity": 64}, {"time": 1596, "pitches": [50, 54, 57, 60], "duration": 0, "velocity": 64}, {"time": 1644, "pitches": [48, 52, 55], "duration": 0, "velocity": 64}, {"time": 1668, "pitches": [47, 51, 54], "duration": 0, "velocity": 64}, {"time": 1680, "pitches": [45, 49, 52], "duration": 0, "velocity": 64}, {"time": 1692, "pitches": [55, 59, 62], "duration": 0, "velocity": 64}, {"time": 1836, "pitches": [55, 59, 62], "duration": 0, "velocity": 64}, {"time": 1980, "pitches": [48, 52, 55], "duration": 0, "velocity": 64}, {"time": 2052, "pitches": [55, 59, 62], "duration": 0, "velocity": 64}, {"time": 2124, "pitches": [55, 59, 62], "duration": 0, "velocity": 64}]}]}