{"metadata": {"schema_version": "0.1", "title": "Hole in the Wall", "source_format": "abc"}, "resolution": 24, "tempos": [{"time": 0, "qpm": 120.0}], "key_signatures": [{"time": 0, "root": 10, "mode": "major", "fifths": -2}], "time_signatures": [{"time": 0, "numerator": 3, "denominator": 2}], "beats": [{"time": 0, "is_downbeat": true}, {"time": 48, "is_downbeat": true}, {"time": 96, "is_downbeat": false}, {"time": 144, "is_downbeat": false}, {"time": 192, "is_downbeat": true}, {"time": 240, "is_downbeat": false}, {"time": 288, "is_downbeat": false}, {"time": 336, "is_downbeat": true}, {"time": 384, "is_downbeat": false}, {"time": 432, "is_downbeat": false}, {"time": 480, "is_downbeat": true}, {"time": 528, "is_downbeat": false}, {"time": 576, "is_downbeat": false}, {"time": 624, "is_downbeat": true}, {"time": 672, "is_downbeat": false}, {"time": 720, "is_downbeat": false}, {"time": 768, "is_downbeat": true}, {"time": 816, "is_downbeat": false}, {"time": 864, "is_downbeat": false}, {"time": 912, "is_downbeat": true}, {"time": 960, "is_downbeat": false}, {"time": 1008, "is_downbeat": false}, {"time": 1056, "is_downbeat": true}, {"time": 1104, "is_downbeat": false}, {"time": 1152, "is_downbeat": false}, {"time": 1200, "is_downbeat": true}, {"time": 1248, "is_downbeat": false}, {"time": 1296, "is_downbeat": false}, {"time": 1344, "is_downbeat": true}, {"time": 1392, "is_downbeat": false}, {"time": 1440, "is_downbeat": false}, {"time": 1488, "is_downbeat": true}, {"time": 1536, "is_downbeat": false}, {"time": 1584, "is_downbeat": false}, {"time": 1632, "is_downbeat": true}, {"time": 1680, "is_downbeat": false}, {"time": 1728, "is_downbeat": true}, {"time": 1776, "is_downbeat": false}, {"time": 1824, "is_downbeat": false}], "tracks": [{"program": 0, "is_drum": false, "notes": [{"time": 0, "pitch": 70, "duration": 24, "velocity": 64}, {"time": 24, "pitch": 72, "duration": 24, "velocity": 64}, {"time": 48, "pitch": 74, "duration": 36, "velocity": 64}, {"time": 84, "pitch": 75, "duration": 12, "velocity": 64}, {"time": 96, "pitch": 74, "duration": 12, "velocity": 64}, {"time": 108, "pitch": 75, "duration": 12, "velocity": 64}, {"time": 120, "pitch": 77, "duration": 24, "velocity": 64}, {"time": 144, "pitch": 72, "duration": 24, "velocity": 64}, {"time": 168, "pitch": 77, "duration": 24, "velocity": 64}, {"time": 192, "pitch": 70, "duration": 36, "velocity": 64}, {"time": 228, "pitch": 72, "duration": 12, "velocity": 64}, {"time": 240, "pitch": 70, "duration": 12, "velocity": 64}, {"time": 252, "pitch": 72, "duration": 12, "velocity": 64}, {"time": 264, "pitch": 74, "duration": 24, "velocity": 64}, {"time": 288, "pitch": 69, "duration": 24, "velocity": 64}, {"time": 312, "pitch": 74, "duration": 24, "velocity": 64}, {"time": 336, "pitch": 67, "duration": 36, "velocity": 64}, {"time": 372, "pitch": 69, "duration": 12, "velocity": 64}, {"time": 384, "pitch": 67, "duration": 12, "velocity": 64}, {"time": 396, "pitch": 69, "duration": 12, "velocity": 64}, {"time": 408, "pitch": 70, "duration": 24, "velocity": 64}, {"time": 432, "pitch": 65, "duration": 24, "velocity": 64}, {"time": 456, "pitch": 74, "duration": 24, "velocity": 64}, {"time": 480, "pitch": 70, "duration": 72, "velocity": 64}, {"time": 552, "pitch": 69, "duration": 24, "velocity": 64}, {"time": 576, "pitch": 70, "duration": 48, "velocity": 64}, {"time": 624, "pitch": 82, "duration": 36, "velocity": 64}, {"time": 660, "pitch": 81, "duration": 12, "velocity": 64}, {"time": 672, "pitch": 79, "duration": 12, "velocity": 64}, {"time": 684, "pitch": 81, "duration": 12, "velocity": 64}, {"time": 696, "pitch": 82, "duration": 24, "velocity": 64}, {"time": 720, "pitch": 81, "duration": 24, "velocity": 64}, {"time": 744, "pitch": 79, "duration": 24, "velocity": 64}, {"time": 768, "pitch": 78, "duration": 36, "velocity": 64}, {"time": 804, "pitch": 79, "duration": 12, "velocity": 64}, {"time": 816, "pitch": 77, "duration": 12, "velocity": 64}, {"time": 828, "pitch": 79, "duration": 12, "velocity": 64}, {"time": 840, "pitch": 81, "duration": 24, "velocity": 64}, {"time": 864, "pitch": 74, "duration": 24, "velocity": 64}, {"time": 888, "pitch": 81, "duration": 24, "velocity": 64}, {"time": 912, "pitch": 82, "duration": 36, "velocity": 64}, {"time": 948, "pitch": 81, "duration": 12, "velocity": 64}, {"time": 960, "pitch": 79, "duration": 12, "velocity": 64}, {"time": 972, "pitch": 81, "duration": 12, "velocity": 64}, {"time": 984, "pitch": 82, "duration": 24, "velocity": 64}, {"time": 1008, "pitch": 81, "duration": 24, "velocity": 64}, {"time": 1032, "pitch": 79, "duration": 24, "velocity": 64}, {"time": 1056, "pitch": 79, "duration": 72, "velocity": 64}, {"time": 1128, "pitch": 78, "duration": 24, "velocity": 64}, {"time": 1152, "pitch": 79, "duration": 48, "velocity": 64}, {"time": 1200, "pitch": 67, "duration": 36, "velocity": 64}, {"time": 1236, "pitch": 69, "duration": 12, "velocity": 64}, {"time": 1248, "pitch": 67, "duration": 12, "velocity": 64}, {"time": 1260, "pitch": 69, "duration": 12, "velocity": 64}, {"time": 1272, "pitch": 70, "duration": 24, "velocity": 64}, {"time": 1296, "pitch": 69, "duration": 12, "velocity": 64}, {"time": 1308, "pitch": 70, "duration": 12, "velocity": 64}, {"time": 1320, "pitch": 72, "duration": 24, "velocity": 64}, {"time": 1344, "pitch": 70, "duration": 36, "velocity": 64}, {"time": 1380, "pitch": 72, "duration": 12, "velocity": 64}, {"time": 1392, "pitch": 70, "duration": 12, "velocity": 64}, {"time": 1404, "pitch": 72, "duration": 12, "velocity": 64}, {"time": 1416, "pitch": 74, "duration": 24, "velocity": 64}, {"time": 1440, "pitch": 72, "duration": 12, "velocity": 64}, {"time": 1452, "pitch": 74, "duration": 12, "velocity": 64}, {"time": 1464, "pitch": 75, "duration": 24, "velocity": 64}, {"time": 1488, "pitch": 74, "duration": 36, "velocity": 64}, {"time": 1524, "pitch": 75, "duration": 12, "velocity": 64}, {"time": 1536, "pitch": 74, "duration": 12, "velocity": 64}, {"time": 1548, "pitch": 75, "duration": 12, "velocity": 64}, {"time": 1560, "pitch": 77, "duration": 24, "velocity": 64}, {"time": 1584, "pitch": 65, "duration": 24, "velocity": 64}, {"time": 1608, "pitch": 77, "duration": 24, "velocity": 64}, {"time": 1632, "pitch": 74, "duration": 72, "velocity": 64}, {"time": 1704, "pitch": 72, "duration": 12, "velocity": 64}, {"time": 1716, "pitch": 74, "duration": 12, "velocity": 64}, {"time": 1728, "pitch": 70, "duration": 24, "velocity": 64}], "chords": [{"time": 48, "pitches": [46, 50, 53], "duration": 0, "velocity": 64}, {"time": 144, "pitches": [45, 48, 53], "duration": 0, "velocity": 64}, {"time": 192, "pitches": [55, 58, 62], "duration": 0, "velocity": 64}, {"time": 288, "pitches": [53, 57, 62], "duration": 0, "velocity": 64}, {"time": 336, "pitches": [51, 55, 58], "duration": 0, "velocity": 64}, {"time": 432, "pitches": [50, 53, 58], "duration": 0, "velocity": 64}, {"time": 480, "pitches": [51, 55, 58], "duration": 0, "velocity": 64}, {"time": 528, "pitches": [41, 45, 48, 51], "duration": 0, "velocity": 64}, {"time": 576, "pitches": [46, 50, 53], "duration": 0, "velocity": 64}, {"time": 624, "pitches": [55, 58, 62], "duration": 0, "velocity": 64}, {"time": 720, "pitches": [48, 51, 55], "duration": 0, "velocity": 64}, {"time": 768, "pitches": [50, 54, 57], "duration": 0, "velocity": 64}, {"time": 864, "pitches": [50, 54, 57, 60], "duration": 0, "velocity": 64}, {"time": 912, "pitches": [55, 58, 62], "duration": 0, "velocity": 64}, {"time": 1008, "pitches": [48, 51, 55], "duration": 0, "velocity": 64}, {"time": 1056, "pitches": [50, 55, 58], "duration": 0, "velocity": 64}, {"time": 1104, "pitches": [50, 54, 57, 60], "duration": 0, "velocity": 64}, {"time": 1152, "pitches": [55, 58, 62], "duration": 0, "velocity": 64}, {"time": 1200, "pitches": [51, 55, 58], "duration": 0, "velocity": 64}, {"time": 1296, "pitches": [53, 57, 60], "duration": 0, "velocity": 64}, {"time": 1344, "pitches": [55, 58, 62], "duration": 0, "velocity": 64}, {"time": 1440, "pitches": [45, 48, 53], "duration": 0, "velocity": 64}, {"time": 1488, "pitches": [46, 50, 53], "duration": 0, "velocity": 64}, {"time": 1584, "pitches": [45, 48, 53], "duration": 0, "velocity": 64}, {"time": 1632, "pitches": [55, 58, 62], "duration": 0, "velocity": 64}, {"time": 1680, "pitches": [41, 45, 48, 51], "duration": 0, "velocity": 64}, {"time": 1728, "pitches": [46, 50, 53], "duration": 0, "velocity": 64}]}]}