{"metadata": {"schema_version": "0.1", "title": "Mr Beveridge's Maggot", "source_format": "abc"}, "resolution": 24, "tempos": [{"time": 0, "qpm": 120.0}], "key_signatures": [{"time": 0, "root": 7, "mode": "minor", "fifths": -2}], "time_signatures": [{"time": 0, "numerator": 3, "denominator": 2}], "beats": [{"time": 0, "is_downbeat": true}, {"time": 48, "is_downbeat": false}, {"time": 96, "is_downbeat": false}, {"time": 144, "is_downbeat": true}, {"time": 192, "is_downbeat": false}, {"time": 240, "is_downbeat": false}, {"time": 288, "is_downbeat": true}, {"time": 336, "is_downbeat": false}, {"time": 384, "is_downbeat": false}, {"time": 432, "is_downbeat": true}, {"time": 480, "is_downbeat": false}, {"time": 528, "is_downbeat": false}, {"time": 576, "is_downbeat": true}, {"time": 624, "is_downbeat": false}, {"time": 672, "is_downbeat": false}, {"time": 720, "is_downbeat": true}, {"time": 768, "is_downbeat": false}, {"time": 816, "is_downbeat": false}, {"time": 864, "is_downbeat": true}, {"time": 912, "is_downbeat": false}, {"time": 960, "is_downbeat": false}, {"time": 1008, "is_downbeat": true}, {"time": 1056, "is_downbeat": false}, {"time": 1104, "is_downbeat": false}, {"time": 1152, "is_downbeat": true}, {"time": 1200, "is_downbeat": false}, {"time": 1248, "is_downbeat": false}, {"time": 1296, "is_downbeat": true}, {"time": 1344, "is_downbeat": false}, {"time": 1392, "is_downbeat": false}, {"time": 1440, "is_downbeat": true}, {"time": 1488, "is_downbeat": false}, {"time": 1536, "is_downbeat": false}, {"time": 1584, "is_downbeat": true}, {"time": 1632, "is_downbeat": false}, {"time": 1680, "is_downbeat": false}], "tracks": [{"program": 0, "is_drum": false, "notes": [{"time": 0, "pitch": 79, "duration": 48, "velocity": 64}, {"time": 48, "pitch": 78, "duration": 24, "velocity": 64}, {"time": 72, "pitch": 76, "duration": 12, "velocity": 64}, {"time": 84, "pitch": 77, "duration": 12, "velocity": 64}, {"time": 96, "pitch": 79, "duration": 48, "velocity": 64}, {"time": 144, "pitch": 74, "duration": 24, "velocity": 64}, {"time": 168, "pitch": 72, "duration": 12, "velocity": 64}, {"time": 180, "pitch": 70, "duration": 12, "velocity": 64}, {"time": 192, "pitch": 69, "duration": 12, "velocity": 64}, {"time": 204, "pitch": 70, "duration": 12, "velocity": 64}, {"time": 216, "pitch": 72, "duration": 24, "velocity": 64}, {"time": 240, "pitch": 70, "duration": 24, "velocity": 64}, {"time": 264, "pitch": 67, "duration": 24, "velocity": 64}, {"time": 288, "pitch": 79, "duration": 48, "velocity": 64}, {"time": 336, "pitch": 81, "duration": 24, "velocity": 64}, {"time": 360, "pitch": 79, "duration": 12, "velocity": 64}, {"time": 372, "pitch": 81, "duration": 12, "velocity": 64}, {"time": 384, "pitch": 82, "duration": 48, "velocity": 64}, {"time": 432, "pitch": 77, "duration": 24, "velocity": 64}, {"time": 456, "pitch": 75, "duration": 12, "velocity": 64}, {"time": 468, "pitch": 74, "duration": 12, "velocity": 64}, {"time": 480, "pitch": 72, "duration": 12, "velocity": 64}, {"time": 492, "pitch": 74, "duration": 12, "velocity": 64}, {"time": 504, "pitch": 75, "duration": 24, "velocity": 64}, {"time": 528, "pitch": 74, "duration": 24, "velocity": 64}, {"time": 552, "pitch": 70, "duration": 24, "velocity": 64}, {"time": 576, "pitch": 74, "duration": 24, "velocity": 64}, {"time": 600, "pitch": 77, "duration": 48, "velocity": 64}, {"time": 648, "pitch": 77, "duration": 24, "velocity": 64}, {"time": 672, "pitch": 77, "duration": 48, "velocity": 64}, {"time": 720, "pitch": 72, "duration": 24, "velocity": 64}, {"time": 744, "pitch": 75, "duration": 48, "velocity": 64}, {"time": 792, "pitch": 75, "duration": 24, "velocity": 64}, {"time": 816, "pitch": 75, "duration": 48, "velocity": 64}, {"time": 864, "pitch": 70, "duration": 24, "velocity": 64}, {"time": 888, "pitch": 74, "duration": 48, "velocity": 64}, {"time": 936, "pitch": 74, "duration": 24, "velocity": 64}, {"time": 960, "pitch": 74, "duration": 24, "velocity": 64}, {"time": 984, "pitch": 72, "duration": 12, "velocity": 64}, {"time": 996, "pitch": 70, "duration": 12, "velocity": 64}, {"time": 1008, "pitch": 69, "duration": 12, "velocity": 64}, {"time": 1020, "pitch": 70, "duration": 12, "velocity": 64}, {"time": 1032, "pitch": 72, "duration": 24, "velocity": 64}, {"time": 1056, "pitch": 70, "duration": 24, "velocity": 64}, {"time": 1080, "pitch": 69, "duration": 12, "velocity": 64}, {"time": 1092, "pitch": 67, "duration": 12, "velocity": 64}, {"time": 1104, "pitch": 66, "duration": 24, "velocity": 64}, {"time": 1128, "pitch": 62, "duration": 24, "velocity": 64}, {"time": 1152, "pitch": 74, "duration": 24, "velocity": 64}, {"time": 1176, "pitch": 81, "duration": 48, "velocity": 64}, {"time": 1224, "pitch": 81, "duration": 24, "velocity": 64}, {"time": 1248, "pitch": 81, "duration": 24, "velocity": 64}, {"time": 1272, "pitch": 74, "duration": 24, "velocity": 64}, {"time": 1296, "pitch": 82, "duration": 24, "velocity": 64}, {"time": 1320, "pitch": 81, "duration": 24, "velocity": 64}, {"time": 1344, "pitch": 79, "duration": 24, "velocity": 64}, {"time": 1368, "pitch": 78, "duration": 24, "velocity": 64}, {"time": 1392, "pitch": 79, "duration": 48, "velocity": 64}, {"time": 1440, "pitch": 74, "duration": 12, "velocity": 64}, {"time": 1452, "pitch": 75, "duration": 12, "velocity": 64}, {"time": 1464, "pitch": 77, "duration": 24, "velocity": 64}, {"time": 1488, "pitch": 70, "duration": 12, "velocity": 64}, {"time": 1500, "pitch": 72, "duration": 12, "velocity": 64}, {"time": 1512, "pitch": 74, "duration": 24, "velocity": 64}, {"time": 1536, "pitch": 69, "duration": 12, "velocity": 64}, {"time": 1548, "pitch": 70, "duration": 12, "velocity": 64}, {"time": 1560, "pitch": 72, "duration": 24, "velocity": 64}, {"time": 1584, "pitch": 70, "duration": 24, "velocity": 64}, {"time": 1608, "pitch": 67, "duration": 24, "velocity": 64}, {"time": 1632, "pitch": 67, "duration": 24, "velocity": 64}, {"time": 1656, "pitch": 66, "duration": 24, "velocity": 64}, {"time": 1680, "pitch": 67, "duration": 48, "velocity": 64}], "chords": [{"time": 0, "pitches": [55, 58, 62], "duration": 0, "velocity": 64}, {"time": 48, "pitches": [50, 54, 57, 60], "duration": 0, "velocity": 64}, {"time": 96, "pitches": [55, 58, 62], "duration": 0, "velocity": 64}, {"time": 144, "pitches": [48, 51, 55], "duration": 0, "velocity": 64}, {"time": 192, "pitches": [50, 54, 57, 60], "duration": 0, "velocity": 64}, {"time": 240, "pitches": [55, 58, 62], "duration": 0, "velocity": 64}, {"time": 288, "pitches": [55, 58, 62], "duration": 0, "velocity": 64}, {"time": 336, "pitches": [41, 45, 48, 51], "duration": 0, "velocity": 64}, {"time": 384, "pitches": [46, 50, 53], "duration": 0, "velocity": 64}, {"time": 432, "pitches": [51, 55, 58], "duration": 0, "velocity": 64}, {"time": 480, "pitches": [41, 45, 48, 51], "duration": 0, "velocity": 64}, {"time": 528, "pitches": [46, 50, 53], "duration": 0, "velocity": 64}, {"time": 576, "pitches": [46, 50, 53], "duration": 0, "velocity": 64}, {"time": 720, "pitches": [53, 57, 60], "duration": 0, "velocity": 64}, {"time": 864, "pitches": [55, 58, 62], "duration": 0, "velocity": 64}, {"time": 1008, "pitches": [48, 51, 55], "duration": 0, "velocity": 64}, {"time": 1056, "pitches": [45, 49, 52, 55], "duration": 0, "velocity": 64}, {"time": 1104, "pitches": [50, 54, 57, 60], "duration": 0, "velocity": 64}, {"time": 1152, "pitches": [50, 54, 57, 60], "duration": 0, "velocity": 64}, {"time": 1296, "pitches": [55, 58, 62], "duration": 0, "velocity": 64}, {"time": 1344, "pitches": [50, 54, 57, 60], "duration": 0, "velocity": 64}, {"time": 1392, "pitches": [55, 58, 62], "duration": 0, "velocity": 64}, {"time": 1440, "pitches": [46, 50, 53], "duration": 0, "velocity": 64}, {"time": 1536, "pitches": [53, 57, 60], "duration": 0, "velocity": 64}, {"time": 1584, "pitches": [48, 51, 55], "duration": 0, "velocity": 64}, {"time": 1632, "pitches": [50, 54, 57, 60], "duration": 0, "velocity": 64}, {"time": 1680, "pitches": [55, 58, 62], "duration": 0, "velocity": 64}]}]}