{"metadata": {"title": "flapjack"}, "tracks": [{"notes": [{"pitch": 72, "duration": 24}, {"pitch": 69, "duration": 12}, {"pitch": 74, "duration": 12}, {"pitch": 72, "duration": 12}, {"pitch": 69, "duration": 12}, {"pitch": 74, "duration": 12}, {"pitch": 72, "duration": 12}, {"pitch": 69, "duration": 36}, {"pitch": 72, "duration": 12}, {"pitch": 77, "duration": 12}, {"pitch": 72, "duration": 12}, {"pitch": 81, "duration": 12}, {"pitch": 72, "duration": 12}, {"pitch": 77, "duration": 12}, {"pitch": 69, "duration": 12}, {"pitch": 69, "duration": 12}, {"pitch": 74, "duration": 12}, {"pitch": 72, "duration": 12}, {"pitch": 69, "duration": 12}, {"pitch": 74, "duration": 12}, {"pitch": 72, "duration": 12}, {"pitch": 69, "duration": 36}, {"pitch": 72, "duration": 12}, {"pitch": 77, "duration": 12}, {"pitch": 72, "duration": 12}, {"pitch": 81, "duration": 12}, {"pitch": 72, "duration": 12}, {"pitch": 77, "duration": 12}, {"pitch": 69, "duration": 12}, {"pitch": 69, "duration": 12}, {"pitch": 74, "duration": 12}, {"pitch": 72, "duration": 12}, {"pitch": 69, "duration": 12}, {"pitch": 74, "duration": 12}, {"pitch": 72, "duration": 12}, {"pitch": 69, "duration": 24}, {"pitch": 71, "duration": 12}, {"pitch": 72, "duration": 12}, {"pitch": 76, "duration": 12}, {"pitch": 72, "duration": 12}, {"pitch": 79, "duration": 12}, {"pitch": 72, "duration": 12}, {"pitch": 82, "duration": 12}, {"pitch": 71, "duration": 12}, {"pitch": 71, "duration": 12}, {"pitch": 72, "duration": 12}, {"pitch": 76, "duration": 12}, {"pitch": 72, "duration": 12}, {"pitch": 79, "duration": 12}, {"pitch": 72, "duration": 12}, {"pitch": 82, "duration": 12}, {"pitch": 71, "duration": 12}], "voicings": [{"pitches": [93], "duration": 24, "time": 0}, {"pitches": [91], "duration": 24, "time": 24}, {"pitches": [-1], "duration": 12, "time": 48}, {"pitches": [89], "duration": 12, "time": 60}, {"pitches": [-1], "duration": 12, "time": 72}, {"pitches": [88], "duration": 12, "time": 84}, {"pitches": [-1], "duration": 12, "time": 96}, {"pitches": [86], "duration": 12, "time": 108}, {"pitches": [-1], "duration": 12, "time": 120}, {"pitches": [91], "duration": 60, "time": 132}, {"pitches": [], "duration": 24, "time": 192}, {"pitches": [84], "duration": 24, "time": 216}, {"pitches": [-1], "duration": 12, "time": 240}, {"pitches": [84], "duration": 12, "time": 252}, {"pitches": [-1], "duration": 12, "time": 264}, {"pitches": [91], "duration": 12, "time": 276}, {"pitches": [-1], "duration": 12, "time": 288}, {"pitches": [], "duration": 12, "time": 300}, {"pitches": [-1], "duration": 12, "time": 312}, {"pitches": [89], "duration": 60, "time": 324}, {"pitches": [-1], "duration": 24, "time": 384}, {"pitches": [91], "duration": 24, "time": 408}, {"pitches": [-1], "duration": 12, "time": 432}, {"pitches": [89], "duration": 12, "time": 444}, {"pitches": [-1], "duration": 12, "time": 456}, {"pitches": [88], "duration": 12, "time": 468}, {"pitches": [-1], "duration": 12, "time": 480}, {"pitches": [86], "duration": 12, "time": 492}, {"pitches": [-1], "duration": 12, "time": 504}, {"pitches": [91], "duration": 60, "time": 516}, {"pitches": [-1], "duration": 24, "time": 576}, {"pitches": [84], "duration": 24, "time": 600}, {"pitches": [-1], "duration": 12, "time": 624}, {"pitches": [84], "duration": 12, "time": 636}, {"pitches": [-1], "duration": 12, "time": 648}, {"pitches": [86], "duration": 12, "time": 660}, {"pitches": [-1], "duration": 12, "time": 672}, {"pitches": [88], "duration": 12, "time": 684}, {"pitches": [-1], "duration": 12, "time": 696}, {"pitches": [89], "duration": 60, "time": 708}, {"pitches": [93], "duration": 24, "time": 768}, {"pitches": [89], "duration": 24, "time": 792}, {"pitches": [-1], "duration": 12, "time": 816}, {"pitches": [89], "duration": 12, "time": 828}, {"pitches": [-1], "duration": 12, "time": 840}, {"pitches": [89], "duration": 12, "time": 852}, {"pitches": [-1], "duration": 12, "time": 864}, {"pitches": [89], "duration": 12, "time": 876}, {"pitches": [-1], "duration": 12, "time": 888}, {"pitches": [57, 60, 64, 67], "duration": 60, "time": 900}, {"pitches": [57, 60, 64, 67], "duration": 24, "time": 960}, {"pitches": [57, 60, 64, 67], "duration": 24, "time": 984}, {"pitches": [-1], "duration": 12, "time": 1008}, {"pitches": [57, 60, 64, 67], "duration": 12, "time": 1020}, {"pitches": [-1], "duration": 12, "time": 1032}, {"pitches": [57, 60, 64, 67], "duration": 12, "time": 1044}, {"pitches": [-1], "duration": 12, "time": 1056}, {"pitches": [52, 55, 57, 60], "duration": 36, "time": 1068}, {"pitches": [52, 55, 57, 60], "duration": 24, "time": 1104}, {"pitches": [52, 55, 57, 60], "duration": 24, "time": 1128}, {"pitches": [52, 55, 57, 60], "duration": 36, "time": 1152}, {"pitches": [52, 55, 57, 60], "duration": 12, "time": 1188}, {"pitches": [-1], "duration": 36, "time": 1200}, {"pitches": [52, 55, 57, 60], "duration": 12, "time": 1236}, {"pitches": [52, 55, 57, 60], "duration": 12, "time": 1236}, {"pitches": [-1], "duration": 12, "time": 1248}, {"pitches": [52, 55, 57, 60], "duration": 36, "time": 1260}, {"pitches": [52, 55, 57, 60], "duration": 24, "time": 1296}, {"pitches": [52, 55, 57, 60], "duration": 24, "time": 1320}, {"pitches": [-1], "duration": 24, "time": 1344}, {"pitches": [52, 59, 62], "duration": 24, "time": 1368}, {"pitches": [-1], "duration": 12, "time": 1392}, {"pitches": [52, 59, 62], "duration": 12, "time": 1404}, {"pitches": [-1], "duration": 12, "time": 1416}, {"pitches": [52, 59, 62], "duration": 12, "time": 1428}, {"pitches": [-1], "duration": 12, "time": 1440}, {"pitches": [52, 59, 62], "duration": 12, "time": 1452}, {"pitches": [-1], "duration": 12, "time": 1464}, {"pitches": [52, 55, 62], "duration": 60, "time": 1476}, {"pitches": [89], "duration": 96, "time": 1536}], "basses": [{"pitch": 46, "duration": 36}, {"pitch": 46, "duration": 12}, {"pitch": 46, "duration": 36}, {"pitch": 46, "duration": 12}, {"pitch": 45, "duration": 36}, {"pitch": 45, "duration": 12}, {"pitch": 45, "duration": 36}, {"pitch": 45, "duration": 12}, {"pitch": 46, "duration": 36}, {"pitch": 46, "duration": 12}, {"pitch": 46, "duration": 36}, {"pitch": 46, "duration": 12}, {"pitch": 45, "duration": 36}, {"pitch": 45, "duration": 12}, {"pitch": 45, "duration": 36}, {"pitch": 45, "duration": 12}, {"pitch": 46, "duration": 36}, {"pitch": 46, "duration": 12}, {"pitch": 46, "duration": 36}, {"pitch": 46, "duration": 12}, {"pitch": 45, "duration": 36}, {"pitch": 45, "duration": 12}, {"pitch": 45, "duration": 36}, {"pitch": 45, "duration": 12}, {"pitch": 46, "duration": 36}, {"pitch": 46, "duration": 12}, {"pitch": 46, "duration": 36}, {"pitch": 46, "duration": 12}, {"pitch": 45, "duration": 36}, {"pitch": 45, "duration": 12}, {"pitch": 45, "duration": 36}, {"pitch": 45, "duration": 12}, {"pitch": 45, "duration": 36}, {"pitch": 45, "duration": 12}, {"pitch": 45, "duration": 36}, {"pitch": 45, "duration": 12}, {"pitch": 41, "duration": 36}, {"pitch": 41, "duration": 12}, {"pitch": 41, "duration": 36}, {"pitch": 41, "duration": 12}, {"pitch": 41, "duration": 36}, {"pitch": 41, "duration": 12}, {"pitch": 41, "duration": 36}, {"pitch": 41, "duration": 12}, {"pitch": 41, "duration": 36}, {"pitch": 41, "duration": 12}, {"pitch": 41, "duration": 36}, {"pitch": 41, "duration": 12}, {"pitch": 41, "duration": 36}, {"pitch": 41, "duration": 12}, {"pitch": 41, "duration": 36}, {"pitch": 41, "duration": 12}, {"pitch": 41, "duration": 36}, {"pitch": 41, "duration": 12}, {"pitch": 41, "duration": 36}, {"pitch": 41, "duration": 12}, {"pitch": 48, "duration": 36}, {"pitch": 48, "duration": 12}, {"pitch": 48, "duration": 36}, {"pitch": 48, "duration": 12}, {"pitch": 48, "duration": 36}, {"pitch": 48, "duration": 12}, {"pitch": 48, "duration": 36}, {"pitch": 48, "duration": 12}, {"pitch": 48, "duration": 36}, {"pitch": 48, "duration": 12}, {"pitch": 45, "duration": 36}, {"pitch": 45, "duration": 12}, {"pitch": 45, "duration": 36}, {"pitch": 45, "duration": 12}]}], "time_signatures": [{"numerator": 4, "denominator": 4, "time": 0}], "chord_symbols": [[72, "sixth-interval", null], [48, "major", null], [70, "sixth-interval", null], [70, "fifth-interval", null], [70, "tritone-interval", null], [70, "major-third-interval", null], [53, "major", null], [69, "minor-third-interval", null], [69, "minor-third-interval", null], [69, "minor-seventh-interval", null], [69, "minor-third-interval", null], [48, "major", null], [70, "major-second-interval", null], [70, "major-second-interval", null], [70, "sixth-interval", null], [70, "major-second-interval", null], [53, "major", null], [69, "minor-third-interval", null], [69, "minor-third-interval", null], [69, "augmented-fifth-interval", null], [72, "sixth-interval", null], [48, "major", null], [70, "sixth-interval", null], [70, "fifth-interval", null], [70, "tritone-interval", null], [70, "major-third-interval", null], [53, "major", null], [69, "minor-third-interval", null], [69, "minor-third-interval", null], [69, "minor-seventh-interval", null], [69, "minor-third-interval", null], [48, "major", null], [70, "major-second-interval", null], [70, "major-second-interval", null], [70, "major-third-interval", null], [70, "tritone-interval", null], [53, "major", null], [69, "augmented-fifth-interval", null], [69, "augmented-fifth-interval", null], [72, "sixth-interval", null], [53, "major", null], [69, "augmented-fifth-interval", null], [69, "augmented-fifth-interval", null], [53, "major", null], [53, "major", null], [53, "major", null], [48, "major", null], [48, "major", null], [48, "major", null], [72, "sixth-interval", null], [70, "sixth-interval", null], [53, "major", null], [69, "augmented-fifth-interval", null]], "tempos": [{"qpm": 120, "time": 0}], "beats": [{"time": 0, "is_downbeat": true}, {"time": 24, "is_downbeat": true}, {"time": 48, "is_downbeat": false}, {"time": 72, "is_downbeat": false}, {"time": 96, "is_downbeat": false}, {"time": 120, "is_downbeat": true}, {"time": 144, "is_downbeat": false}, {"time": 168, "is_downbeat": false}, {"time": 192, "is_downbeat": false}, {"time": 216, "is_downbeat": true}, {"time": 240, "is_downbeat": false}, {"time": 264, "is_downbeat": false}, {"time": 288, "is_downbeat": false}, {"time": 312, "is_downbeat": true}, {"time": 336, "is_downbeat": false}, {"time": 360, "is_downbeat": false}, {"time": 384, "is_downbeat": false}, {"time": 408, "is_downbeat": true}, {"time": 432, "is_downbeat": false}, {"time": 456, "is_downbeat": false}, {"time": 480, "is_downbeat": false}, {"time": 504, "is_downbeat": true}, {"time": 528, "is_downbeat": false}, {"time": 552, "is_downbeat": false}, {"time": 576, "is_downbeat": false}, {"time": 600, "is_downbeat": true}, {"time": 624, "is_downbeat": false}, {"time": 648, "is_downbeat": false}, {"time": 672, "is_downbeat": false}, {"time": 696, "is_downbeat": true}, {"time": 720, "is_downbeat": false}, {"time": 744, "is_downbeat": false}, {"time": 768, "is_downbeat": false}, {"time": 792, "is_downbeat": true}, {"time": 816, "is_downbeat": false}, {"time": 840, "is_downbeat": false}, {"time": 864, "is_downbeat": false}, {"time": 888, "is_downbeat": true}, {"time": 912, "is_downbeat": false}, {"time": 936, "is_downbeat": false}, {"time": 960, "is_downbeat": false}, {"time": 984, "is_downbeat": true}, {"time": 1008, "is_downbeat": false}, {"time": 1032, "is_downbeat": false}, {"time": 1056, "is_downbeat": false}, {"time": 1080, "is_downbeat": true}, {"time": 1104, "is_downbeat": false}, {"time": 1128, "is_downbeat": false}, {"time": 1152, "is_downbeat": false}, {"time": 1176, "is_downbeat": true}, {"time": 1200, "is_downbeat": false}, {"time": 1224, "is_downbeat": false}, {"time": 1248, "is_downbeat": false}, {"time": 1272, "is_downbeat": true}, {"time": 1296, "is_downbeat": false}, {"time": 1320, "is_downbeat": false}, {"time": 1344, "is_downbeat": false}, {"time": 1368, "is_downbeat": true}, {"time": 1392, "is_downbeat": false}, {"time": 1416, "is_downbeat": false}, {"time": 1440, "is_downbeat": false}, {"time": 1464, "is_downbeat": true}, {"time": 1488, "is_downbeat": false}, {"time": 1512, "is_downbeat": false}, {"time": 1536, "is_downbeat": false}, {"time": 1560, "is_downbeat": true}, {"time": 1584, "is_downbeat": false}, {"time": 1608, "is_downbeat": false}, {"time": 1632, "is_downbeat": false}]}