{"metadata": {"title": "fradley-reel"}, "tracks": [{"notes": [{"pitch": 67, "duration": 12}, {"pitch": 72, "duration": 12}, {"pitch": 74, "duration": 12}, {"pitch": 76, "duration": 12}, {"pitch": 72, "duration": 12}, {"pitch": 69, "duration": 12}, {"pitch": 72, "duration": 12}, {"pitch": 65, "duration": 24}, {"pitch": 72, "duration": 12}, {"pitch": 74, "duration": 12}, {"pitch": 76, "duration": 12}, {"pitch": 72, "duration": 12}, {"pitch": 71, "duration": 12}, {"pitch": 74, "duration": 12}, {"pitch": 74, "duration": 24}, {"pitch": 76, "duration": 12}, {"pitch": 74, "duration": 12}, {"pitch": 72, "duration": 12}, {"pitch": 76, "duration": 12}, {"pitch": 74, "duration": 12}, {"pitch": 72, "duration": 12}, {"pitch": 74, "duration": 12}, {"pitch": 72, "duration": 12}, {"pitch": 71, "duration": 12}, {"pitch": 72, "duration": 12}, {"pitch": 74, "duration": 12}, {"pitch": 79, "duration": 12}, {"pitch": 76, "duration": 12}, {"pitch": 72, "duration": 12}, {"pitch": 72, "duration": 12}, {"pitch": 71, "duration": 12}, {"pitch": 72, "duration": 24}, {"pitch": 69, "duration": 12}, {"pitch": 72, "duration": 12}, {"pitch": 74, "duration": 12}, {"pitch": 71, "duration": 12}, {"pitch": 67, "duration": 12}, {"pitch": 71, "duration": 12}, {"pitch": 72, "duration": 24}, {"pitch": 69, "duration": 12}, {"pitch": 72, "duration": 12}, {"pitch": 71, "duration": 12}, {"pitch": 74, "duration": 12}, {"pitch": 79, "duration": 12}, {"pitch": 74, "duration": 12}, {"pitch": 72, "duration": 24}, {"pitch": 69, "duration": 12}, {"pitch": 72, "duration": 12}, {"pitch": 71, "duration": 12}, {"pitch": 74, "duration": 12}, {"pitch": 79, "duration": 12}, {"pitch": 74, "duration": 12}, {"pitch": 76, "duration": 12}, {"pitch": 72, "duration": 12}, {"pitch": 69, "duration": 12}, {"pitch": 78, "duration": 12}, {"pitch": 79, "duration": 12}, {"pitch": 74, "duration": 12}, {"pitch": 71, "duration": 12}, {"pitch": 67, "duration": 12}, {"pitch": 72, "duration": 12}, {"pitch": 69, "duration": 12}, {"pitch": 69, "duration": 8}, {"pitch": 69, "duration": 8}, {"pitch": 69, "duration": 8}, {"pitch": 69, "duration": 12}, {"pitch": 71, "duration": 12}, {"pitch": 72, "duration": 12}, {"pitch": 74, "duration": 12}, {"pitch": 76, "duration": 12}, {"pitch": 74, "duration": 12}, {"pitch": 76, "duration": 12}, {"pitch": 78, "duration": 12}, {"pitch": 79, "duration": 12}, {"pitch": 74, "duration": 12}, {"pitch": 71, "duration": 12}, {"pitch": 67, "duration": 12}, {"pitch": 72, "duration": 12}, {"pitch": 69, "duration": 12}, {"pitch": 69, "duration": 8}, {"pitch": 69, "duration": 8}, {"pitch": 69, "duration": 8}, {"pitch": 69, "duration": 12}, {"pitch": 71, "duration": 12}, {"pitch": 72, "duration": 12}, {"pitch": 74, "duration": 12}, {"pitch": 76, "duration": 12}, {"pitch": 71, "duration": 12}, {"pitch": 68, "duration": 12}, {"pitch": 71, "duration": 12}, {"pitch": 64, "duration": 12}, {"pitch": 71, "duration": 12}, {"pitch": 67, "duration": 12}, {"pitch": 76, "duration": 12}, {"pitch": 72, "duration": 12}, {"pitch": 69, "duration": 12}, {"pitch": 69, "duration": 8}, {"pitch": 69, "duration": 8}, {"pitch": 69, "duration": 8}, {"pitch": 69, "duration": 12}, {"pitch": 71, "duration": 12}, {"pitch": 72, "duration": 12}, {"pitch": 74, "duration": 12}, {"pitch": 76, "duration": 12}, {"pitch": 74, "duration": 12}, {"pitch": 76, "duration": 12}, {"pitch": 78, "duration": 12}, {"pitch": 79, "duration": 12}, {"pitch": 81, "duration": 12}, {"pitch": 83, "duration": 12}, {"pitch": 79, "duration": 12}, {"pitch": 78, "duration": 12}, {"pitch": 76, "duration": 12}, {"pitch": 74, "duration": 12}, {"pitch": 76, "duration": 12}, {"pitch": 78, "duration": 12}, {"pitch": 79, "duration": 12}, {"pitch": 81, "duration": 12}, {"pitch": 83, "duration": 12}, {"pitch": 84, "duration": 12}, {"pitch": 81, "duration": 12}, {"pitch": 78, "duration": 12}, {"pitch": 74, "duration": 12}, {"pitch": 79, "duration": 48}], "voicings": [{"pitches": [52, 55, 57, 62], "duration": 24, "time": 12}, {"pitches": [52, 55, 57, 62], "duration": 24, "time": 36}, {"pitches": [-1], "duration": 12, "time": 60}, {"pitches": [55, 57, 62, 63], "duration": 12, "time": 72}, {"pitches": [-1], "duration": 12, "time": 84}, {"pitches": [55, 57, 62, 63], "duration": 12, "time": 96}, {"pitches": [-1], "duration": 12, "time": 108}, {"pitches": [52, 55, 59, 62], "duration": 12, "time": 120}, {"pitches": [-1], "duration": 12, "time": 132}, {"pitches": [52, 57, 59, 62], "duration": 60, "time": 144}, {"pitches": [52, 55, 62], "duration": 24, "time": 204}, {"pitches": [52, 55, 62], "duration": 24, "time": 228}, {"pitches": [-1], "duration": 12, "time": 252}, {"pitches": [52, 54, 59], "duration": 12, "time": 264}, {"pitches": [-1], "duration": 12, "time": 276}, {"pitches": [52, 54, 59], "duration": 12, "time": 288}, {"pitches": [-1], "duration": 12, "time": 300}, {"pitches": [52, 59, 62], "duration": 12, "time": 312}, {"pitches": [-1], "duration": 12, "time": 324}, {"pitches": [52, 55, 59, 62], "duration": 60, "time": 336}, {"pitches": [52, 54, 59], "duration": 24, "time": 396}, {"pitches": [52, 54, 59], "duration": 24, "time": 420}, {"pitches": [-1], "duration": 12, "time": 444}, {"pitches": [57, 62], "duration": 12, "time": 456}, {"pitches": [-1], "duration": 12, "time": 468}, {"pitches": [57, 62], "duration": 12, "time": 480}, {"pitches": [-1], "duration": 12, "time": 492}, {"pitches": [54, 59, 60], "duration": 12, "time": 504}, {"pitches": [-1], "duration": 12, "time": 516}, {"pitches": [52, 57, 59, 62], "duration": 60, "time": 528}, {"pitches": [54, 59, 60], "duration": 36, "time": 588}, {"pitches": [54, 59, 60], "duration": 12, "time": 624}, {"pitches": [-1], "duration": 36, "time": 636}, {"pitches": [52, 57, 59, 62], "duration": 12, "time": 672}, {"pitches": [52, 57, 59, 62], "duration": 12, "time": 672}, {"pitches": [-1], "duration": 12, "time": 684}, {"pitches": [52, 54, 59, 60], "duration": 12, "time": 696}, {"pitches": [-1], "duration": 12, "time": 708}, {"pitches": [52, 57, 59, 62], "duration": 60, "time": 720}, {"pitches": [48, 59], "duration": 36, "time": 780}, {"pitches": [48, 59], "duration": 12, "time": 816}, {"pitches": [-1], "duration": 36, "time": 828}, {"pitches": [48, 59], "duration": 12, "time": 864}, {"pitches": [48, 59], "duration": 12, "time": 864}, {"pitches": [-1], "duration": 12, "time": 876}, {"pitches": [52, 54, 60], "duration": 12, "time": 888}, {"pitches": [-1], "duration": 12, "time": 900}, {"pitches": [52, 57, 59, 62], "duration": 60, "time": 912}, {"pitches": [48, 52, 55, 59], "duration": 24, "time": 972}, {"pitches": [48, 52, 55, 59], "duration": 24, "time": 996}, {"pitches": [-1], "duration": 12, "time": 1020}, {"pitches": [48, 52, 55, 59], "duration": 12, "time": 1032}, {"pitches": [-1], "duration": 12, "time": 1044}, {"pitches": [48, 52, 55, 59], "duration": 12, "time": 1056}, {"pitches": [-1], "duration": 12, "time": 1068}, {"pitches": [55, 56, 60, 62], "duration": 12, "time": 1080}, {"pitches": [-1], "duration": 12, "time": 1092}, {"pitches": [55, 56, 60, 62], "duration": 60, "time": 1104}, {"pitches": [52, 54, 59], "duration": 24, "time": 1164}, {"pitches": [52, 54, 59], "duration": 24, "time": 1188}, {"pitches": [-1], "duration": 12, "time": 1212}, {"pitches": [52, 54, 59], "duration": 12, "time": 1224}, {"pitches": [-1], "duration": 12, "time": 1236}, {"pitches": [52, 54, 59], "duration": 12, "time": 1248}, {"pitches": [-1], "duration": 12, "time": 1260}, {"pitches": [52, 54, 59, 60], "duration": 12, "time": 1272}, {"pitches": [-1], "duration": 12, "time": 1284}, {"pitches": [52, 57, 59, 62], "duration": 60, "time": 1296}, {"pitches": [52, 54, 59, 60], "duration": 24, "time": 1356}, {"pitches": [52, 54, 59, 60], "duration": 24, "time": 1380}, {"pitches": [-1], "duration": 12, "time": 1404}, {"pitches": [52, 54, 59, 60], "duration": 12, "time": 1416}, {"pitches": [-1], "duration": 12, "time": 1428}, {"pitches": [52, 54, 59, 60], "duration": 12, "time": 1440}, {"pitches": [52, 59, 62], "duration": 96, "time": 1452}], "basses": [{"pitch": 48, "duration": 36}, {"pitch": 48, "duration": 12}, {"pitch": 41, "duration": 36}, {"pitch": 36, "duration": 12}, {"pitch": 36, "duration": 36}, {"pitch": 36, "duration": 12}, {"pitch": 43, "duration": 36}, {"pitch": 43, "duration": 12}, {"pitch": 48, "duration": 36}, {"pitch": 48, "duration": 12}, {"pitch": 50, "duration": 36}, {"pitch": 50, "duration": 12}, {"pitch": 43, "duration": 36}, {"pitch": 38, "duration": 12}, {"pitch": 36, "duration": 36}, {"pitch": 36, "duration": 12}, {"pitch": 38, "duration": 36}, {"pitch": 50, "duration": 12}, {"pitch": 43, "duration": 36}, {"pitch": 38, "duration": 12}, {"pitch": 38, "duration": 36}, {"pitch": 38, "duration": 12}, {"pitch": 43, "duration": 36}, {"pitch": 50, "duration": 12}, {"pitch": 50, "duration": 36}, {"pitch": 50, "duration": 12}, {"pitch": 43, "duration": 36}, {"pitch": 38, "duration": 12}, {"pitch": 38, "duration": 36}, {"pitch": 38, "duration": 12}, {"pitch": 43, "duration": 36}, {"pitch": 50, "duration": 12}, {"pitch": 45, "duration": 36}, {"pitch": 45, "duration": 12}, {"pitch": 45, "duration": 36}, {"pitch": 51, "duration": 12}, {"pitch": 50, "duration": 36}, {"pitch": 45, "duration": 12}, {"pitch": 43, "duration": 36}, {"pitch": 38, "duration": 12}, {"pitch": 33, "duration": 36}, {"pitch": 28, "duration": 12}, {"pitch": 28, "duration": 36}, {"pitch": 28, "duration": 12}, {"pitch": 40, "duration": 36}, {"pitch": 47, "duration": 12}, {"pitch": 47, "duration": 36}, {"pitch": 47, "duration": 12}, {"pitch": 45, "duration": 36}, {"pitch": 45, "duration": 12}, {"pitch": 45, "duration": 36}, {"pitch": 49, "duration": 12}, {"pitch": 50, "duration": 36}, {"pitch": 45, "duration": 12}, {"pitch": 43, "duration": 36}, {"pitch": 38, "duration": 12}, {"pitch": 38, "duration": 36}, {"pitch": 38, "duration": 12}, {"pitch": 45, "duration": 36}, {"pitch": 51, "duration": 12}, {"pitch": 50, "duration": 36}, {"pitch": 50, "duration": 12}, {"pitch": 43, "duration": 36}, {"pitch": 43, "duration": 12}]}], "time_signatures": [{"numerator": 4, "denominator": 4, "time": 0}], "chord_symbols": [[48, "major", null], [53, "major", null], [48, "major", null], [55, "major", null], [48, "major", null], [50, "major", null], [55, "major", null], [48, "major", null], [50, "major", null], [55, "major", null], [50, "major", null], [55, "major", null], [50, "major", null], [55, "major", null], [50, "major", null], [55, "major", null], [45, "minor", null], [50, "major", null], [55, "major", null], [45, "minor", null], [52, "dominant-seventh", null], [45, "minor", null], [50, "major", null], [55, "major", null], [50, "major", null], [50, "major", null], [55, "major", null]], "tempos": [{"qpm": 120, "time": 0}], "beats": [{"time": 0, "is_downbeat": true}, {"time": 12, "is_downbeat": true}, {"time": 36, "is_downbeat": false}, {"time": 60, "is_downbeat": false}, {"time": 84, "is_downbeat": false}, {"time": 108, "is_downbeat": true}, {"time": 132, "is_downbeat": false}, {"time": 156, "is_downbeat": false}, {"time": 180, "is_downbeat": false}, {"time": 204, "is_downbeat": true}, {"time": 228, "is_downbeat": false}, {"time": 252, "is_downbeat": false}, {"time": 276, "is_downbeat": false}, {"time": 300, "is_downbeat": true}, {"time": 324, "is_downbeat": false}, {"time": 348, "is_downbeat": false}, {"time": 372, "is_downbeat": false}, {"time": 396, "is_downbeat": true}, {"time": 420, "is_downbeat": false}, {"time": 444, "is_downbeat": false}, {"time": 468, "is_downbeat": false}, {"time": 492, "is_downbeat": true}, {"time": 516, "is_downbeat": false}, {"time": 540, "is_downbeat": false}, {"time": 564, "is_downbeat": false}, {"time": 588, "is_downbeat": true}, {"time": 612, "is_downbeat": false}, {"time": 636, "is_downbeat": false}, {"time": 660, "is_downbeat": false}, {"time": 684, "is_downbeat": true}, {"time": 708, "is_downbeat": false}, {"time": 732, "is_downbeat": false}, {"time": 756, "is_downbeat": false}, {"time": 780, "is_downbeat": true}, {"time": 804, "is_downbeat": false}, {"time": 828, "is_downbeat": false}, {"time": 852, "is_downbeat": false}, {"time": 876, "is_downbeat": true}, {"time": 900, "is_downbeat": false}, {"time": 924, "is_downbeat": false}, {"time": 948, "is_downbeat": false}, {"time": 972, "is_downbeat": true}, {"time": 996, "is_downbeat": false}, {"time": 1020, "is_downbeat": false}, {"time": 1044, "is_downbeat": false}, {"time": 1068, "is_downbeat": true}, {"time": 1092, "is_downbeat": false}, {"time": 1116, "is_downbeat": false}, {"time": 1140, "is_downbeat": false}, {"time": 1164, "is_downbeat": true}, {"time": 1188, "is_downbeat": false}, {"time": 1212, "is_downbeat": false}, {"time": 1236, "is_downbeat": false}, {"time": 1260, "is_downbeat": true}, {"time": 1284, "is_downbeat": false}, {"time": 1308, "is_downbeat": false}, {"time": 1332, "is_downbeat": false}, {"time": 1356, "is_downbeat": true}, {"time": 1380, "is_downbeat": false}, {"time": 1404, "is_downbeat": false}, {"time": 1428, "is_downbeat": false}, {"time": 1452, "is_downbeat": true}, {"time": 1476, "is_downbeat": false}, {"time": 1500, "is_downbeat": false}, {"time": 1524, "is_downbeat": false}]}