{"metadata": {"title": "down-the-glen"}, "tracks": [{"notes": [{"pitch": 69, "duration": 24}, {"pitch": 62, "duration": 12}, {"pitch": 62, "duration": 12}, {"pitch": 66, "duration": 12}, {"pitch": 69, "duration": 12}, {"pitch": 71, "duration": 12}, {"pitch": 69, "duration": 12}, {"pitch": 71, "duration": 8}, {"pitch": 73, "duration": 8}, {"pitch": 74, "duration": 8}, {"pitch": 62, "duration": 12}, {"pitch": 62, "duration": 12}, {"pitch": 66, "duration": 12}, {"pitch": 69, "duration": 12}, {"pitch": 74, "duration": 24}, {"pitch": 73, "duration": 8}, {"pitch": 74, "duration": 8}, {"pitch": 75, "duration": 8}, {"pitch": 76, "duration": 12}, {"pitch": 69, "duration": 12}, {"pitch": 73, "duration": 12}, {"pitch": 76, "duration": 12}, {"pitch": 78, "duration": 12}, {"pitch": 76, "duration": 12}, {"pitch": 78, "duration": 8}, {"pitch": 80, "duration": 8}, {"pitch": 81, "duration": 8}, {"pitch": 76, "duration": 8}, {"pitch": 78, "duration": 8}, {"pitch": 76, "duration": 8}, {"pitch": 74, "duration": 8}, {"pitch": 73, "duration": 8}, {"pitch": 71, "duration": 8}, {"pitch": 69, "duration": 8}, {"pitch": 71, "duration": 8}, {"pitch": 69, "duration": 8}, {"pitch": 67, "duration": 8}, {"pitch": 66, "duration": 8}, {"pitch": 67, "duration": 8}, {"pitch": 69, "duration": 12}, {"pitch": 62, "duration": 12}, {"pitch": 66, "duration": 12}, {"pitch": 69, "duration": 12}, {"pitch": 71, "duration": 12}, {"pitch": 69, "duration": 12}, {"pitch": 71, "duration": 8}, {"pitch": 73, "duration": 8}, {"pitch": 74, "duration": 8}, {"pitch": 62, "duration": 12}, {"pitch": 62, "duration": 12}, {"pitch": 66, "duration": 12}, {"pitch": 69, "duration": 12}, {"pitch": 74, "duration": 24}, {"pitch": 73, "duration": 8}, {"pitch": 74, "duration": 8}, {"pitch": 75, "duration": 8}, {"pitch": 76, "duration": 12}, {"pitch": 69, "duration": 12}, {"pitch": 73, "duration": 12}, {"pitch": 76, "duration": 12}, {"pitch": 78, "duration": 12}, {"pitch": 81, "duration": 12}, {"pitch": 76, "duration": 12}, {"pitch": 73, "duration": 12}, {"pitch": 74, "duration": 12}, {"pitch": 76, "duration": 12}, {"pitch": 74, "duration": 12}, {"pitch": 73, "duration": 12}, {"pitch": 74, "duration": 24}, {"pitch": 73, "duration": 8}, {"pitch": 74, "duration": 8}, {"pitch": 75, "duration": 8}, {"pitch": 76, "duration": 12}, {"pitch": 69, "duration": 12}, {"pitch": 73, "duration": 12}, {"pitch": 76, "duration": 12}, {"pitch": 78, "duration": 12}, {"pitch": 76, "duration": 12}, {"pitch": 78, "duration": 8}, {"pitch": 80, "duration": 8}, {"pitch": 81, "duration": 8}, {"pitch": 76, "duration": 12}, {"pitch": 69, "duration": 12}, {"pitch": 73, "duration": 12}, {"pitch": 76, "duration": 12}, {"pitch": 78, "duration": 12}, {"pitch": 76, "duration": 12}, {"pitch": 78, "duration": 8}, {"pitch": 80, "duration": 8}, {"pitch": 81, "duration": 8}, {"pitch": 76, "duration": 12}, {"pitch": 81, "duration": 12}, {"pitch": 80, "duration": 12}, {"pitch": 78, "duration": 12}, {"pitch": 76, "duration": 12}, {"pitch": 74, "duration": 12}, {"pitch": 73, "duration": 12}, {"pitch": 71, "duration": 12}, {"pitch": 69, "duration": 8}, {"pitch": 73, "duration": 8}, {"pitch": 76, "duration": 8}, {"pitch": 81, "duration": 8}, {"pitch": 76, "duration": 8}, {"pitch": 73, "duration": 8}, {"pitch": 69, "duration": 24}, {"pitch": 67, "duration": 24}, {"pitch": 66, "duration": 8}, {"pitch": 64, "duration": 8}, {"pitch": 62, "duration": 8}, {"pitch": 66, "duration": 12}, {"pitch": 69, "duration": 12}, {"pitch": 74, "duration": 12}, {"pitch": 78, "duration": 12}, {"pitch": 81, "duration": 12}, {"pitch": 78, "duration": 12}, {"pitch": 79, "duration": 12}, {"pitch": 71, "duration": 12}, {"pitch": 74, "duration": 12}, {"pitch": 79, "duration": 12}, {"pitch": 83, "duration": 12}, {"pitch": 83, "duration": 12}, {"pitch": 81, "duration": 12}, {"pitch": 79, "duration": 12}, {"pitch": 78, "duration": 8}, {"pitch": 81, "duration": 8}, {"pitch": 78, "duration": 8}, {"pitch": 74, "duration": 12}, {"pitch": 78, "duration": 12}, {"pitch": 76, "duration": 12}, {"pitch": 74, "duration": 12}, {"pitch": 73, "duration": 12}, {"pitch": 76, "duration": 12}, {"pitch": 74, "duration": 12}, {"pitch": 78, "duration": 12}, {"pitch": 76, "duration": 8}, {"pitch": 74, "duration": 8}, {"pitch": 73, "duration": 8}, {"pitch": 74, "duration": 24}], "voicings": [{"pitches": [52, 57, 59], "duration": 24, "time": 24}, {"pitches": [52, 57, 59], "duration": 24, "time": 48}, {"pitches": [-1], "duration": 12, "time": 72}, {"pitches": [54, 57, 62], "duration": 12, "time": 84}, {"pitches": [-1], "duration": 12, "time": 96}, {"pitches": [54, 57, 62], "duration": 12, "time": 108}, {"pitches": [-1], "duration": 12, "time": 120}, {"pitches": [52, 54, 57, 59], "duration": 12, "time": 132}, {"pitches": [-1], "duration": 12, "time": 144}, {"pitches": [52, 54, 57, 59], "duration": 60, "time": 156}, {"pitches": [-1], "duration": 24, "time": 216}, {"pitches": [49, 55, 59], "duration": 24, "time": 240}, {"pitches": [-1], "duration": 12, "time": 264}, {"pitches": [52, 54, 59], "duration": 12, "time": 276}, {"pitches": [-1], "duration": 12, "time": 288}, {"pitches": [52, 54, 59], "duration": 12, "time": 300}, {"pitches": [-1], "duration": 12, "time": 312}, {"pitches": [54, 55, 59, 62], "duration": 12, "time": 324}, {"pitches": [-1], "duration": 12, "time": 336}, {"pitches": [55, 59, 61], "duration": 60, "time": 348}, {"pitches": [-1], "duration": 24, "time": 408}, {"pitches": [52, 54, 57, 59], "duration": 24, "time": 432}, {"pitches": [-1], "duration": 12, "time": 456}, {"pitches": [54, 57, 62], "duration": 12, "time": 468}, {"pitches": [-1], "duration": 12, "time": 480}, {"pitches": [54, 57, 62], "duration": 12, "time": 492}, {"pitches": [-1], "duration": 12, "time": 504}, {"pitches": [52, 54, 57, 59], "duration": 36, "time": 516}, {"pitches": [52, 54, 57, 59], "duration": 24, "time": 552}, {"pitches": [52, 54, 57, 59], "duration": 24, "time": 576}, {"pitches": [-1], "duration": 24, "time": 600}, {"pitches": [54, 55, 59, 61], "duration": 24, "time": 624}, {"pitches": [-1], "duration": 12, "time": 648}, {"pitches": [52, 54, 57, 59], "duration": 12, "time": 660}, {"pitches": [-1], "duration": 12, "time": 672}, {"pitches": [52, 54, 57, 59], "duration": 12, "time": 684}, {"pitches": [-1], "duration": 12, "time": 696}, {"pitches": [54, 55, 59, 61], "duration": 12, "time": 708}, {"pitches": [-1], "duration": 12, "time": 720}, {"pitches": [52, 54, 57, 59], "duration": 60, "time": 732}, {"pitches": [55, 59, 61], "duration": 36, "time": 792}, {"pitches": [55, 59, 61], "duration": 12, "time": 828}, {"pitches": [-1], "duration": 36, "time": 840}, {"pitches": [52, 54, 57], "duration": 12, "time": 876}, {"pitches": [52, 54, 57], "duration": 12, "time": 876}, {"pitches": [-1], "duration": 12, "time": 888}, {"pitches": [54, 55, 59, 61], "duration": 12, "time": 900}, {"pitches": [-1], "duration": 12, "time": 912}, {"pitches": [52, 54, 57, 59], "duration": 60, "time": 924}, {"pitches": [54, 55, 59, 61], "duration": 36, "time": 984}, {"pitches": [54, 55, 59, 61], "duration": 12, "time": 1020}, {"pitches": [-1], "duration": 36, "time": 1032}, {"pitches": [54, 56, 62], "duration": 12, "time": 1068}, {"pitches": [54, 56, 62], "duration": 12, "time": 1068}, {"pitches": [-1], "duration": 12, "time": 1080}, {"pitches": [54, 55, 59, 61], "duration": 36, "time": 1092}, {"pitches": [49, 54, 59], "duration": 24, "time": 1128}, {"pitches": [49, 54, 59], "duration": 24, "time": 1152}, {"pitches": [52, 54, 57, 59], "duration": 36, "time": 1176}, {"pitches": [52, 54, 57, 59], "duration": 12, "time": 1212}, {"pitches": [-1], "duration": 36, "time": 1224}, {"pitches": [52, 54, 57, 59], "duration": 12, "time": 1260}, {"pitches": [52, 54, 57, 59], "duration": 12, "time": 1260}, {"pitches": [-1], "duration": 12, "time": 1272}, {"pitches": [54, 57, 59, 62], "duration": 12, "time": 1284}, {"pitches": [-1], "duration": 12, "time": 1296}, {"pitches": [54, 57, 59, 62], "duration": 60, "time": 1308}, {"pitches": [52, 54, 57, 59], "duration": 24, "time": 1368}, {"pitches": [52, 54, 57, 59], "duration": 24, "time": 1392}, {"pitches": [-1], "duration": 12, "time": 1416}, {"pitches": [49, 54, 55, 59], "duration": 12, "time": 1428}, {"pitches": [-1], "duration": 12, "time": 1440}, {"pitches": [49, 54, 55, 59], "duration": 12, "time": 1452}, {"pitches": [54, 57, 59], "duration": 96, "time": 1464}], "basses": [{"pitch": 50, "duration": 36}, {"pitch": 50, "duration": 12}, {"pitch": 43, "duration": 36}, {"pitch": 38, "duration": 12}, {"pitch": 38, "duration": 36}, {"pitch": 38, "duration": 12}, {"pitch": 45, "duration": 36}, {"pitch": 46, "duration": 12}, {"pitch": 45, "duration": 36}, {"pitch": 45, "duration": 12}, {"pitch": 50, "duration": 36}, {"pitch": 45, "duration": 12}, {"pitch": 40, "duration": 36}, {"pitch": 40, "duration": 12}, {"pitch": 45, "duration": 36}, {"pitch": 52, "duration": 12}, {"pitch": 50, "duration": 36}, {"pitch": 45, "duration": 12}, {"pitch": 43, "duration": 36}, {"pitch": 38, "duration": 12}, {"pitch": 38, "duration": 36}, {"pitch": 38, "duration": 12}, {"pitch": 45, "duration": 36}, {"pitch": 44, "duration": 12}, {"pitch": 33, "duration": 36}, {"pitch": 28, "duration": 12}, {"pitch": 26, "duration": 36}, {"pitch": 26, "duration": 12}, {"pitch": 33, "duration": 36}, {"pitch": 45, "duration": 12}, {"pitch": 50, "duration": 36}, {"pitch": 45, "duration": 12}, {"pitch": 45, "duration": 36}, {"pitch": 45, "duration": 12}, {"pitch": 50, "duration": 36}, {"pitch": 45, "duration": 12}, {"pitch": 45, "duration": 36}, {"pitch": 45, "duration": 12}, {"pitch": 50, "duration": 36}, {"pitch": 45, "duration": 12}, {"pitch": 45, "duration": 36}, {"pitch": 45, "duration": 12}, {"pitch": 52, "duration": 36}, {"pitch": 47, "duration": 12}, {"pitch": 45, "duration": 36}, {"pitch": 45, "duration": 12}, {"pitch": 45, "duration": 36}, {"pitch": 45, "duration": 12}, {"pitch": 50, "duration": 36}, {"pitch": 45, "duration": 12}, {"pitch": 45, "duration": 36}, {"pitch": 45, "duration": 12}, {"pitch": 43, "duration": 36}, {"pitch": 38, "duration": 12}, {"pitch": 38, "duration": 36}, {"pitch": 38, "duration": 12}, {"pitch": 50, "duration": 36}, {"pitch": 50, "duration": 12}, {"pitch": 45, "duration": 36}, {"pitch": 45, "duration": 12}, {"pitch": 50, "duration": 36}, {"pitch": 50, "duration": 12}, {"pitch": 50, "duration": 36}, {"pitch": 50, "duration": 12}]}], "time_signatures": [{"numerator": 4, "denominator": 4, "time": 0}], "chord_symbols": [[50, "major", null], [55, "major", null], [50, "major", null], [45, "major", null], [50, "major", null], [52, "minor", null], [45, "dominant-seventh", null], [50, "major", null], [55, "major", null], [50, "major", null], [45, "major", null], [50, "major", null], [45, "dominant-seventh", null], [50, "major", null], [45, "major", null], [50, "major", null], [45, "major", null], [50, "major", null], [45, "major", null], [52, "dominant-seventh", null], [45, "major", null], [45, "dominant-seventh", null], [50, "major", null], [55, "major", null], [50, "major", null], [45, "major", null], [50, "major", null]], "tempos": [{"qpm": 120, "time": 0}], "beats": [{"time": 0, "is_downbeat": true}, {"time": 24, "is_downbeat": true}, {"time": 48, "is_downbeat": false}, {"time": 72, "is_downbeat": false}, {"time": 96, "is_downbeat": false}, {"time": 120, "is_downbeat": true}, {"time": 144, "is_downbeat": false}, {"time": 168, "is_downbeat": false}, {"time": 192, "is_downbeat": false}, {"time": 216, "is_downbeat": true}, {"time": 240, "is_downbeat": false}, {"time": 264, "is_downbeat": false}, {"time": 288, "is_downbeat": false}, {"time": 312, "is_downbeat": true}, {"time": 336, "is_downbeat": false}, {"time": 360, "is_downbeat": false}, {"time": 384, "is_downbeat": false}, {"time": 408, "is_downbeat": true}, {"time": 432, "is_downbeat": false}, {"time": 456, "is_downbeat": false}, {"time": 480, "is_downbeat": false}, {"time": 504, "is_downbeat": true}, {"time": 528, "is_downbeat": false}, {"time": 552, "is_downbeat": false}, {"time": 576, "is_downbeat": false}, {"time": 600, "is_downbeat": true}, {"time": 624, "is_downbeat": false}, {"time": 648, "is_downbeat": false}, {"time": 672, "is_downbeat": false}, {"time": 696, "is_downbeat": true}, {"time": 720, "is_downbeat": false}, {"time": 744, "is_downbeat": false}, {"time": 768, "is_downbeat": true}, {"time": 792, "is_downbeat": true}, {"time": 816, "is_downbeat": false}, {"time": 840, "is_downbeat": false}, {"time": 864, "is_downbeat": false}, {"time": 888, "is_downbeat": true}, {"time": 912, "is_downbeat": false}, {"time": 936, "is_downbeat": false}, {"time": 960, "is_downbeat": false}, {"time": 984, "is_downbeat": true}, {"time": 1008, "is_downbeat": false}, {"time": 1032, "is_downbeat": false}, {"time": 1056, "is_downbeat": false}, {"time": 1080, "is_downbeat": true}, {"time": 1104, "is_downbeat": false}, {"time": 1128, "is_downbeat": false}, {"time": 1152, "is_downbeat": false}, {"time": 1176, "is_downbeat": true}, {"time": 1200, "is_downbeat": false}, {"time": 1224, "is_downbeat": false}, {"time": 1248, "is_downbeat": false}, {"time": 1272, "is_downbeat": true}, {"time": 1296, "is_downbeat": false}, {"time": 1320, "is_downbeat": false}, {"time": 1344, "is_downbeat": false}, {"time": 1368, "is_downbeat": true}, {"time": 1392, "is_downbeat": false}, {"time": 1416, "is_downbeat": false}, {"time": 1440, "is_downbeat": false}, {"time": 1464, "is_downbeat": true}, {"time": 1488, "is_downbeat": false}, {"time": 1512, "is_downbeat": false}, {"time": 1536, "is_downbeat": false}]}