{"metadata": {"title": "kafoozalum"}, "tracks": [{"notes": [{"pitch": 73, "duration": 12}, {"pitch": 74, "duration": 12}, {"pitch": 76, "duration": 24}, {"pitch": 76, "duration": 12}, {"pitch": 74, "duration": 12}, {"pitch": 73, "duration": 12}, {"pitch": 74, "duration": 12}, {"pitch": 76, "duration": 24}, {"pitch": 71, "duration": 12}, {"pitch": 73, "duration": 12}, {"pitch": 74, "duration": 12}, {"pitch": 73, "duration": 12}, {"pitch": 71, "duration": 12}, {"pitch": 73, "duration": 12}, {"pitch": 74, "duration": 24}, {"pitch": 76, "duration": 24}, {"pitch": 76, "duration": 12}, {"pitch": 74, "duration": 12}, {"pitch": 73, "duration": 12}, {"pitch": 74, "duration": 12}, {"pitch": 76, "duration": 24}, {"pitch": 69, "duration": 12}, {"pitch": 71, "duration": 12}, {"pitch": 73, "duration": 12}, {"pitch": 69, "duration": 12}, {"pitch": 71, "duration": 24}, {"pitch": 69, "duration": 12}, {"pitch": 71, "duration": 12}, {"pitch": 73, "duration": 12}, {"pitch": 69, "duration": 12}, {"pitch": 64, "duration": 12}, {"pitch": 69, "duration": 12}, {"pitch": 73, "duration": 12}, {"pitch": 69, "duration": 12}, {"pitch": 73, "duration": 24}, {"pitch": 74, "duration": 12}, {"pitch": 71, "duration": 12}, {"pitch": 68, "duration": 12}, {"pitch": 71, "duration": 12}, {"pitch": 74, "duration": 12}, {"pitch": 71, "duration": 12}, {"pitch": 74, "duration": 24}, {"pitch": 73, "duration": 12}, {"pitch": 69, "duration": 12}, {"pitch": 64, "duration": 12}, {"pitch": 69, "duration": 12}, {"pitch": 73, "duration": 12}, {"pitch": 69, "duration": 12}, {"pitch": 73, "duration": 24}, {"pitch": 69, "duration": 12}, {"pitch": 71, "duration": 12}, {"pitch": 73, "duration": 12}, {"pitch": 69, "duration": 12}, {"pitch": 71, "duration": 24}, {"pitch": 69, "duration": 12}, {"pitch": 71, "duration": 12}, {"pitch": 73, "duration": 12}, {"pitch": 69, "duration": 12}, {"pitch": 71, "duration": 24}, {"pitch": 69, "duration": 24}], "voicings": [{"pitches": [52, 54, 59, 61], "duration": 24, "time": 48}, {"pitches": [-1], "duration": 12, "time": 72}, {"pitches": [52, 54, 59, 61], "duration": 12, "time": 84}, {"pitches": [-1], "duration": 12, "time": 96}, {"pitches": [52, 54, 59, 61], "duration": 12, "time": 108}, {"pitches": [-1], "duration": 12, "time": 120}, {"pitches": [54, 56, 62], "duration": 12, "time": 132}, {"pitches": [-1], "duration": 12, "time": 144}, {"pitches": [54, 56, 62], "duration": 60, "time": 156}, {"pitches": [52, 54, 59], "duration": 24, "time": 216}, {"pitches": [52, 54, 59], "duration": 24, "time": 240}, {"pitches": [-1], "duration": 12, "time": 264}, {"pitches": [52, 54, 59], "duration": 12, "time": 276}, {"pitches": [-1], "duration": 12, "time": 288}, {"pitches": [52, 54, 59], "duration": 12, "time": 300}, {"pitches": [-1], "duration": 12, "time": 312}, {"pitches": [49, 54, 59], "duration": 36, "time": 324}, {"pitches": [54, 56, 61, 62], "duration": 24, "time": 360}, {"pitches": [54, 56, 61, 62], "duration": 24, "time": 384}, {"pitches": [49, 52, 54, 59], "duration": 24, "time": 408}, {"pitches": [49, 52, 54, 59], "duration": 24, "time": 432}, {"pitches": [-1], "duration": 12, "time": 456}, {"pitches": [49, 52, 54, 59], "duration": 12, "time": 468}, {"pitches": [-1], "duration": 12, "time": 480}, {"pitches": [49, 52, 54, 59], "duration": 12, "time": 492}, {"pitches": [-1], "duration": 12, "time": 504}, {"pitches": [54, 56, 61, 62], "duration": 36, "time": 516}, {"pitches": [54, 56, 61, 62], "duration": 24, "time": 552}, {"pitches": [54, 56, 61, 62], "duration": 24, "time": 576}, {"pitches": [49, 52, 54, 59], "duration": 36, "time": 600}, {"pitches": [49, 52, 54, 59], "duration": 12, "time": 636}, {"pitches": [-1], "duration": 36, "time": 648}, {"pitches": [49, 52, 54, 59], "duration": 12, "time": 684}, {"pitches": [49, 52, 54, 59], "duration": 12, "time": 684}, {"pitches": [-1], "duration": 12, "time": 696}, {"pitches": [52, 54, 59, 61], "duration": 12, "time": 708}, {"pitches": [-1], "duration": 12, "time": 720}, {"pitches": [52, 54, 61], "duration": 60, "time": 732}, {"pitches": [52, 54, 59, 61], "duration": 96, "time": 792}], "basses": [{"pitch": 45, "duration": 36}, {"pitch": 45, "duration": 12}, {"pitch": 52, "duration": 36}, {"pitch": 51, "duration": 12}, {"pitch": 40, "duration": 36}, {"pitch": 35, "duration": 12}, {"pitch": 35, "duration": 36}, {"pitch": 35, "duration": 12}, {"pitch": 45, "duration": 36}, {"pitch": 52, "duration": 12}, {"pitch": 52, "duration": 36}, {"pitch": 52, "duration": 12}, {"pitch": 45, "duration": 36}, {"pitch": 45, "duration": 12}, {"pitch": 52, "duration": 36}, {"pitch": 52, "duration": 12}, {"pitch": 45, "duration": 36}, {"pitch": 45, "duration": 12}, {"pitch": 45, "duration": 36}, {"pitch": 41, "duration": 12}, {"pitch": 40, "duration": 36}, {"pitch": 35, "duration": 12}, {"pitch": 35, "duration": 36}, {"pitch": 35, "duration": 12}, {"pitch": 45, "duration": 36}, {"pitch": 52, "duration": 12}, {"pitch": 52, "duration": 36}, {"pitch": 46, "duration": 12}, {"pitch": 45, "duration": 36}, {"pitch": 40, "duration": 12}, {"pitch": 33, "duration": 36}, {"pitch": 33, "duration": 12}, {"pitch": 40, "duration": 36}, {"pitch": 52, "duration": 12}, {"pitch": 45, "duration": 36}, {"pitch": 45, "duration": 12}]}], "time_signatures": [{"numerator": 4, "denominator": 4, "time": 0}], "chord_symbols": [[45, "major", null], [52, "dominant-seventh", null], [45, "major", null], [45, "major", null], [52, "dominant-seventh", null], [45, "major", null], [52, "dominant-seventh", null], [45, "major", null], [45, "major", null], [55, "major", null], [45, "major", null], [52, "dominant-seventh", null], [45, "major", null]], "tempos": [{"qpm": 120, "time": 0}], "beats": [{"time": 0, "is_downbeat": true}, {"time": 24, "is_downbeat": true}, {"time": 48, "is_downbeat": false}, {"time": 72, "is_downbeat": false}, {"time": 96, "is_downbeat": false}, {"time": 120, "is_downbeat": true}, {"time": 144, "is_downbeat": false}, {"time": 168, "is_downbeat": false}, {"time": 192, "is_downbeat": false}, {"time": 216, "is_downbeat": true}, {"time": 240, "is_downbeat": false}, {"time": 264, "is_downbeat": false}, {"time": 288, "is_downbeat": false}, {"time": 312, "is_downbeat": true}, {"time": 336, "is_downbeat": false}, {"time": 360, "is_downbeat": false}, {"time": 384, "is_downbeat": true}, {"time": 408, "is_downbeat": true}, {"time": 432, "is_downbeat": false}, {"time": 456, "is_downbeat": false}, {"time": 480, "is_downbeat": false}, {"time": 504, "is_downbeat": true}, {"time": 528, "is_downbeat": false}, {"time": 552, "is_downbeat": false}, {"time": 576, "is_downbeat": false}, {"time": 600, "is_downbeat": true}, {"time": 624, "is_downbeat": false}, {"time": 648, "is_downbeat": false}, {"time": 672, "is_downbeat": false}, {"time": 696, "is_downbeat": true}, {"time": 720, "is_downbeat": false}, {"time": 744, "is_downbeat": false}, {"time": 768, "is_downbeat": true}, {"time": 792, "is_downbeat": false}, {"time": 816, "is_downbeat": false}, {"time": 840, "is_downbeat": false}]}