{"metadata": {"title": "lord-moira"}, "tracks": [{"notes": [{"pitch": 71, "duration": 6}, {"pitch": 69, "duration": 6}, {"pitch": 67, "duration": 24}, {"pitch": 67, "duration": 12}, {"pitch": 71, "duration": 6}, {"pitch": 74, "duration": 18}, {"pitch": 74, "duration": 12}, {"pitch": 71, "duration": 12}, {"pitch": 72, "duration": 12}, {"pitch": 69, "duration": 12}, {"pitch": 71, "duration": 12}, {"pitch": 67, "duration": 12}, {"pitch": 69, "duration": 12}, {"pitch": 67, "duration": 12}, {"pitch": 66, "duration": 8}, {"pitch": 64, "duration": 8}, {"pitch": 62, "duration": 8}, {"pitch": 67, "duration": 24}, {"pitch": 67, "duration": 36}, {"pitch": 71, "duration": 6}, {"pitch": 74, "duration": 18}, {"pitch": 74, "duration": 24}, {"pitch": 76, "duration": 8}, {"pitch": 78, "duration": 8}, {"pitch": 79, "duration": 8}, {"pitch": 78, "duration": 8}, {"pitch": 79, "duration": 8}, {"pitch": 81, "duration": 8}, {"pitch": 79, "duration": 24}, {"pitch": 79, "duration": 12}, {"pitch": 74, "duration": 12}, {"pitch": 79, "duration": 12}, {"pitch": 81, "duration": 12}, {"pitch": 83, "duration": 12}, {"pitch": 79, "duration": 12}, {"pitch": 81, "duration": 12}, {"pitch": 79, "duration": 12}, {"pitch": 78, "duration": 6}, {"pitch": 74, "duration": 18}, {"pitch": 76, "duration": 12}, {"pitch": 78, "duration": 12}, {"pitch": 79, "duration": 12}, {"pitch": 76, "duration": 12}, {"pitch": 74, "duration": 12}, {"pitch": 71, "duration": 12}, {"pitch": 69, "duration": 6}, {"pitch": 67, "duration": 18}, {"pitch": 79, "duration": 12}, {"pitch": 81, "duration": 12}, {"pitch": 83, "duration": 12}, {"pitch": 79, "duration": 12}, {"pitch": 81, "duration": 12}, {"pitch": 79, "duration": 12}, {"pitch": 78, "duration": 6}, {"pitch": 74, "duration": 18}, {"pitch": 76, "duration": 8}, {"pitch": 78, "duration": 8}, {"pitch": 79, "duration": 8}, {"pitch": 78, "duration": 8}, {"pitch": 79, "duration": 8}, {"pitch": 81, "duration": 8}, {"pitch": 79, "duration": 24}, {"pitch": 79, "duration": 8}, {"pitch": 81, "duration": 8}, {"pitch": 83, "duration": 8}, {"pitch": 84, "duration": 12}, {"pitch": 81, "duration": 12}, {"pitch": 83, "duration": 12}, {"pitch": 79, "duration": 12}, {"pitch": 81, "duration": 12}, {"pitch": 79, "duration": 12}, {"pitch": 78, "duration": 12}, {"pitch": 74, "duration": 12}, {"pitch": 76, "duration": 12}, {"pitch": 78, "duration": 12}, {"pitch": 79, "duration": 12}, {"pitch": 76, "duration": 12}, {"pitch": 74, "duration": 12}, {"pitch": 72, "duration": 12}, {"pitch": 71, "duration": 6}, {"pitch": 69, "duration": 18}, {"pitch": 67, "duration": 24}, {"pitch": 67, "duration": 24}, {"pitch": 71, "duration": 6}, {"pitch": 74, "duration": 18}, {"pitch": 74, "duration": 24}, {"pitch": 76, "duration": 8}, {"pitch": 78, "duration": 8}, {"pitch": 79, "duration": 8}, {"pitch": 78, "duration": 8}, {"pitch": 79, "duration": 8}, {"pitch": 81, "duration": 8}, {"pitch": 79, "duration": 24}, {"pitch": 79, "duration": 12}], "voicings": [{"pitches": [57, 59, 62, 64], "duration": 24, "time": 12}, {"pitches": [57, 59, 62, 64], "duration": 24, "time": 36}, {"pitches": [-1], "duration": 12, "time": 60}, {"pitches": [57, 59, 62, 64], "duration": 12, "time": 72}, {"pitches": [-1], "duration": 12, "time": 84}, {"pitches": [57, 59, 62, 64], "duration": 12, "time": 96}, {"pitches": [-1], "duration": 12, "time": 108}, {"pitches": [52, 55, 59, 62], "duration": 36, "time": 120}, {"pitches": [52, 54, 59, 60], "duration": 24, "time": 156}, {"pitches": [52, 54, 59, 60], "duration": 24, "time": 180}, {"pitches": [-1], "duration": 24, "time": 204}, {"pitches": [52, 57, 59, 62], "duration": 24, "time": 228}, {"pitches": [-1], "duration": 12, "time": 252}, {"pitches": [52, 57, 59, 62], "duration": 12, "time": 264}, {"pitches": [-1], "duration": 12, "time": 276}, {"pitches": [52, 57, 59, 62], "duration": 12, "time": 288}, {"pitches": [-1], "duration": 12, "time": 300}, {"pitches": [52, 54, 59, 60], "duration": 36, "time": 312}, {"pitches": [52, 57, 59, 62], "duration": 24, "time": 348}, {"pitches": [52, 57, 59, 62], "duration": 24, "time": 372}, {"pitches": [52, 57, 59, 62], "duration": 24, "time": 396}, {"pitches": [52, 57, 59, 62], "duration": 24, "time": 420}, {"pitches": [-1], "duration": 12, "time": 444}, {"pitches": [52, 54, 59, 60], "duration": 12, "time": 456}, {"pitches": [-1], "duration": 12, "time": 468}, {"pitches": [52, 54, 59, 60], "duration": 12, "time": 480}, {"pitches": [-1], "duration": 12, "time": 492}, {"pitches": [52, 55, 59, 62], "duration": 12, "time": 504}, {"pitches": [-1], "duration": 12, "time": 516}, {"pitches": [52, 57, 59, 62], "duration": 60, "time": 528}, {"pitches": [-1], "duration": 24, "time": 588}, {"pitches": [52, 59, 62], "duration": 24, "time": 612}, {"pitches": [-1], "duration": 12, "time": 636}, {"pitches": [52, 54, 59, 60], "duration": 12, "time": 648}, {"pitches": [-1], "duration": 12, "time": 660}, {"pitches": [52, 54, 59, 60], "duration": 12, "time": 672}, {"pitches": [-1], "duration": 12, "time": 684}, {"pitches": [52, 55, 59], "duration": 12, "time": 696}, {"pitches": [-1], "duration": 12, "time": 708}, {"pitches": [52, 57, 59, 62], "duration": 60, "time": 720}, {"pitches": [51, 54, 56, 61], "duration": 36, "time": 780}, {"pitches": [51, 54, 56, 61], "duration": 12, "time": 816}, {"pitches": [-1], "duration": 36, "time": 828}, {"pitches": [52, 54, 59, 60], "duration": 12, "time": 864}, {"pitches": [52, 54, 59, 60], "duration": 12, "time": 864}, {"pitches": [-1], "duration": 12, "time": 876}, {"pitches": [55, 59, 62], "duration": 12, "time": 888}, {"pitches": [-1], "duration": 12, "time": 900}, {"pitches": [52, 54, 59, 60], "duration": 60, "time": 912}, {"pitches": [52, 57, 59, 62], "duration": 24, "time": 972}, {"pitches": [52, 57, 59, 62], "duration": 24, "time": 996}, {"pitches": [-1], "duration": 12, "time": 1020}, {"pitches": [52, 57, 59, 62], "duration": 12, "time": 1032}, {"pitches": [-1], "duration": 12, "time": 1044}, {"pitches": [52, 57, 59, 62], "duration": 12, "time": 1056}, {"pitches": [57, 59, 62], "duration": 96, "time": 1068}], "basses": [{"pitch": 43, "duration": 36}, {"pitch": 43, "duration": 12}, {"pitch": 50, "duration": 36}, {"pitch": 49, "duration": 12}, {"pitch": 48, "duration": 36}, {"pitch": 43, "duration": 12}, {"pitch": 38, "duration": 36}, {"pitch": 33, "duration": 12}, {"pitch": 31, "duration": 36}, {"pitch": 26, "duration": 12}, {"pitch": 26, "duration": 36}, {"pitch": 26, "duration": 12}, {"pitch": 38, "duration": 36}, {"pitch": 50, "duration": 12}, {"pitch": 43, "duration": 36}, {"pitch": 38, "duration": 12}, {"pitch": 31, "duration": 36}, {"pitch": 26, "duration": 12}, {"pitch": 26, "duration": 36}, {"pitch": 26, "duration": 12}, {"pitch": 36, "duration": 36}, {"pitch": 43, "duration": 12}, {"pitch": 43, "duration": 36}, {"pitch": 43, "duration": 12}, {"pitch": 43, "duration": 36}, {"pitch": 43, "duration": 12}, {"pitch": 50, "duration": 36}, {"pitch": 50, "duration": 12}, {"pitch": 50, "duration": 36}, {"pitch": 50, "duration": 12}, {"pitch": 43, "duration": 36}, {"pitch": 38, "duration": 12}, {"pitch": 31, "duration": 36}, {"pitch": 31, "duration": 12}, {"pitch": 38, "duration": 36}, {"pitch": 50, "duration": 12}, {"pitch": 48, "duration": 36}, {"pitch": 43, "duration": 12}, {"pitch": 38, "duration": 36}, {"pitch": 38, "duration": 12}, {"pitch": 43, "duration": 36}, {"pitch": 50, "duration": 12}, {"pitch": 50, "duration": 36}, {"pitch": 50, "duration": 12}, {"pitch": 50, "duration": 36}, {"pitch": 50, "duration": 12}, {"pitch": 43, "duration": 36}, {"pitch": 43, "duration": 12}]}], "time_signatures": [{"numerator": 4, "denominator": 4, "time": 0}], "chord_symbols": [[55, "major", null], [48, "major", null], [50, "dominant-seventh", null], [55, "major", null], [48, "major", null], [50, "dominant-seventh", null], [55, "major", null], [55, "major", null], [50, "major", null], [48, "major", null], [55, "major", null], [55, "major", null], [50, "major", null], [48, "major", null], [50, "dominant-seventh", null], [55, "major", null], [48, "major", null], [43, "major", 47], [45, "minor", null], [50, "major", null], [48, "major", null], [50, "dominant-seventh", null], [55, "major", null], [48, "major", null], [50, "dominant-seventh", null], [55, "major", null]], "tempos": [{"qpm": 120, "time": 0}], "beats": [{"time": 0, "is_downbeat": true}, {"time": 12, "is_downbeat": true}, {"time": 36, "is_downbeat": false}, {"time": 60, "is_downbeat": false}, {"time": 84, "is_downbeat": false}, {"time": 108, "is_downbeat": true}, {"time": 132, "is_downbeat": false}, {"time": 156, "is_downbeat": false}, {"time": 180, "is_downbeat": false}, {"time": 204, "is_downbeat": true}, {"time": 228, "is_downbeat": false}, {"time": 252, "is_downbeat": false}, {"time": 276, "is_downbeat": false}, {"time": 300, "is_downbeat": true}, {"time": 324, "is_downbeat": false}, {"time": 348, "is_downbeat": false}, {"time": 372, "is_downbeat": false}, {"time": 384, "is_downbeat": true}, {"time": 396, "is_downbeat": true}, {"time": 420, "is_downbeat": false}, {"time": 444, "is_downbeat": false}, {"time": 468, "is_downbeat": false}, {"time": 492, "is_downbeat": true}, {"time": 516, "is_downbeat": false}, {"time": 540, "is_downbeat": false}, {"time": 564, "is_downbeat": false}, {"time": 588, "is_downbeat": true}, {"time": 612, "is_downbeat": false}, {"time": 636, "is_downbeat": false}, {"time": 660, "is_downbeat": false}, {"time": 684, "is_downbeat": true}, {"time": 708, "is_downbeat": false}, {"time": 732, "is_downbeat": false}, {"time": 756, "is_downbeat": false}, {"time": 780, "is_downbeat": true}, {"time": 804, "is_downbeat": false}, {"time": 828, "is_downbeat": false}, {"time": 852, "is_downbeat": false}, {"time": 876, "is_downbeat": true}, {"time": 900, "is_downbeat": false}, {"time": 924, "is_downbeat": false}, {"time": 948, "is_downbeat": false}, {"time": 972, "is_downbeat": true}, {"time": 996, "is_downbeat": false}, {"time": 1020, "is_downbeat": false}, {"time": 1044, "is_downbeat": false}, {"time": 1068, "is_downbeat": true}, {"time": 1092, "is_downbeat": false}, {"time": 1116, "is_downbeat": false}, {"time": 1140, "is_downbeat": false}]}