{"metadata": {"title": "morris-off"}, "tracks": [{"notes": [{"pitch": 71, "duration": 12}, {"pitch": 72, "duration": 12}, {"pitch": 74, "duration": 24}, {"pitch": 74, "duration": 12}, {"pitch": 74, "duration": 24}, {"pitch": 76, "duration": 24}, {"pitch": 74, "duration": 72}, {"pitch": 72, "duration": 24}, {"pitch": 71, "duration": 24}, {"pitch": 67, "duration": 36}, {"pitch": 67, "duration": 24}, {"pitch": 69, "duration": 24}, {"pitch": 66, "duration": 48}, {"pitch": 62, "duration": 48}, {"pitch": 71, "duration": 24}, {"pitch": 67, "duration": 24}, {"pitch": 67, "duration": 24}, {"pitch": 69, "duration": 24}, {"pitch": 71, "duration": 24}, {"pitch": 67, "duration": 24}, {"pitch": 67, "duration": 24}, {"pitch": 69, "duration": 24}, {"pitch": 71, "duration": 24}, {"pitch": 67, "duration": 24}, {"pitch": 67, "duration": 24}, {"pitch": 69, "duration": 24}, {"pitch": 66, "duration": 48}, {"pitch": 62, "duration": 24}], "voicings": [{"pitches": [57, 59, 62, 64], "duration": 24, "time": 48}, {"pitches": [-1], "duration": 12, "time": 72}, {"pitches": [57, 59, 62, 64], "duration": 12, "time": 84}, {"pitches": [-1], "duration": 12, "time": 96}, {"pitches": [57, 59, 62, 64], "duration": 12, "time": 108}, {"pitches": [-1], "duration": 12, "time": 120}, {"pitches": [57, 59, 62, 64], "duration": 36, "time": 132}, {"pitches": [57, 59, 62, 64], "duration": 24, "time": 168}, {"pitches": [57, 59, 62, 64], "duration": 24, "time": 192}, {"pitches": [52, 57, 59, 62], "duration": 24, "time": 216}, {"pitches": [52, 57, 59, 62], "duration": 24, "time": 240}, {"pitches": [-1], "duration": 12, "time": 264}, {"pitches": [52, 57, 59, 62], "duration": 12, "time": 276}, {"pitches": [-1], "duration": 12, "time": 288}, {"pitches": [52, 57, 59, 62], "duration": 12, "time": 300}, {"pitches": [-1], "duration": 12, "time": 312}, {"pitches": [52, 54, 59, 60], "duration": 12, "time": 324}, {"pitches": [-1], "duration": 12, "time": 336}, {"pitches": [52, 54, 59, 60], "duration": 60, "time": 348}, {"pitches": [52, 57, 59, 62], "duration": 36, "time": 408}, {"pitches": [52, 57, 59, 62], "duration": 12, "time": 444}, {"pitches": [-1], "duration": 36, "time": 456}, {"pitches": [52, 59, 60], "duration": 12, "time": 492}, {"pitches": [52, 59, 60], "duration": 12, "time": 492}, {"pitches": [-1], "duration": 12, "time": 504}, {"pitches": [52, 57, 59, 62], "duration": 12, "time": 516}, {"pitches": [-1], "duration": 12, "time": 528}, {"pitches": [52, 54, 59, 60], "duration": 60, "time": 540}, {"pitches": [52, 57, 62], "duration": 24, "time": 600}, {"pitches": [52, 57, 62], "duration": 24, "time": 624}, {"pitches": [-1], "duration": 12, "time": 648}, {"pitches": [52, 57, 62], "duration": 12, "time": 660}, {"pitches": [-1], "duration": 12, "time": 672}, {"pitches": [52, 57, 62], "duration": 12, "time": 684}, {"pitches": [52, 54, 59, 60], "duration": 96, "time": 696}], "basses": [{"pitch": 43, "duration": 36}, {"pitch": 43, "duration": 12}, {"pitch": 50, "duration": 36}, {"pitch": 50, "duration": 12}, {"pitch": 50, "duration": 36}, {"pitch": 50, "duration": 12}, {"pitch": 50, "duration": 36}, {"pitch": 42, "duration": 12}, {"pitch": 31, "duration": 36}, {"pitch": 26, "duration": 12}, {"pitch": 26, "duration": 36}, {"pitch": 26, "duration": 12}, {"pitch": 38, "duration": 36}, {"pitch": 45, "duration": 12}, {"pitch": 45, "duration": 36}, {"pitch": 45, "duration": 12}, {"pitch": 43, "duration": 36}, {"pitch": 43, "duration": 12}, {"pitch": 50, "duration": 36}, {"pitch": 45, "duration": 12}, {"pitch": 43, "duration": 36}, {"pitch": 38, "duration": 12}, {"pitch": 38, "duration": 36}, {"pitch": 38, "duration": 12}, {"pitch": 43, "duration": 36}, {"pitch": 50, "duration": 12}, {"pitch": 50, "duration": 36}, {"pitch": 50, "duration": 12}, {"pitch": 50, "duration": 36}, {"pitch": 50, "duration": 12}, {"pitch": 50, "duration": 36}, {"pitch": 50, "duration": 12}]}], "time_signatures": [{"numerator": 4, "denominator": 4, "time": 0}], "chord_symbols": [[55, "major", null], [55, "major", null], [50, "major", null], [55, "major", null], [50, "dominant-seventh", null], [55, "major", null], [50, "dominant-seventh", null], [55, "major", null], [50, "major", null]], "tempos": [{"qpm": 120, "time": 0}], "beats": [{"time": 0, "is_downbeat": true}, {"time": 24, "is_downbeat": true}, {"time": 48, "is_downbeat": false}, {"time": 72, "is_downbeat": false}, {"time": 96, "is_downbeat": false}, {"time": 120, "is_downbeat": true}, {"time": 144, "is_downbeat": false}, {"time": 168, "is_downbeat": false}, {"time": 192, "is_downbeat": false}, {"time": 216, "is_downbeat": true}, {"time": 240, "is_downbeat": false}, {"time": 264, "is_downbeat": false}, {"time": 288, "is_downbeat": false}, {"time": 312, "is_downbeat": true}, {"time": 336, "is_downbeat": false}, {"time": 360, "is_downbeat": false}, {"time": 384, "is_downbeat": false}, {"time": 408, "is_downbeat": true}, {"time": 432, "is_downbeat": false}, {"time": 456, "is_downbeat": false}, {"time": 480, "is_downbeat": false}, {"time": 504, "is_downbeat": true}, {"time": 528, "is_downbeat": false}, {"time": 552, "is_downbeat": false}, {"time": 576, "is_downbeat": false}, {"time": 600, "is_downbeat": true}, {"time": 624, "is_downbeat": false}, {"time": 648, "is_downbeat": false}, {"time": 672, "is_downbeat": false}, {"time": 696, "is_downbeat": true}, {"time": 720, "is_downbeat": false}, {"time": 744, "is_downbeat": false}, {"time": 768, "is_downbeat": false}]}