{"metadata": {"title": "staines-morris"}, "tracks": [{"notes": [{"pitch": 69, "duration": 24}, {"pitch": 74, "duration": 12}, {"pitch": 71, "duration": 24}, {"pitch": 73, "duration": 24}, {"pitch": 74, "duration": 24}, {"pitch": 72, "duration": 12}, {"pitch": 70, "duration": 12}, {"pitch": 69, "duration": 36}, {"pitch": 70, "duration": 12}, {"pitch": 72, "duration": 12}, {"pitch": 74, "duration": 24}, {"pitch": 72, "duration": 12}, {"pitch": 70, "duration": 12}, {"pitch": 69, "duration": 24}, {"pitch": 67, "duration": 12}, {"pitch": 65, "duration": 12}, {"pitch": 64, "duration": 12}, {"pitch": 62, "duration": 12}, {"pitch": 64, "duration": 12}, {"pitch": 65, "duration": 12}, {"pitch": 62, "duration": 48}, {"pitch": 65, "duration": 12}, {"pitch": 67, "duration": 12}, {"pitch": 69, "duration": 12}, {"pitch": 70, "duration": 12}, {"pitch": 69, "duration": 24}, {"pitch": 67, "duration": 12}, {"pitch": 65, "duration": 12}, {"pitch": 64, "duration": 12}, {"pitch": 62, "duration": 12}, {"pitch": 64, "duration": 12}, {"pitch": 65, "duration": 12}, {"pitch": 62, "duration": 48}, {"pitch": 65, "duration": 24}, {"pitch": 65, "duration": 24}, {"pitch": 60, "duration": 24}, {"pitch": 60, "duration": 24}, {"pitch": 62, "duration": 12}, {"pitch": 64, "duration": 12}, {"pitch": 65, "duration": 12}, {"pitch": 67, "duration": 12}, {"pitch": 69, "duration": 36}, {"pitch": 70, "duration": 12}, {"pitch": 72, "duration": 12}, {"pitch": 74, "duration": 12}, {"pitch": 72, "duration": 12}, {"pitch": 70, "duration": 12}, {"pitch": 69, "duration": 24}, {"pitch": 67, "duration": 12}, {"pitch": 65, "duration": 12}, {"pitch": 64, "duration": 12}, {"pitch": 62, "duration": 12}, {"pitch": 64, "duration": 12}, {"pitch": 65, "duration": 12}, {"pitch": 62, "duration": 48}], "voicings": [{"pitches": [52, 53, 57, 59], "duration": 24, "time": 24}, {"pitches": [-1], "duration": 12, "time": 48}, {"pitches": [49, 53, 55, 60], "duration": 12, "time": 60}, {"pitches": [-1], "duration": 12, "time": 72}, {"pitches": [49, 53, 55, 60], "duration": 12, "time": 84}, {"pitches": [-1], "duration": 12, "time": 96}, {"pitches": [57, 58, 62], "duration": 36, "time": 108}, {"pitches": [52, 53, 57, 59], "duration": 24, "time": 144}, {"pitches": [52, 53, 57, 59], "duration": 24, "time": 168}, {"pitches": [52, 53, 57, 59], "duration": 24, "time": 192}, {"pitches": [52, 53, 57, 59], "duration": 24, "time": 216}, {"pitches": [-1], "duration": 12, "time": 240}, {"pitches": [53, 57, 58], "duration": 12, "time": 252}, {"pitches": [-1], "duration": 12, "time": 264}, {"pitches": [53, 57, 58], "duration": 12, "time": 276}, {"pitches": [-1], "duration": 12, "time": 288}, {"pitches": [53, 60, 61], "duration": 12, "time": 300}, {"pitches": [-1], "duration": 12, "time": 312}, {"pitches": [52, 53, 57, 59], "duration": 60, "time": 324}, {"pitches": [-1], "duration": 24, "time": 384}, {"pitches": [55, 57, 60, 62], "duration": 24, "time": 408}, {"pitches": [-1], "duration": 12, "time": 432}, {"pitches": [55, 57, 60, 62], "duration": 12, "time": 444}, {"pitches": [-1], "duration": 12, "time": 456}, {"pitches": [55, 57, 60, 62], "duration": 12, "time": 468}, {"pitches": [-1], "duration": 12, "time": 480}, {"pitches": [52, 57, 62], "duration": 12, "time": 492}, {"pitches": [-1], "duration": 12, "time": 504}, {"pitches": [53, 57, 60], "duration": 60, "time": 516}, {"pitches": [52, 55, 57, 60], "duration": 36, "time": 576}, {"pitches": [52, 55, 57, 60], "duration": 12, "time": 612}, {"pitches": [-1], "duration": 36, "time": 624}, {"pitches": [52, 55, 57, 60], "duration": 12, "time": 660}, {"pitches": [52, 55, 57, 60], "duration": 12, "time": 660}, {"pitches": [-1], "duration": 12, "time": 672}, {"pitches": [55, 56, 62], "duration": 36, "time": 684}, {"pitches": [55, 57, 60, 62], "duration": 24, "time": 720}, {"pitches": [55, 57, 60, 62], "duration": 24, "time": 744}, {"pitches": [52, 53, 57, 59], "duration": 36, "time": 768}, {"pitches": [52, 53, 57, 59], "duration": 12, "time": 804}, {"pitches": [-1], "duration": 36, "time": 816}, {"pitches": [53, 62], "duration": 12, "time": 852}, {"pitches": [53, 62], "duration": 12, "time": 852}, {"pitches": [52, 53, 57, 59], "duration": 96, "time": 864}], "basses": [{"pitch": 50, "duration": 36}, {"pitch": 50, "duration": 12}, {"pitch": 45, "duration": 36}, {"pitch": 40, "duration": 12}, {"pitch": 31, "duration": 36}, {"pitch": 26, "duration": 12}, {"pitch": 26, "duration": 36}, {"pitch": 26, "duration": 12}, {"pitch": 38, "duration": 36}, {"pitch": 50, "duration": 12}, {"pitch": 43, "duration": 36}, {"pitch": 38, "duration": 12}, {"pitch": 33, "duration": 36}, {"pitch": 28, "duration": 12}, {"pitch": 26, "duration": 36}, {"pitch": 33, "duration": 12}, {"pitch": 41, "duration": 36}, {"pitch": 48, "duration": 12}, {"pitch": 48, "duration": 36}, {"pitch": 48, "duration": 12}, {"pitch": 48, "duration": 36}, {"pitch": 48, "duration": 12}, {"pitch": 50, "duration": 36}, {"pitch": 50, "duration": 12}, {"pitch": 41, "duration": 36}, {"pitch": 36, "duration": 12}, {"pitch": 36, "duration": 36}, {"pitch": 36, "duration": 12}, {"pitch": 46, "duration": 36}, {"pitch": 46, "duration": 12}, {"pitch": 41, "duration": 36}, {"pitch": 36, "duration": 12}, {"pitch": 26, "duration": 36}, {"pitch": 26, "duration": 12}, {"pitch": 31, "duration": 36}, {"pitch": 38, "duration": 12}, {"pitch": 45, "duration": 36}, {"pitch": 52, "duration": 12}, {"pitch": 50, "duration": 36}, {"pitch": 50, "duration": 12}]}], "time_signatures": [{"numerator": 4, "denominator": 4, "time": 0}], "chord_symbols": [[50, "minor", null], [45, "major", null], [55, "minor", null], [50, "minor", null], [50, "minor", null], [55, "minor", null], [45, "dominant-seventh", null], [50, "minor", null], [53, "major", null], [48, "major", null], [50, "minor", null], [53, "major", null], [46, "major", null], [53, "major", null], [50, "minor", null], [55, "minor", null], [45, "dominant-seventh", null], [50, "minor", null]], "tempos": [{"qpm": 120, "time": 0}], "beats": [{"time": 0, "is_downbeat": true}, {"time": 24, "is_downbeat": false}, {"time": 48, "is_downbeat": false}, {"time": 72, "is_downbeat": false}, {"time": 96, "is_downbeat": true}, {"time": 120, "is_downbeat": false}, {"time": 144, "is_downbeat": false}, {"time": 168, "is_downbeat": false}, {"time": 192, "is_downbeat": true}, {"time": 216, "is_downbeat": false}, {"time": 240, "is_downbeat": false}, {"time": 264, "is_downbeat": false}, {"time": 288, "is_downbeat": true}, {"time": 312, "is_downbeat": false}, {"time": 336, "is_downbeat": false}, {"time": 360, "is_downbeat": false}, {"time": 384, "is_downbeat": true}, {"time": 408, "is_downbeat": false}, {"time": 432, "is_downbeat": false}, {"time": 456, "is_downbeat": false}, {"time": 480, "is_downbeat": true}, {"time": 504, "is_downbeat": false}, {"time": 528, "is_downbeat": false}, {"time": 552, "is_downbeat": false}, {"time": 576, "is_downbeat": true}, {"time": 600, "is_downbeat": false}, {"time": 624, "is_downbeat": false}, {"time": 648, "is_downbeat": false}, {"time": 672, "is_downbeat": true}, {"time": 696, "is_downbeat": false}, {"time": 720, "is_downbeat": false}, {"time": 744, "is_downbeat": false}, {"time": 768, "is_downbeat": true}, {"time": 792, "is_downbeat": false}, {"time": 816, "is_downbeat": false}, {"time": 840, "is_downbeat": false}, {"time": 864, "is_downbeat": true}, {"time": 888, "is_downbeat": false}, {"time": 912, "is_downbeat": false}, {"time": 936, "is_downbeat": false}]}