{"metadata": {"title": "bonny-breast-knot-devon"}, "tracks": [{"notes": [{"pitch": 67, "duration": 24}, {"pitch": 71, "duration": 18}, {"pitch": 67, "duration": 6}, {"pitch": 66, "duration": 24}, {"pitch": 69, "duration": 24}, {"pitch": 62, "duration": 24}, {"pitch": 76, "duration": 24}, {"pitch": 74, "duration": 12}, {"pitch": 72, "duration": 12}, {"pitch": 71, "duration": 12}, {"pitch": 69, "duration": 12}, {"pitch": 67, "duration": 24}, {"pitch": 71, "duration": 18}, {"pitch": 67, "duration": 6}, {"pitch": 66, "duration": 24}, {"pitch": 69, "duration": 24}, {"pitch": 74, "duration": 12}, {"pitch": 73, "duration": 12}, {"pitch": 74, "duration": 12}, {"pitch": 69, "duration": 12}, {"pitch": 66, "duration": 24}, {"pitch": 62, "duration": 24}, {"pitch": 78, "duration": 24}, {"pitch": 74, "duration": 24}, {"pitch": 78, "duration": 24}, {"pitch": 81, "duration": 24}, {"pitch": 76, "duration": 12}, {"pitch": 74, "duration": 12}, {"pitch": 73, "duration": 12}, {"pitch": 74, "duration": 12}, {"pitch": 76, "duration": 12}, {"pitch": 78, "duration": 12}, {"pitch": 79, "duration": 24}, {"pitch": 78, "duration": 12}, {"pitch": 76, "duration": 12}, {"pitch": 74, "duration": 12}, {"pitch": 76, "duration": 12}, {"pitch": 78, "duration": 12}, {"pitch": 79, "duration": 12}, {"pitch": 81, "duration": 24}, {"pitch": 81, "duration": 12}, {"pitch": 79, "duration": 12}, {"pitch": 78, "duration": 12}, {"pitch": 76, "duration": 12}, {"pitch": 69, "duration": 48}, {"pitch": 78, "duration": 24}, {"pitch": 74, "duration": 24}, {"pitch": 78, "duration": 24}, {"pitch": 81, "duration": 24}, {"pitch": 73, "duration": 12}, {"pitch": 74, "duration": 12}, {"pitch": 76, "duration": 12}, {"pitch": 78, "duration": 12}, {"pitch": 79, "duration": 24}, {"pitch": 81, "duration": 12}, {"pitch": 79, "duration": 12}, {"pitch": 78, "duration": 24}, {"pitch": 78, "duration": 24}, {"pitch": 76, "duration": 12}, {"pitch": 79, "duration": 12}, {"pitch": 78, "duration": 12}, {"pitch": 76, "duration": 12}, {"pitch": 74, "duration": 24}, {"pitch": 78, "duration": 24}, {"pitch": 74, "duration": 48}], "voicings": [{"pitches": [57, 59, 62, 64], "duration": 36, "time": 0}, {"pitches": [57, 59, 62, 64], "duration": 12, "time": 36}, {"pitches": [-1], "duration": 36, "time": 48}, {"pitches": [54, 59, 60], "duration": 12, "time": 84}, {"pitches": [54, 59, 60], "duration": 12, "time": 84}, {"pitches": [-1], "duration": 12, "time": 96}, {"pitches": [52, 54, 59, 60], "duration": 12, "time": 108}, {"pitches": [-1], "duration": 12, "time": 120}, {"pitches": [52, 54, 59, 60], "duration": 60, "time": 132}, {"pitches": [-1], "duration": 24, "time": 192}, {"pitches": [52, 57, 59, 62], "duration": 24, "time": 216}, {"pitches": [-1], "duration": 12, "time": 240}, {"pitches": [54, 59, 60], "duration": 12, "time": 252}, {"pitches": [-1], "duration": 12, "time": 264}, {"pitches": [54, 59, 60], "duration": 12, "time": 276}, {"pitches": [-1], "duration": 12, "time": 288}, {"pitches": [52, 54, 59, 60], "duration": 12, "time": 300}, {"pitches": [-1], "duration": 12, "time": 312}, {"pitches": [52, 54, 59, 60], "duration": 60, "time": 324}, {"pitches": [-1], "duration": 24, "time": 384}, {"pitches": [52, 54, 59, 60], "duration": 24, "time": 408}, {"pitches": [-1], "duration": 12, "time": 432}, {"pitches": [52, 54, 59, 60], "duration": 12, "time": 444}, {"pitches": [-1], "duration": 12, "time": 456}, {"pitches": [52, 54, 59, 60], "duration": 12, "time": 468}, {"pitches": [-1], "duration": 12, "time": 480}, {"pitches": [54, 55, 59, 61], "duration": 36, "time": 492}, {"pitches": [54, 55, 59, 61], "duration": 24, "time": 528}, {"pitches": [54, 55, 59, 61], "duration": 24, "time": 552}, {"pitches": [52, 54, 59, 60], "duration": 36, "time": 576}, {"pitches": [52, 54, 59, 60], "duration": 12, "time": 612}, {"pitches": [-1], "duration": 36, "time": 624}, {"pitches": [52, 54, 59, 60], "duration": 12, "time": 660}, {"pitches": [52, 54, 59, 60], "duration": 12, "time": 660}, {"pitches": [-1], "duration": 12, "time": 672}, {"pitches": [54, 55, 59, 61], "duration": 12, "time": 684}, {"pitches": [-1], "duration": 12, "time": 696}, {"pitches": [54, 55, 59, 61], "duration": 60, "time": 708}, {"pitches": [52, 54, 59, 60], "duration": 24, "time": 768}, {"pitches": [52, 54, 59, 60], "duration": 24, "time": 792}, {"pitches": [-1], "duration": 12, "time": 816}, {"pitches": [52, 54, 59, 60], "duration": 12, "time": 828}, {"pitches": [-1], "duration": 12, "time": 840}, {"pitches": [52, 54, 59, 60], "duration": 12, "time": 852}, {"pitches": [-1], "duration": 12, "time": 864}, {"pitches": [54, 59, 61], "duration": 12, "time": 876}, {"pitches": [-1], "duration": 12, "time": 888}, {"pitches": [54, 59, 61], "duration": 60, "time": 900}, {"pitches": [52, 54, 59, 60], "duration": 36, "time": 960}, {"pitches": [52, 54, 59, 60], "duration": 12, "time": 996}, {"pitches": [-1], "duration": 36, "time": 1008}, {"pitches": [54, 55, 59, 61], "duration": 12, "time": 1044}, {"pitches": [54, 55, 59, 61], "duration": 12, "time": 1044}, {"pitches": [52, 54, 59, 60], "duration": 96, "time": 1056}], "basses": [{"pitch": 43, "duration": 36}, {"pitch": 43, "duration": 12}, {"pitch": 50, "duration": 36}, {"pitch": 45, "duration": 12}, {"pitch": 38, "duration": 36}, {"pitch": 38, "duration": 12}, {"pitch": 50, "duration": 36}, {"pitch": 50, "duration": 12}, {"pitch": 43, "duration": 36}, {"pitch": 43, "duration": 12}, {"pitch": 50, "duration": 36}, {"pitch": 45, "duration": 12}, {"pitch": 38, "duration": 36}, {"pitch": 33, "duration": 12}, {"pitch": 33, "duration": 36}, {"pitch": 33, "duration": 12}, {"pitch": 38, "duration": 36}, {"pitch": 45, "duration": 12}, {"pitch": 45, "duration": 36}, {"pitch": 45, "duration": 12}, {"pitch": 45, "duration": 36}, {"pitch": 45, "duration": 12}, {"pitch": 52, "duration": 36}, {"pitch": 49, "duration": 12}, {"pitch": 38, "duration": 36}, {"pitch": 33, "duration": 12}, {"pitch": 33, "duration": 36}, {"pitch": 33, "duration": 12}, {"pitch": 45, "duration": 36}, {"pitch": 45, "duration": 12}, {"pitch": 45, "duration": 36}, {"pitch": 49, "duration": 12}, {"pitch": 50, "duration": 36}, {"pitch": 45, "duration": 12}, {"pitch": 45, "duration": 36}, {"pitch": 45, "duration": 12}, {"pitch": 45, "duration": 36}, {"pitch": 45, "duration": 12}, {"pitch": 52, "duration": 36}, {"pitch": 51, "duration": 12}, {"pitch": 50, "duration": 36}, {"pitch": 45, "duration": 12}, {"pitch": 45, "duration": 36}, {"pitch": 45, "duration": 12}, {"pitch": 50, "duration": 36}, {"pitch": 50, "duration": 12}, {"pitch": 50, "duration": 36}, {"pitch": 50, "duration": 12}]}], "time_signatures": [{"numerator": 4, "denominator": 4, "time": 0}], "chord_symbols": [[55, "major", null], [50, "major", null], [50, "major", null], [50, "dominant-seventh", null], [55, "major", null], [50, "major", null], [50, "major", null], [50, "major", null], [45, "dominant-seventh", null], [50, "major", null], [45, "dominant-seventh", null], [50, "major", null], [45, "dominant-seventh", null], [50, "major", null], [45, "dominant-seventh", null], [50, "major", null]], "tempos": [{"qpm": 120, "time": 0}], "beats": [{"time": 0, "is_downbeat": true}, {"time": 24, "is_downbeat": false}, {"time": 48, "is_downbeat": false}, {"time": 72, "is_downbeat": false}, {"time": 96, "is_downbeat": true}, {"time": 120, "is_downbeat": false}, {"time": 144, "is_downbeat": false}, {"time": 168, "is_downbeat": false}, {"time": 192, "is_downbeat": true}, {"time": 216, "is_downbeat": false}, {"time": 240, "is_downbeat": false}, {"time": 264, "is_downbeat": false}, {"time": 288, "is_downbeat": true}, {"time": 312, "is_downbeat": false}, {"time": 336, "is_downbeat": false}, {"time": 360, "is_downbeat": false}, {"time": 384, "is_downbeat": true}, {"time": 408, "is_downbeat": false}, {"time": 432, "is_downbeat": false}, {"time": 456, "is_downbeat": false}, {"time": 480, "is_downbeat": true}, {"time": 504, "is_downbeat": false}, {"time": 528, "is_downbeat": false}, {"time": 552, "is_downbeat": false}, {"time": 576, "is_downbeat": true}, {"time": 600, "is_downbeat": false}, {"time": 624, "is_downbeat": false}, {"time": 648, "is_downbeat": false}, {"time": 672, "is_downbeat": true}, {"time": 696, "is_downbeat": false}, {"time": 720, "is_downbeat": false}, {"time": 744, "is_downbeat": false}, {"time": 768, "is_downbeat": true}, {"time": 792, "is_downbeat": false}, {"time": 816, "is_downbeat": false}, {"time": 840, "is_downbeat": false}, {"time": 864, "is_downbeat": true}, {"time": 888, "is_downbeat": false}, {"time": 912, "is_downbeat": false}, {"time": 936, "is_downbeat": false}, {"time": 960, "is_downbeat": true}, {"time": 984, "is_downbeat": false}, {"time": 1008, "is_downbeat": false}, {"time": 1032, "is_downbeat": false}, {"time": 1056, "is_downbeat": true}, {"time": 1080, "is_downbeat": false}, {"time": 1104, "is_downbeat": false}, {"time": 1128, "is_downbeat": false}]}