{"metadata": {"title": "missing-title"}, "tracks": [{"notes": [{"pitch": 78, "duration": 24}, {"pitch": 76, "duration": 12}, {"pitch": 76, "duration": 12}, {"pitch": 71, "duration": 24}, {"pitch": 69, "duration": 12}, {"pitch": 69, "duration": 12}, {"pitch": 78, "duration": 24}, {"pitch": 76, "duration": 12}, {"pitch": 76, "duration": 12}, {"pitch": 71, "duration": 24}, {"pitch": 69, "duration": 12}, {"pitch": 69, "duration": 12}, {"pitch": 78, "duration": 24}, {"pitch": 76, "duration": 12}, {"pitch": 76, "duration": 12}, {"pitch": 71, "duration": 24}, {"pitch": 69, "duration": 12}, {"pitch": 69, "duration": 12}, {"pitch": 71, "duration": 24}, {"pitch": 69, "duration": 12}, {"pitch": 69, "duration": 12}, {"pitch": 71, "duration": 24}, {"pitch": 69, "duration": 12}, {"pitch": 69, "duration": 12}], "voicings": [{"pitches": [52, 56, 59, 61], "duration": 24, "time": 12}, {"pitches": [52, 56, 59, 61], "duration": 24, "time": 36}, {"pitches": [-1], "duration": 12, "time": 60}, {"pitches": [52, 56, 59, 61], "duration": 12, "time": 72}, {"pitches": [-1], "duration": 12, "time": 84}, {"pitches": [52, 56, 59, 61], "duration": 12, "time": 96}, {"pitches": [-1], "duration": 12, "time": 108}, {"pitches": [52, 56, 59, 61], "duration": 12, "time": 120}, {"pitches": [-1], "duration": 12, "time": 132}, {"pitches": [52, 56, 59, 61], "duration": 60, "time": 144}, {"pitches": [-1], "duration": 24, "time": 204}, {"pitches": [49, 52, 59], "duration": 24, "time": 228}, {"pitches": [-1], "duration": 12, "time": 252}, {"pitches": [49, 52, 59], "duration": 12, "time": 264}, {"pitches": [-1], "duration": 12, "time": 276}, {"pitches": [49, 52, 59], "duration": 12, "time": 288}, {"pitches": [49, 52, 57], "duration": 96, "time": 300}], "basses": [{"pitch": 45, "duration": 36}, {"pitch": 45, "duration": 12}, {"pitch": 52, "duration": 36}, {"pitch": 44, "duration": 12}, {"pitch": 33, "duration": 36}, {"pitch": 28, "duration": 12}, {"pitch": 28, "duration": 36}, {"pitch": 28, "duration": 12}, {"pitch": 33, "duration": 36}, {"pitch": 40, "duration": 12}, {"pitch": 40, "duration": 36}, {"pitch": 40, "duration": 12}, {"pitch": 52, "duration": 36}, {"pitch": 47, "duration": 12}, {"pitch": 45, "duration": 36}, {"pitch": 45, "duration": 12}]}], "time_signatures": [{"numerator": 4, "denominator": 4, "time": 0}], "chord_symbols": [[45, "major", null], [45, "major", null], [52, "major", null], [45, "major", null]], "tempos": [{"qpm": 120, "time": 0}], "beats": [{"time": 0, "is_downbeat": true}, {"time": 12, "is_downbeat": true}, {"time": 36, "is_downbeat": false}, {"time": 60, "is_downbeat": false}, {"time": 84, "is_downbeat": false}, {"time": 108, "is_downbeat": true}, {"time": 132, "is_downbeat": false}, {"time": 156, "is_downbeat": false}, {"time": 180, "is_downbeat": false}, {"time": 204, "is_downbeat": true}, {"time": 228, "is_downbeat": false}, {"time": 252, "is_downbeat": false}, {"time": 276, "is_downbeat": false}, {"time": 300, "is_downbeat": true}, {"time": 324, "is_downbeat": false}, {"time": 348, "is_downbeat": false}, {"time": 372, "is_downbeat": false}]}