{"metadata": {"title": "cherokee-shuffle"}, "tracks": [{"notes": [{"pitch": 66, "duration": 12}, {"pitch": 68, "duration": 12}, {"pitch": 69, "duration": 24}, {"pitch": 69, "duration": 12}, {"pitch": 71, "duration": 12}, {"pitch": 69, "duration": 24}, {"pitch": 69, "duration": 12}, {"pitch": 71, "duration": 12}, {"pitch": 73, "duration": 12}, {"pitch": 71, "duration": 12}, {"pitch": 69, "duration": 24}, {"pitch": 66, "duration": 24}, {"pitch": 64, "duration": 12}, {"pitch": 66, "duration": 12}, {"pitch": 69, "duration": 24}, {"pitch": 69, "duration": 12}, {"pitch": 71, "duration": 12}, {"pitch": 73, "duration": 12}, {"pitch": 74, "duration": 12}, {"pitch": 76, "duration": 24}, {"pitch": 78, "duration": 12}, {"pitch": 76, "duration": 12}, {"pitch": 78, "duration": 12}, {"pitch": 80, "duration": 12}, {"pitch": 78, "duration": 24}, {"pitch": 78, "duration": 12}, {"pitch": 80, "duration": 12}, {"pitch": 81, "duration": 24}, {"pitch": 81, "duration": 12}, {"pitch": 83, "duration": 12}, {"pitch": 81, "duration": 24}, {"pitch": 81, "duration": 12}, {"pitch": 78, "duration": 12}, {"pitch": 76, "duration": 12}, {"pitch": 78, "duration": 12}, {"pitch": 76, "duration": 12}, {"pitch": 74, "duration": 12}, {"pitch": 73, "duration": 12}, {"pitch": 71, "duration": 12}, {"pitch": 69, "duration": 24}, {"pitch": 66, "duration": 12}, {"pitch": 68, "duration": 12}, {"pitch": 69, "duration": 12}, {"pitch": 73, "duration": 12}, {"pitch": 71, "duration": 12}, {"pitch": 69, "duration": 12}, {"pitch": 68, "duration": 24}, {"pitch": 69, "duration": 72}, {"pitch": 76, "duration": 24}, {"pitch": 78, "duration": 12}, {"pitch": 76, "duration": 12}, {"pitch": 78, "duration": 12}, {"pitch": 80, "duration": 12}, {"pitch": 81, "duration": 12}, {"pitch": 76, "duration": 12}, {"pitch": 78, "duration": 12}, {"pitch": 76, "duration": 12}, {"pitch": 73, "duration": 12}, {"pitch": 74, "duration": 12}, {"pitch": 76, "duration": 12}, {"pitch": 78, "duration": 12}, {"pitch": 76, "duration": 24}, {"pitch": 76, "duration": 24}, {"pitch": 78, "duration": 12}, {"pitch": 76, "duration": 12}, {"pitch": 78, "duration": 12}, {"pitch": 80, "duration": 12}, {"pitch": 81, "duration": 12}, {"pitch": 76, "duration": 12}, {"pitch": 78, "duration": 24}, {"pitch": 76, "duration": 72}, {"pitch": 76, "duration": 24}, {"pitch": 78, "duration": 12}, {"pitch": 76, "duration": 12}, {"pitch": 78, "duration": 12}, {"pitch": 80, "duration": 12}, {"pitch": 81, "duration": 12}, {"pitch": 76, "duration": 12}, {"pitch": 78, "duration": 12}, {"pitch": 76, "duration": 12}, {"pitch": 73, "duration": 12}, {"pitch": 74, "duration": 12}, {"pitch": 76, "duration": 12}, {"pitch": 78, "duration": 12}, {"pitch": 76, "duration": 24}, {"pitch": 76, "duration": 24}, {"pitch": 78, "duration": 12}, {"pitch": 76, "duration": 12}, {"pitch": 73, "duration": 12}, {"pitch": 71, "duration": 12}, {"pitch": 69, "duration": 12}, {"pitch": 71, "duration": 12}, {"pitch": 73, "duration": 12}, {"pitch": 76, "duration": 12}, {"pitch": 78, "duration": 24}, {"pitch": 78, "duration": 12}, {"pitch": 80, "duration": 12}, {"pitch": 78, "duration": 24}, {"pitch": 78, "duration": 12}, {"pitch": 80, "duration": 12}, {"pitch": 81, "duration": 12}, {"pitch": 76, "duration": 12}, {"pitch": 80, "duration": 12}, {"pitch": 78, "duration": 12}, {"pitch": 76, "duration": 12}, {"pitch": 74, "duration": 12}, {"pitch": 73, "duration": 12}, {"pitch": 71, "duration": 12}, {"pitch": 69, "duration": 24}, {"pitch": 69, "duration": 12}, {"pitch": 71, "duration": 12}, {"pitch": 69, "duration": 24}], "voicings": [{"pitches": [52, 59, 61], "duration": 24, "time": 24}, {"pitches": [52, 59, 61], "duration": 24, "time": 48}, {"pitches": [-1], "duration": 12, "time": 72}, {"pitches": [52, 59, 61], "duration": 12, "time": 84}, {"pitches": [-1], "duration": 12, "time": 96}, {"pitches": [52, 59, 61], "duration": 12, "time": 108}, {"pitches": [-1], "duration": 12, "time": 120}, {"pitches": [49, 52, 54, 59], "duration": 12, "time": 132}, {"pitches": [-1], "duration": 12, "time": 144}, {"pitches": [52, 57, 61], "duration": 60, "time": 156}, {"pitches": [49, 52, 54, 59], "duration": 36, "time": 216}, {"pitches": [49, 52, 54, 59], "duration": 12, "time": 252}, {"pitches": [-1], "duration": 36, "time": 264}, {"pitches": [49, 52, 54, 59], "duration": 12, "time": 300}, {"pitches": [49, 52, 54, 59], "duration": 12, "time": 300}, {"pitches": [-1], "duration": 12, "time": 312}, {"pitches": [52, 56, 61], "duration": 12, "time": 324}, {"pitches": [-1], "duration": 12, "time": 336}, {"pitches": [52, 56, 61], "duration": 60, "time": 348}, {"pitches": [-1], "duration": 24, "time": 408}, {"pitches": [52, 54, 57, 61], "duration": 24, "time": 432}, {"pitches": [-1], "duration": 12, "time": 456}, {"pitches": [52, 54, 57, 61], "duration": 12, "time": 468}, {"pitches": [-1], "duration": 12, "time": 480}, {"pitches": [52, 54, 57, 61], "duration": 12, "time": 492}, {"pitches": [-1], "duration": 12, "time": 504}, {"pitches": [52, 54, 59, 61], "duration": 36, "time": 516}, {"pitches": [52, 54, 59, 61], "duration": 24, "time": 552}, {"pitches": [52, 54, 59, 61], "duration": 24, "time": 576}, {"pitches": [52, 57, 61], "duration": 36, "time": 600}, {"pitches": [52, 57, 61], "duration": 12, "time": 636}, {"pitches": [-1], "duration": 36, "time": 648}, {"pitches": [56, 61, 62], "duration": 12, "time": 684}, {"pitches": [56, 61, 62], "duration": 12, "time": 684}, {"pitches": [-1], "duration": 12, "time": 696}, {"pitches": [52, 54, 59, 61], "duration": 36, "time": 708}, {"pitches": [52, 54, 59, 61], "duration": 24, "time": 744}, {"pitches": [52, 54, 59, 61], "duration": 24, "time": 768}, {"pitches": [52, 54, 57, 61], "duration": 24, "time": 792}, {"pitches": [52, 54, 57, 61], "duration": 24, "time": 816}, {"pitches": [-1], "duration": 12, "time": 840}, {"pitches": [52, 54, 57, 61], "duration": 12, "time": 852}, {"pitches": [-1], "duration": 12, "time": 864}, {"pitches": [52, 54, 57, 61], "duration": 12, "time": 876}, {"pitches": [-1], "duration": 12, "time": 888}, {"pitches": [49, 52, 54, 59], "duration": 12, "time": 900}, {"pitches": [-1], "duration": 12, "time": 912}, {"pitches": [49, 52, 54, 59], "duration": 60, "time": 924}, {"pitches": [52, 54, 57, 61], "duration": 36, "time": 984}, {"pitches": [52, 54, 57, 61], "duration": 12, "time": 1020}, {"pitches": [-1], "duration": 36, "time": 1032}, {"pitches": [49, 52, 54, 59], "duration": 12, "time": 1068}, {"pitches": [49, 52, 54, 59], "duration": 12, "time": 1068}, {"pitches": [-1], "duration": 12, "time": 1080}, {"pitches": [50, 56, 61], "duration": 36, "time": 1092}, {"pitches": [50, 56, 61], "duration": 24, "time": 1128}, {"pitches": [49, 54, 55, 59], "duration": 24, "time": 1152}, {"pitches": [52, 54, 57, 59], "duration": 36, "time": 1176}, {"pitches": [52, 54, 57, 59], "duration": 12, "time": 1212}, {"pitches": [-1], "duration": 36, "time": 1224}, {"pitches": [52, 54, 57, 59], "duration": 12, "time": 1260}, {"pitches": [52, 54, 57, 59], "duration": 12, "time": 1260}, {"pitches": [-1], "duration": 12, "time": 1272}, {"pitches": [49, 55, 59], "duration": 12, "time": 1284}, {"pitches": [-1], "duration": 12, "time": 1296}, {"pitches": [49, 55, 59], "duration": 60, "time": 1308}, {"pitches": [56, 57, 61], "duration": 24, "time": 1368}, {"pitches": [56, 57, 61], "duration": 24, "time": 1392}, {"pitches": [-1], "duration": 12, "time": 1416}, {"pitches": [56, 57, 61], "duration": 12, "time": 1428}, {"pitches": [-1], "duration": 12, "time": 1440}, {"pitches": [56, 57, 61], "duration": 12, "time": 1452}, {"pitches": [-1], "duration": 12, "time": 1464}, {"pitches": [54, 57, 59], "duration": 36, "time": 1476}, {"pitches": [54, 57, 59], "duration": 24, "time": 1512}, {"pitches": [54, 57, 59], "duration": 24, "time": 1536}, {"pitches": [52, 54, 57, 59], "duration": 24, "time": 1560}, {"pitches": [52, 54, 57, 59], "duration": 24, "time": 1584}, {"pitches": [-1], "duration": 12, "time": 1608}, {"pitches": [54, 56, 61, 62], "duration": 12, "time": 1620}, {"pitches": [-1], "duration": 12, "time": 1632}, {"pitches": [54, 56, 61, 62], "duration": 12, "time": 1644}, {"pitches": [54, 55, 59, 61], "duration": 96, "time": 1656}], "basses": [{"pitch": 45, "duration": 36}, {"pitch": 45, "duration": 12}, {"pitch": 52, "duration": 36}, {"pitch": 46, "duration": 12}, {"pitch": 45, "duration": 36}, {"pitch": 40, "duration": 12}, {"pitch": 38, "duration": 36}, {"pitch": 33, "duration": 12}, {"pitch": 33, "duration": 36}, {"pitch": 33, "duration": 12}, {"pitch": 40, "duration": 36}, {"pitch": 43, "duration": 12}, {"pitch": 42, "duration": 36}, {"pitch": 37, "duration": 12}, {"pitch": 37, "duration": 36}, {"pitch": 37, "duration": 12}, {"pitch": 38, "duration": 36}, {"pitch": 50, "duration": 12}, {"pitch": 45, "duration": 36}, {"pitch": 44, "duration": 12}, {"pitch": 33, "duration": 36}, {"pitch": 33, "duration": 12}, {"pitch": 33, "duration": 36}, {"pitch": 41, "duration": 12}, {"pitch": 42, "duration": 36}, {"pitch": 49, "duration": 12}, {"pitch": 52, "duration": 36}, {"pitch": 52, "duration": 12}, {"pitch": 45, "duration": 36}, {"pitch": 40, "duration": 12}, {"pitch": 40, "duration": 36}, {"pitch": 40, "duration": 12}, {"pitch": 50, "duration": 36}, {"pitch": 45, "duration": 12}, {"pitch": 45, "duration": 36}, {"pitch": 45, "duration": 12}, {"pitch": 45, "duration": 36}, {"pitch": 45, "duration": 12}, {"pitch": 52, "duration": 36}, {"pitch": 51, "duration": 12}, {"pitch": 50, "duration": 36}, {"pitch": 50, "duration": 12}, {"pitch": 45, "duration": 36}, {"pitch": 45, "duration": 12}, {"pitch": 52, "duration": 36}, {"pitch": 47, "duration": 12}, {"pitch": 45, "duration": 36}, {"pitch": 45, "duration": 12}, {"pitch": 50, "duration": 36}, {"pitch": 50, "duration": 12}, {"pitch": 50, "duration": 36}, {"pitch": 44, "duration": 12}, {"pitch": 33, "duration": 36}, {"pitch": 28, "duration": 12}, {"pitch": 28, "duration": 36}, {"pitch": 28, "duration": 12}, {"pitch": 30, "duration": 36}, {"pitch": 37, "duration": 12}, {"pitch": 37, "duration": 36}, {"pitch": 37, "duration": 12}, {"pitch": 38, "duration": 36}, {"pitch": 50, "duration": 12}, {"pitch": 45, "duration": 36}, {"pitch": 37, "duration": 12}, {"pitch": 26, "duration": 36}, {"pitch": 33, "duration": 12}, {"pitch": 40, "duration": 36}, {"pitch": 47, "duration": 12}, {"pitch": 45, "duration": 36}, {"pitch": 45, "duration": 12}, {"pitch": 45, "duration": 36}, {"pitch": 45, "duration": 12}]}], "time_signatures": [{"numerator": 4, "denominator": 4, "time": 0}], "chord_symbols": [[45, "major", null], [45, "major", null], [50, "major", null], [45, "major", null], [54, "minor", null], [50, "major", null], [45, "major", null], [54, "minor", null], [52, "dominant-seventh", null], [45, "major", null], [50, "major", null], [45, "major", null], [50, "major", null], [45, "major", null], [52, "major", null], [45, "dominant-seventh", null], [50, "major", null], [45, "major", null], [54, "minor", null], [50, "major", null], [50, "major", null], [52, "dominant-seventh", null], [45, "major", null]], "tempos": [{"qpm": 120, "time": 0}], "beats": [{"time": 0, "is_downbeat": true}, {"time": 24, "is_downbeat": true}, {"time": 48, "is_downbeat": false}, {"time": 72, "is_downbeat": false}, {"time": 96, "is_downbeat": false}, {"time": 120, "is_downbeat": true}, {"time": 144, "is_downbeat": false}, {"time": 168, "is_downbeat": false}, {"time": 192, "is_downbeat": false}, {"time": 216, "is_downbeat": true}, {"time": 240, "is_downbeat": false}, {"time": 264, "is_downbeat": false}, {"time": 288, "is_downbeat": false}, {"time": 312, "is_downbeat": true}, {"time": 336, "is_downbeat": false}, {"time": 360, "is_downbeat": false}, {"time": 384, "is_downbeat": false}, {"time": 408, "is_downbeat": true}, {"time": 432, "is_downbeat": false}, {"time": 456, "is_downbeat": false}, {"time": 480, "is_downbeat": false}, {"time": 504, "is_downbeat": true}, {"time": 528, "is_downbeat": false}, {"time": 552, "is_downbeat": false}, {"time": 576, "is_downbeat": false}, {"time": 600, "is_downbeat": true}, {"time": 624, "is_downbeat": false}, {"time": 648, "is_downbeat": false}, {"time": 672, "is_downbeat": false}, {"time": 696, "is_downbeat": true}, {"time": 720, "is_downbeat": false}, {"time": 744, "is_downbeat": false}, {"time": 768, "is_downbeat": true}, {"time": 792, "is_downbeat": true}, {"time": 816, "is_downbeat": false}, {"time": 840, "is_downbeat": false}, {"time": 864, "is_downbeat": false}, {"time": 888, "is_downbeat": true}, {"time": 912, "is_downbeat": false}, {"time": 936, "is_downbeat": false}, {"time": 960, "is_downbeat": false}, {"time": 984, "is_downbeat": true}, {"time": 1008, "is_downbeat": false}, {"time": 1032, "is_downbeat": false}, {"time": 1056, "is_downbeat": false}, {"time": 1080, "is_downbeat": true}, {"time": 1104, "is_downbeat": false}, {"time": 1128, "is_downbeat": false}, {"time": 1152, "is_downbeat": false}, {"time": 1176, "is_downbeat": true}, {"time": 1200, "is_downbeat": false}, {"time": 1224, "is_downbeat": false}, {"time": 1248, "is_downbeat": false}, {"time": 1272, "is_downbeat": true}, {"time": 1296, "is_downbeat": false}, {"time": 1320, "is_downbeat": false}, {"time": 1344, "is_downbeat": false}, {"time": 1368, "is_downbeat": true}, {"time": 1392, "is_downbeat": false}, {"time": 1416, "is_downbeat": false}, {"time": 1440, "is_downbeat": false}, {"time": 1464, "is_downbeat": true}, {"time": 1488, "is_downbeat": false}, {"time": 1512, "is_downbeat": false}, {"time": 1536, "is_downbeat": false}, {"time": 1560, "is_downbeat": true}, {"time": 1584, "is_downbeat": false}, {"time": 1608, "is_downbeat": false}, {"time": 1632, "is_downbeat": false}, {"time": 1656, "is_downbeat": true}, {"time": 1680, "is_downbeat": false}, {"time": 1704, "is_downbeat": false}, {"time": 1728, "is_downbeat": false}]}