{"metadata": {"title": "clear-the-way"}, "tracks": [{"notes": [{"pitch": 69, "duration": 24}, {"pitch": 68, "duration": 12}, {"pitch": 69, "duration": 24}, {"pitch": 69, "duration": 24}, {"pitch": 71, "duration": 12}, {"pitch": 73, "duration": 12}, {"pitch": 71, "duration": 12}, {"pitch": 69, "duration": 12}, {"pitch": 68, "duration": 24}, {"pitch": 64, "duration": 24}, {"pitch": -1, "duration": 12}, {"pitch": 69, "duration": 24}, {"pitch": 68, "duration": 12}, {"pitch": 69, "duration": 24}, {"pitch": 69, "duration": 24}, {"pitch": -1, "duration": 108}, {"pitch": 69, "duration": 24}, {"pitch": 68, "duration": 12}, {"pitch": 69, "duration": 24}, {"pitch": 69, "duration": 24}, {"pitch": 71, "duration": 12}, {"pitch": 73, "duration": 12}, {"pitch": 71, "duration": 12}, {"pitch": 69, "duration": 12}, {"pitch": 68, "duration": 24}, {"pitch": 64, "duration": 24}, {"pitch": 76, "duration": 12}, {"pitch": 78, "duration": 12}, {"pitch": 76, "duration": 12}, {"pitch": 74, "duration": 12}, {"pitch": 73, "duration": 12}, {"pitch": 71, "duration": 12}, {"pitch": 69, "duration": 12}, {"pitch": 68, "duration": 12}, {"pitch": 66, "duration": 12}, {"pitch": 64, "duration": 12}, {"pitch": 66, "duration": 12}, {"pitch": 68, "duration": 12}, {"pitch": 69, "duration": 48}, {"pitch": -1, "duration": 36}, {"pitch": 72, "duration": 12}, {"pitch": -1, "duration": 84}, {"pitch": 71, "duration": 12}, {"pitch": -1, "duration": 84}, {"pitch": 72, "duration": 12}, {"pitch": -1, "duration": 180}, {"pitch": 72, "duration": 12}, {"pitch": -1, "duration": 84}, {"pitch": 71, "duration": 12}, {"pitch": -1, "duration": 48}, {"pitch": 76, "duration": 12}, {"pitch": 78, "duration": 12}, {"pitch": 76, "duration": 12}, {"pitch": 74, "duration": 12}, {"pitch": 73, "duration": 12}, {"pitch": 71, "duration": 12}, {"pitch": 69, "duration": 12}, {"pitch": 68, "duration": 12}, {"pitch": 66, "duration": 12}, {"pitch": 64, "duration": 12}, {"pitch": 66, "duration": 12}, {"pitch": 68, "duration": 12}, {"pitch": 69, "duration": 48}, {"pitch": 76, "duration": 12}, {"pitch": 78, "duration": 12}, {"pitch": 76, "duration": 12}, {"pitch": 74, "duration": 12}, {"pitch": 73, "duration": 12}, {"pitch": 71, "duration": 12}, {"pitch": 69, "duration": 12}, {"pitch": 68, "duration": 12}, {"pitch": 66, "duration": 12}, {"pitch": 68, "duration": 36}, {"pitch": 69, "duration": 24}], "voicings": [{"pitches": [52, 54, 59, 61], "duration": 24, "time": 12}, {"pitches": [52, 54, 59, 61], "duration": 24, "time": 36}, {"pitches": [-1], "duration": 12, "time": 60}, {"pitches": [52, 54, 59, 61], "duration": 12, "time": 72}, {"pitches": [-1], "duration": 12, "time": 84}, {"pitches": [52, 54, 59, 61], "duration": 12, "time": 96}, {"pitches": [-1], "duration": 12, "time": 108}, {"pitches": [50, 54, 57, 61], "duration": 36, "time": 120}, {"pitches": [54, 56, 61, 62], "duration": 24, "time": 156}, {"pitches": [54, 56, 61, 62], "duration": 24, "time": 180}, {"pitches": [-1], "duration": 24, "time": 204}, {"pitches": [49, 52, 54], "duration": 24, "time": 228}, {"pitches": [-1], "duration": 12, "time": 252}, {"pitches": [49, 52, 54], "duration": 12, "time": 264}, {"pitches": [-1], "duration": 12, "time": 276}, {"pitches": [49, 52, 54], "duration": 12, "time": 288}, {"pitches": [-1], "duration": 12, "time": 300}, {"pitches": [88], "duration": 36, "time": 312}, {"pitches": [88], "duration": 24, "time": 348}, {"pitches": [88], "duration": 24, "time": 372}, {"pitches": [54, 59, 61, 64], "duration": 24, "time": 396}, {"pitches": [54, 59, 61, 64], "duration": 24, "time": 420}, {"pitches": [-1], "duration": 12, "time": 444}, {"pitches": [54, 59, 61, 64], "duration": 12, "time": 456}, {"pitches": [-1], "duration": 12, "time": 468}, {"pitches": [54, 59, 61, 64], "duration": 12, "time": 480}, {"pitches": [-1], "duration": 12, "time": 492}, {"pitches": [50, 54, 57, 61], "duration": 12, "time": 504}, {"pitches": [-1], "duration": 12, "time": 516}, {"pitches": [56, 61, 62], "duration": 60, "time": 528}, {"pitches": [-1], "duration": 24, "time": 588}, {"pitches": [52, 54, 59, 61], "duration": 24, "time": 612}, {"pitches": [-1], "duration": 12, "time": 636}, {"pitches": [54, 57, 62], "duration": 12, "time": 648}, {"pitches": [-1], "duration": 12, "time": 660}, {"pitches": [54, 57, 62], "duration": 12, "time": 672}, {"pitches": [-1], "duration": 12, "time": 684}, {"pitches": [54, 56, 61, 62], "duration": 36, "time": 696}, {"pitches": [52, 54, 59, 61], "duration": 24, "time": 732}, {"pitches": [52, 54, 59, 61], "duration": 24, "time": 756}, {"pitches": [-1], "duration": 24, "time": 780}, {"pitches": [93], "duration": 24, "time": 804}, {"pitches": [-1], "duration": 12, "time": 828}, {"pitches": [93], "duration": 12, "time": 840}, {"pitches": [-1], "duration": 12, "time": 852}, {"pitches": [93], "duration": 12, "time": 864}, {"pitches": [-1], "duration": 12, "time": 876}, {"pitches": [93], "duration": 12, "time": 888}, {"pitches": [-1], "duration": 12, "time": 900}, {"pitches": [93], "duration": 60, "time": 912}, {"pitches": [93], "duration": 24, "time": 972}, {"pitches": [93], "duration": 24, "time": 996}, {"pitches": [-1], "duration": 12, "time": 1020}, {"pitches": [], "duration": 12, "time": 1032}, {"pitches": [-1], "duration": 12, "time": 1044}, {"pitches": [93], "duration": 12, "time": 1056}, {"pitches": [-1], "duration": 12, "time": 1068}, {"pitches": [88], "duration": 36, "time": 1080}, {"pitches": [88], "duration": 24, "time": 1116}, {"pitches": [88], "duration": 24, "time": 1140}, {"pitches": [93], "duration": 36, "time": 1164}, {"pitches": [93], "duration": 12, "time": 1200}, {"pitches": [-1], "duration": 36, "time": 1212}, {"pitches": [93], "duration": 12, "time": 1248}, {"pitches": [93], "duration": 12, "time": 1248}, {"pitches": [-1], "duration": 12, "time": 1260}, {"pitches": [93], "duration": 12, "time": 1272}, {"pitches": [-1], "duration": 12, "time": 1284}, {"pitches": [93], "duration": 60, "time": 1296}, {"pitches": [54, 59, 61, 64], "duration": 24, "time": 1356}, {"pitches": [54, 59, 61, 64], "duration": 24, "time": 1380}, {"pitches": [-1], "duration": 12, "time": 1404}, {"pitches": [50, 54, 57, 61], "duration": 12, "time": 1416}, {"pitches": [-1], "duration": 12, "time": 1428}, {"pitches": [50, 54, 57, 61], "duration": 12, "time": 1440}, {"pitches": [-1], "duration": 12, "time": 1452}, {"pitches": [54, 56, 61, 62], "duration": 36, "time": 1464}, {"pitches": [49, 52, 59], "duration": 24, "time": 1500}, {"pitches": [49, 52, 59], "duration": 24, "time": 1524}, {"pitches": [52, 54, 59, 61], "duration": 36, "time": 1548}, {"pitches": [52, 54, 59, 61], "duration": 12, "time": 1584}, {"pitches": [-1], "duration": 36, "time": 1596}, {"pitches": [50, 54, 57], "duration": 12, "time": 1632}, {"pitches": [50, 54, 57], "duration": 12, "time": 1632}, {"pitches": [52, 54, 59], "duration": 96, "time": 1644}], "basses": [{"pitch": 45, "duration": 36}, {"pitch": 45, "duration": 12}, {"pitch": 52, "duration": 36}, {"pitch": 48, "duration": 12}, {"pitch": 47, "duration": 36}, {"pitch": 42, "duration": 12}, {"pitch": 40, "duration": 36}, {"pitch": 35, "duration": 12}, {"pitch": 33, "duration": 36}, {"pitch": 28, "duration": 12}, {"pitch": 28, "duration": 36}, {"pitch": 28, "duration": 12}, {"pitch": 37, "duration": 36}, {"pitch": 44, "duration": 12}, {"pitch": 47, "duration": 36}, {"pitch": 42, "duration": 12}, {"pitch": 33, "duration": 36}, {"pitch": 33, "duration": 12}, {"pitch": 33, "duration": 36}, {"pitch": 34, "duration": 12}, {"pitch": 35, "duration": 36}, {"pitch": 42, "duration": 12}, {"pitch": 52, "duration": 36}, {"pitch": 47, "duration": 12}, {"pitch": 45, "duration": 36}, {"pitch": 40, "duration": 12}, {"pitch": 35, "duration": 36}, {"pitch": 30, "duration": 12}, {"pitch": 28, "duration": 36}, {"pitch": 35, "duration": 12}, {"pitch": 45, "duration": 36}, {"pitch": 52, "duration": 12}, {"pitch": 49, "duration": 36}, {"pitch": 49, "duration": 12}, {"pitch": 49, "duration": 36}, {"pitch": 49, "duration": 12}, {"pitch": 48, "duration": 36}, {"pitch": 48, "duration": 12}, {"pitch": 49, "duration": 36}, {"pitch": 45, "duration": 12}, {"pitch": 37, "duration": 36}, {"pitch": 37, "duration": 12}, {"pitch": 49, "duration": 36}, {"pitch": 49, "duration": 12}, {"pitch": 49, "duration": 36}, {"pitch": 49, "duration": 12}, {"pitch": 47, "duration": 36}, {"pitch": 47, "duration": 12}, {"pitch": 49, "duration": 36}, {"pitch": 49, "duration": 12}, {"pitch": 49, "duration": 36}, {"pitch": 49, "duration": 12}, {"pitch": 48, "duration": 36}, {"pitch": 48, "duration": 12}, {"pitch": 49, "duration": 36}, {"pitch": 45, "duration": 12}, {"pitch": 45, "duration": 36}, {"pitch": 45, "duration": 12}, {"pitch": 47, "duration": 36}, {"pitch": 47, "duration": 12}, {"pitch": 52, "duration": 36}, {"pitch": 47, "duration": 12}, {"pitch": 45, "duration": 36}, {"pitch": 40, "duration": 12}, {"pitch": 33, "duration": 36}, {"pitch": 28, "duration": 12}, {"pitch": 35, "duration": 36}, {"pitch": 42, "duration": 12}, {"pitch": 52, "duration": 36}, {"pitch": 47, "duration": 12}, {"pitch": 45, "duration": 36}, {"pitch": 45, "duration": 12}]}], "time_signatures": [{"numerator": 4, "denominator": 4, "time": 0}], "chord_symbols": [[45, "major", null], [47, "minor", null], [52, "major", null], [45, "major", null], [47, "minor", null], [73, "minor-third-interval", null], [52, "major", null], [71, "fourth-interval", null], [45, "major", null], [47, "minor", null], [52, "major", null], [45, "major", null], [47, "minor", null], [52, "major", null], [45, "major", null], [45, "major", null], [73, "augmented-fifth-interval", null], [73, "augmented-fifth-interval", null], [73, "augmented-fifth-interval", null], [50, "major", null], [72, "sixth-interval", null], [72, "sixth-interval", null], [73, "augmented-fifth-interval", null], [45, "major", null], [73, "augmented-fifth-interval", null], [73, "augmented-fifth-interval", null], [73, "augmented-fifth-interval", null], [73, "augmented-fifth-interval", null], [47, "minor", null], [73, "minor-third-interval", null], [52, "major", null], [71, "fourth-interval", null], [45, "major", null], [73, "augmented-fifth-interval", null], [73, "augmented-fifth-interval", null], [73, "augmented-fifth-interval", null], [50, "major", null], [72, "sixth-interval", null], [72, "sixth-interval", null], [73, "augmented-fifth-interval", null], [45, "major", null], [47, "minor", null], [52, "major", null], [45, "major", null], [45, "major", null], [47, "minor", null], [52, "major", null], [45, "major", null]], "tempos": [{"qpm": 120, "time": 0}], "beats": [{"time": 0, "is_downbeat": true}, {"time": 12, "is_downbeat": true}, {"time": 36, "is_downbeat": false}, {"time": 60, "is_downbeat": false}, {"time": 84, "is_downbeat": false}, {"time": 108, "is_downbeat": true}, {"time": 132, "is_downbeat": false}, {"time": 156, "is_downbeat": false}, {"time": 180, "is_downbeat": false}, {"time": 204, "is_downbeat": true}, {"time": 228, "is_downbeat": false}, {"time": 252, "is_downbeat": false}, {"time": 276, "is_downbeat": false}, {"time": 300, "is_downbeat": true}, {"time": 324, "is_downbeat": false}, {"time": 348, "is_downbeat": false}, {"time": 372, "is_downbeat": false}, {"time": 396, "is_downbeat": true}, {"time": 420, "is_downbeat": false}, {"time": 444, "is_downbeat": false}, {"time": 468, "is_downbeat": false}, {"time": 492, "is_downbeat": true}, {"time": 516, "is_downbeat": false}, {"time": 540, "is_downbeat": false}, {"time": 564, "is_downbeat": false}, {"time": 588, "is_downbeat": true}, {"time": 612, "is_downbeat": false}, {"time": 636, "is_downbeat": false}, {"time": 660, "is_downbeat": false}, {"time": 684, "is_downbeat": true}, {"time": 708, "is_downbeat": false}, {"time": 732, "is_downbeat": false}, {"time": 756, "is_downbeat": false}, {"time": 780, "is_downbeat": true}, {"time": 804, "is_downbeat": false}, {"time": 828, "is_downbeat": false}, {"time": 852, "is_downbeat": false}, {"time": 876, "is_downbeat": true}, {"time": 900, "is_downbeat": false}, {"time": 924, "is_downbeat": false}, {"time": 948, "is_downbeat": false}, {"time": 972, "is_downbeat": true}, {"time": 996, "is_downbeat": false}, {"time": 1020, "is_downbeat": false}, {"time": 1044, "is_downbeat": false}, {"time": 1068, "is_downbeat": true}, {"time": 1092, "is_downbeat": false}, {"time": 1116, "is_downbeat": false}, {"time": 1140, "is_downbeat": false}, {"time": 1164, "is_downbeat": true}, {"time": 1188, "is_downbeat": false}, {"time": 1212, "is_downbeat": false}, {"time": 1236, "is_downbeat": false}, {"time": 1260, "is_downbeat": true}, {"time": 1284, "is_downbeat": false}, {"time": 1308, "is_downbeat": false}, {"time": 1332, "is_downbeat": false}, {"time": 1356, "is_downbeat": true}, {"time": 1380, "is_downbeat": false}, {"time": 1404, "is_downbeat": false}, {"time": 1428, "is_downbeat": false}, {"time": 1452, "is_downbeat": true}, {"time": 1476, "is_downbeat": false}, {"time": 1500, "is_downbeat": false}, {"time": 1524, "is_downbeat": false}, {"time": 1548, "is_downbeat": true}, {"time": 1572, "is_downbeat": false}, {"time": 1596, "is_downbeat": false}, {"time": 1620, "is_downbeat": false}, {"time": 1644, "is_downbeat": true}, {"time": 1668, "is_downbeat": false}, {"time": 1692, "is_downbeat": false}, {"time": 1716, "is_downbeat": false}]}