{"metadata": {"title": "she-ll-be-coming-round-the-mountain"}, "tracks": [{"notes": [{"pitch": 69, "duration": 24}, {"pitch": 71, "duration": 24}, {"pitch": 74, "duration": 24}, {"pitch": 74, "duration": 12}, {"pitch": 74, "duration": 24}, {"pitch": 74, "duration": 24}, {"pitch": 71, "duration": 24}, {"pitch": 69, "duration": 24}, {"pitch": 66, "duration": 24}, {"pitch": 69, "duration": 24}, {"pitch": 74, "duration": 144}, {"pitch": 74, "duration": 36}, {"pitch": 76, "duration": 24}, {"pitch": 78, "duration": 24}, {"pitch": 78, "duration": 24}, {"pitch": 78, "duration": 24}, {"pitch": 78, "duration": 24}, {"pitch": 81, "duration": 24}, {"pitch": 81, "duration": 24}, {"pitch": 81, "duration": 24}, {"pitch": 78, "duration": 24}, {"pitch": 76, "duration": 144}, {"pitch": 81, "duration": 24}, {"pitch": 79, "duration": 24}, {"pitch": 78, "duration": 48}, {"pitch": 78, "duration": 48}, {"pitch": 76, "duration": 24}, {"pitch": 74, "duration": 72}, {"pitch": 74, "duration": 48}, {"pitch": 74, "duration": 48}, {"pitch": 79, "duration": 24}, {"pitch": 79, "duration": 48}, {"pitch": 79, "duration": 24}, {"pitch": 78, "duration": 48}, {"pitch": 78, "duration": 48}, {"pitch": 76, "duration": 24}, {"pitch": 76, "duration": 24}, {"pitch": 76, "duration": 24}, {"pitch": 76, "duration": 24}, {"pitch": 74, "duration": 144}], "voicings": [{"pitches": [52, 54, 57, 61], "duration": 36, "time": 48}, {"pitches": [52, 54, 57, 61], "duration": 12, "time": 84}, {"pitches": [-1], "duration": 36, "time": 96}, {"pitches": [52, 54, 57, 61], "duration": 12, "time": 132}, {"pitches": [52, 54, 57, 61], "duration": 12, "time": 132}, {"pitches": [-1], "duration": 12, "time": 144}, {"pitches": [52, 54, 57, 61], "duration": 12, "time": 156}, {"pitches": [-1], "duration": 12, "time": 168}, {"pitches": [52, 54, 57, 61], "duration": 60, "time": 180}, {"pitches": [52, 54, 57, 61], "duration": 24, "time": 240}, {"pitches": [52, 54, 57, 61], "duration": 24, "time": 264}, {"pitches": [-1], "duration": 12, "time": 288}, {"pitches": [52, 54, 57, 61], "duration": 12, "time": 300}, {"pitches": [-1], "duration": 12, "time": 312}, {"pitches": [52, 54, 57, 61], "duration": 12, "time": 324}, {"pitches": [-1], "duration": 12, "time": 336}, {"pitches": [52, 54, 57, 61], "duration": 36, "time": 348}, {"pitches": [52, 54, 57, 61], "duration": 24, "time": 384}, {"pitches": [52, 54, 57, 61], "duration": 24, "time": 408}, {"pitches": [52, 54, 57, 61], "duration": 36, "time": 432}, {"pitches": [52, 54, 57, 61], "duration": 12, "time": 468}, {"pitches": [-1], "duration": 36, "time": 480}, {"pitches": [52, 54, 57, 61], "duration": 12, "time": 516}, {"pitches": [52, 54, 57, 61], "duration": 12, "time": 516}, {"pitches": [-1], "duration": 12, "time": 528}, {"pitches": [52, 54, 57], "duration": 12, "time": 540}, {"pitches": [-1], "duration": 12, "time": 552}, {"pitches": [52, 54, 57], "duration": 60, "time": 564}, {"pitches": [54, 61, 62], "duration": 24, "time": 624}, {"pitches": [54, 61, 62], "duration": 24, "time": 648}, {"pitches": [-1], "duration": 12, "time": 672}, {"pitches": [54, 61, 62], "duration": 12, "time": 684}, {"pitches": [-1], "duration": 12, "time": 696}, {"pitches": [54, 61, 62], "duration": 12, "time": 708}, {"pitches": [-1], "duration": 12, "time": 720}, {"pitches": [54, 55, 59], "duration": 36, "time": 732}, {"pitches": [54, 55, 59], "duration": 24, "time": 768}, {"pitches": [54, 55, 59], "duration": 24, "time": 792}, {"pitches": [-1], "duration": 24, "time": 816}, {"pitches": [52, 57, 59], "duration": 24, "time": 840}, {"pitches": [-1], "duration": 12, "time": 864}, {"pitches": [52, 57, 59], "duration": 12, "time": 876}, {"pitches": [-1], "duration": 12, "time": 888}, {"pitches": [52, 57, 59], "duration": 12, "time": 900}, {"pitches": [-1], "duration": 12, "time": 912}, {"pitches": [52, 54, 59, 60], "duration": 12, "time": 924}, {"pitches": [-1], "duration": 12, "time": 936}, {"pitches": [52, 54, 59, 60], "duration": 60, "time": 948}, {"pitches": [52, 57, 59, 62], "duration": 24, "time": 1008}, {"pitches": [52, 57, 59, 62], "duration": 24, "time": 1032}, {"pitches": [-1], "duration": 12, "time": 1056}, {"pitches": [52, 57, 59, 62], "duration": 12, "time": 1068}, {"pitches": [-1], "duration": 12, "time": 1080}, {"pitches": [52, 57, 59, 62], "duration": 12, "time": 1092}, {"pitches": [-1], "duration": 12, "time": 1104}, {"pitches": [54, 57, 58, 62], "duration": 36, "time": 1116}, {"pitches": [54, 57, 58, 62], "duration": 24, "time": 1152}, {"pitches": [54, 57, 58, 62], "duration": 24, "time": 1176}, {"pitches": [52, 54, 59], "duration": 24, "time": 1200}, {"pitches": [52, 54, 59], "duration": 24, "time": 1224}, {"pitches": [-1], "duration": 12, "time": 1248}, {"pitches": [52, 54, 59], "duration": 12, "time": 1260}, {"pitches": [-1], "duration": 12, "time": 1272}, {"pitches": [52, 54, 59], "duration": 12, "time": 1284}, {"pitches": [-1], "duration": 12, "time": 1296}, {"pitches": [54, 56, 61, 62], "duration": 36, "time": 1308}, {"pitches": [54, 55, 59, 61], "duration": 24, "time": 1344}, {"pitches": [54, 55, 59, 61], "duration": 24, "time": 1368}, {"pitches": [-1], "duration": 24, "time": 1392}, {"pitches": [52, 54, 57, 59], "duration": 24, "time": 1416}, {"pitches": [-1], "duration": 12, "time": 1440}, {"pitches": [52, 54, 57, 59], "duration": 12, "time": 1452}, {"pitches": [-1], "duration": 12, "time": 1464}, {"pitches": [52, 54, 57, 59], "duration": 12, "time": 1476}], "basses": [{"pitch": 50, "duration": 36}, {"pitch": 50, "duration": 12}, {"pitch": 45, "duration": 36}, {"pitch": 39, "duration": 12}, {"pitch": 38, "duration": 36}, {"pitch": 33, "duration": 12}, {"pitch": 33, "duration": 36}, {"pitch": 33, "duration": 12}, {"pitch": 38, "duration": 36}, {"pitch": 50, "duration": 12}, {"pitch": 45, "duration": 36}, {"pitch": 39, "duration": 12}, {"pitch": 38, "duration": 36}, {"pitch": 33, "duration": 12}, {"pitch": 33, "duration": 36}, {"pitch": 33, "duration": 12}, {"pitch": 38, "duration": 36}, {"pitch": 45, "duration": 12}, {"pitch": 45, "duration": 36}, {"pitch": 45, "duration": 12}, {"pitch": 50, "duration": 36}, {"pitch": 45, "duration": 12}, {"pitch": 45, "duration": 36}, {"pitch": 45, "duration": 12}, {"pitch": 52, "duration": 36}, {"pitch": 47, "duration": 12}, {"pitch": 47, "duration": 36}, {"pitch": 47, "duration": 12}, {"pitch": 45, "duration": 36}, {"pitch": 40, "duration": 12}, {"pitch": 40, "duration": 36}, {"pitch": 40, "duration": 12}, {"pitch": 50, "duration": 36}, {"pitch": 45, "duration": 12}, {"pitch": 45, "duration": 36}, {"pitch": 45, "duration": 12}, {"pitch": 50, "duration": 36}, {"pitch": 45, "duration": 12}, {"pitch": 45, "duration": 36}, {"pitch": 45, "duration": 12}, {"pitch": 43, "duration": 36}, {"pitch": 38, "duration": 12}, {"pitch": 38, "duration": 36}, {"pitch": 38, "duration": 12}, {"pitch": 43, "duration": 36}, {"pitch": 50, "duration": 12}, {"pitch": 50, "duration": 36}, {"pitch": 50, "duration": 12}, {"pitch": 50, "duration": 36}, {"pitch": 50, "duration": 12}, {"pitch": 45, "duration": 36}, {"pitch": 39, "duration": 12}, {"pitch": 28, "duration": 36}, {"pitch": 35, "duration": 12}, {"pitch": 45, "duration": 36}, {"pitch": 52, "duration": 12}, {"pitch": 50, "duration": 36}, {"pitch": 45, "duration": 12}, {"pitch": 45, "duration": 36}, {"pitch": 45, "duration": 12}, {"pitch": 50, "duration": 36}, {"pitch": 50, "duration": 12}]}], "time_signatures": [{"numerator": 4, "denominator": 4, "time": 0}], "chord_symbols": [[50, "major", null], [50, "major", null], [50, "major", null], [50, "major", null], [50, "major", null], [50, "major", null], [52, "dominant-seventh", null], [45, "dominant-seventh", null], [50, "major", null], [50, "dominant-seventh", null], [55, "major", null], [55, "minor", null], [50, "major", null], [52, "dominant-seventh", null], [45, "dominant-seventh", null], [50, "major", null], [50, "major", null]], "tempos": [{"qpm": 120, "time": 0}], "beats": [{"time": 0, "is_downbeat": true}, {"time": 24, "is_downbeat": false}, {"time": 48, "is_downbeat": true}, {"time": 72, "is_downbeat": false}, {"time": 96, "is_downbeat": false}, {"time": 120, "is_downbeat": false}, {"time": 144, "is_downbeat": true}, {"time": 168, "is_downbeat": false}, {"time": 192, "is_downbeat": false}, {"time": 216, "is_downbeat": false}, {"time": 240, "is_downbeat": true}, {"time": 264, "is_downbeat": false}, {"time": 288, "is_downbeat": false}, {"time": 312, "is_downbeat": false}, {"time": 336, "is_downbeat": true}, {"time": 360, "is_downbeat": false}, {"time": 384, "is_downbeat": false}, {"time": 408, "is_downbeat": false}, {"time": 432, "is_downbeat": true}, {"time": 456, "is_downbeat": false}, {"time": 480, "is_downbeat": false}, {"time": 504, "is_downbeat": false}, {"time": 528, "is_downbeat": true}, {"time": 552, "is_downbeat": false}, {"time": 576, "is_downbeat": false}, {"time": 600, "is_downbeat": false}, {"time": 624, "is_downbeat": true}, {"time": 648, "is_downbeat": false}, {"time": 672, "is_downbeat": false}, {"time": 696, "is_downbeat": false}, {"time": 720, "is_downbeat": true}, {"time": 744, "is_downbeat": false}, {"time": 768, "is_downbeat": false}, {"time": 792, "is_downbeat": false}, {"time": 816, "is_downbeat": true}, {"time": 840, "is_downbeat": false}, {"time": 864, "is_downbeat": false}, {"time": 888, "is_downbeat": false}, {"time": 912, "is_downbeat": true}, {"time": 936, "is_downbeat": false}, {"time": 960, "is_downbeat": false}, {"time": 984, "is_downbeat": false}, {"time": 1008, "is_downbeat": true}, {"time": 1032, "is_downbeat": false}, {"time": 1056, "is_downbeat": false}, {"time": 1080, "is_downbeat": false}, {"time": 1104, "is_downbeat": true}, {"time": 1128, "is_downbeat": false}, {"time": 1152, "is_downbeat": false}, {"time": 1176, "is_downbeat": false}, {"time": 1200, "is_downbeat": true}, {"time": 1224, "is_downbeat": false}, {"time": 1248, "is_downbeat": false}, {"time": 1272, "is_downbeat": false}, {"time": 1296, "is_downbeat": true}, {"time": 1320, "is_downbeat": false}, {"time": 1344, "is_downbeat": false}, {"time": 1368, "is_downbeat": false}, {"time": 1392, "is_downbeat": true}, {"time": 1416, "is_downbeat": false}, {"time": 1440, "is_downbeat": false}, {"time": 1464, "is_downbeat": false}, {"time": 1488, "is_downbeat": true}, {"time": 1512, "is_downbeat": false}, {"time": 1536, "is_downbeat": false}, {"time": 1560, "is_downbeat": false}]}