{"metadata": {"title": "east-dene"}, "tracks": [{"notes": [{"pitch": 62, "duration": 12}, {"pitch": 65, "duration": 12}, {"pitch": 65, "duration": 12}, {"pitch": 70, "duration": 12}, {"pitch": 70, "duration": 12}, {"pitch": 69, "duration": 12}, {"pitch": 70, "duration": 12}, {"pitch": 72, "duration": 12}, {"pitch": 74, "duration": 24}, {"pitch": 70, "duration": 24}, {"pitch": 70, "duration": 12}, {"pitch": 72, "duration": 12}, {"pitch": 70, "duration": 12}, {"pitch": 69, "duration": 12}, {"pitch": 67, "duration": 12}, {"pitch": 69, "duration": 12}, {"pitch": 70, "duration": 12}, {"pitch": 71, "duration": 12}, {"pitch": 72, "duration": 12}, {"pitch": 74, "duration": 12}, {"pitch": 72, "duration": 12}, {"pitch": 70, "duration": 12}, {"pitch": 69, "duration": 12}, {"pitch": 70, "duration": 12}, {"pitch": 67, "duration": 12}, {"pitch": 69, "duration": 12}, {"pitch": 65, "duration": 12}, {"pitch": 67, "duration": 12}, {"pitch": 65, "duration": 12}, {"pitch": 63, "duration": 12}, {"pitch": 62, "duration": 12}, {"pitch": 65, "duration": 12}, {"pitch": 65, "duration": 12}, {"pitch": 70, "duration": 12}, {"pitch": 70, "duration": 12}, {"pitch": 69, "duration": 12}, {"pitch": 70, "duration": 12}, {"pitch": 72, "duration": 12}, {"pitch": 74, "duration": 24}, {"pitch": 70, "duration": 24}, {"pitch": 70, "duration": 12}, {"pitch": 72, "duration": 12}, {"pitch": 70, "duration": 12}, {"pitch": 69, "duration": 12}, {"pitch": 67, "duration": 12}, {"pitch": 69, "duration": 12}, {"pitch": 70, "duration": 12}, {"pitch": 67, "duration": 12}, {"pitch": 69, "duration": 12}, {"pitch": 70, "duration": 12}, {"pitch": 72, "duration": 12}, {"pitch": 69, "duration": 12}, {"pitch": 70, "duration": 24}, {"pitch": 74, "duration": 24}, {"pitch": 70, "duration": 24}, {"pitch": -1, "duration": 24}, {"pitch": 70, "duration": 24}, {"pitch": 74, "duration": 24}, {"pitch": 70, "duration": 24}, {"pitch": 73, "duration": 24}, {"pitch": 74, "duration": 12}, {"pitch": 73, "duration": 12}, {"pitch": 72, "duration": 12}, {"pitch": 71, "duration": 12}, {"pitch": 70, "duration": 12}, {"pitch": 69, "duration": 12}, {"pitch": 67, "duration": 12}, {"pitch": 65, "duration": 12}, {"pitch": 67, "duration": 12}, {"pitch": 65, "duration": 12}, {"pitch": 67, "duration": 12}, {"pitch": 70, "duration": 12}, {"pitch": 65, "duration": 48}, {"pitch": 63, "duration": 12}, {"pitch": 65, "duration": 12}, {"pitch": 67, "duration": 12}, {"pitch": 63, "duration": 12}, {"pitch": 62, "duration": 12}, {"pitch": 63, "duration": 12}, {"pitch": 65, "duration": 12}, {"pitch": 62, "duration": 12}, {"pitch": 60, "duration": 60}, {"pitch": 70, "duration": 12}, {"pitch": 72, "duration": 12}, {"pitch": 73, "duration": 12}, {"pitch": 74, "duration": 12}, {"pitch": 73, "duration": 12}, {"pitch": 72, "duration": 12}, {"pitch": 71, "duration": 12}, {"pitch": 70, "duration": 12}, {"pitch": 69, "duration": 12}, {"pitch": 67, "duration": 12}, {"pitch": 65, "duration": 12}, {"pitch": 67, "duration": 12}, {"pitch": 65, "duration": 12}, {"pitch": 67, "duration": 12}, {"pitch": 70, "duration": 12}, {"pitch": 65, "duration": 48}, {"pitch": 67, "duration": 12}, {"pitch": 69, "duration": 12}, {"pitch": 70, "duration": 12}, {"pitch": 67, "duration": 12}, {"pitch": 69, "duration": 12}, {"pitch": 70, "duration": 12}, {"pitch": 72, "duration": 12}, {"pitch": 69, "duration": 12}, {"pitch": 70, "duration": 24}, {"pitch": 74, "duration": 24}, {"pitch": 70, "duration": 24}, {"pitch": 73, "duration": 24}, {"pitch": 74, "duration": 12}, {"pitch": 73, "duration": 12}, {"pitch": 72, "duration": 12}, {"pitch": 71, "duration": 12}, {"pitch": 70, "duration": 12}, {"pitch": 69, "duration": 12}, {"pitch": 67, "duration": 12}, {"pitch": 65, "duration": 12}, {"pitch": 67, "duration": 12}, {"pitch": 65, "duration": 12}, {"pitch": 67, "duration": 12}, {"pitch": 70, "duration": 12}, {"pitch": 65, "duration": 48}, {"pitch": 67, "duration": 12}, {"pitch": 69, "duration": 12}, {"pitch": 70, "duration": 12}, {"pitch": 71, "duration": 12}, {"pitch": 72, "duration": 12}, {"pitch": 74, "duration": 12}, {"pitch": 72, "duration": 12}, {"pitch": 70, "duration": 12}, {"pitch": 69, "duration": 12}, {"pitch": 70, "duration": 12}, {"pitch": 67, "duration": 12}, {"pitch": 69, "duration": 12}, {"pitch": 65, "duration": 12}, {"pitch": 67, "duration": 12}, {"pitch": 65, "duration": 12}, {"pitch": 63, "duration": 12}, {"pitch": 62, "duration": 12}, {"pitch": 65, "duration": 12}, {"pitch": 65, "duration": 12}, {"pitch": 70, "duration": 12}, {"pitch": 70, "duration": 12}, {"pitch": 69, "duration": 12}, {"pitch": 70, "duration": 12}, {"pitch": 72, "duration": 12}, {"pitch": 74, "duration": 24}, {"pitch": 70, "duration": 24}, {"pitch": 70, "duration": 12}, {"pitch": 72, "duration": 12}, {"pitch": 70, "duration": 12}, {"pitch": 69, "duration": 12}, {"pitch": 67, "duration": 12}, {"pitch": 69, "duration": 12}, {"pitch": 70, "duration": 12}, {"pitch": 67, "duration": 12}, {"pitch": 69, "duration": 12}, {"pitch": 70, "duration": 12}, {"pitch": 72, "duration": 12}, {"pitch": 69, "duration": 12}, {"pitch": 70, "duration": 24}, {"pitch": 74, "duration": 24}, {"pitch": 70, "duration": 24}], "voicings": [{"pitches": [53, 55, 62], "duration": 36, "time": 0}, {"pitches": [53, 55, 62], "duration": 12, "time": 36}, {"pitches": [-1], "duration": 36, "time": 48}, {"pitches": [53, 55, 62], "duration": 12, "time": 84}, {"pitches": [53, 55, 62], "duration": 12, "time": 84}, {"pitches": [-1], "duration": 12, "time": 96}, {"pitches": [53, 55, 62], "duration": 12, "time": 108}, {"pitches": [-1], "duration": 12, "time": 120}, {"pitches": [53, 55, 62], "duration": 60, "time": 132}, {"pitches": [53, 55, 58, 62], "duration": 24, "time": 192}, {"pitches": [53, 55, 58, 62], "duration": 24, "time": 216}, {"pitches": [-1], "duration": 12, "time": 240}, {"pitches": [53, 55, 58, 62], "duration": 12, "time": 252}, {"pitches": [-1], "duration": 12, "time": 264}, {"pitches": [53, 55, 58, 62], "duration": 12, "time": 276}, {"pitches": [-1], "duration": 12, "time": 288}, {"pitches": [52, 57, 62], "duration": 12, "time": 300}, {"pitches": [-1], "duration": 12, "time": 312}, {"pitches": [50, 51, 55], "duration": 60, "time": 324}, {"pitches": [53, 55, 62], "duration": 24, "time": 384}, {"pitches": [53, 55, 62], "duration": 24, "time": 408}, {"pitches": [-1], "duration": 12, "time": 432}, {"pitches": [53, 55, 62], "duration": 12, "time": 444}, {"pitches": [-1], "duration": 12, "time": 456}, {"pitches": [53, 55, 62], "duration": 12, "time": 468}, {"pitches": [-1], "duration": 12, "time": 480}, {"pitches": [53, 55, 62], "duration": 12, "time": 492}, {"pitches": [-1], "duration": 12, "time": 504}, {"pitches": [53, 55, 62], "duration": 60, "time": 516}, {"pitches": [-1], "duration": 24, "time": 576}, {"pitches": [53, 55, 58, 62], "duration": 24, "time": 600}, {"pitches": [-1], "duration": 12, "time": 624}, {"pitches": [51, 55, 57, 62], "duration": 12, "time": 636}, {"pitches": [-1], "duration": 12, "time": 648}, {"pitches": [51, 55, 57, 62], "duration": 12, "time": 660}, {"pitches": [-1], "duration": 12, "time": 672}, {"pitches": [53, 55, 60], "duration": 36, "time": 684}, {"pitches": [53, 55, 60], "duration": 24, "time": 720}, {"pitches": [53, 55, 60], "duration": 24, "time": 744}, {"pitches": [-1], "duration": 24, "time": 768}, {"pitches": [53, 55, 60], "duration": 24, "time": 792}, {"pitches": [-1], "duration": 12, "time": 816}, {"pitches": [53, 55, 60], "duration": 12, "time": 828}, {"pitches": [-1], "duration": 12, "time": 840}, {"pitches": [53, 55, 60], "duration": 12, "time": 852}, {"pitches": [-1], "duration": 12, "time": 864}, {"pitches": [52, 53, 57, 60], "duration": 36, "time": 876}, {"pitches": [53, 58, 62], "duration": 24, "time": 912}, {"pitches": [53, 58, 62], "duration": 24, "time": 936}, {"pitches": [53, 55, 58, 62], "duration": 24, "time": 960}, {"pitches": [53, 55, 58, 62], "duration": 24, "time": 984}, {"pitches": [-1], "duration": 12, "time": 1008}, {"pitches": [50, 53, 55, 60], "duration": 12, "time": 1020}, {"pitches": [-1], "duration": 12, "time": 1032}, {"pitches": [50, 53, 55, 60], "duration": 12, "time": 1044}, {"pitches": [-1], "duration": 12, "time": 1056}, {"pitches": [53, 55, 58, 62], "duration": 12, "time": 1068}, {"pitches": [-1], "duration": 12, "time": 1080}, {"pitches": [50, 53, 55, 60], "duration": 60, "time": 1092}, {"pitches": [-1], "duration": 24, "time": 1152}, {"pitches": [52, 58, 62], "duration": 24, "time": 1176}, {"pitches": [-1], "duration": 12, "time": 1200}, {"pitches": [50, 51, 55], "duration": 12, "time": 1212}, {"pitches": [-1], "duration": 12, "time": 1224}, {"pitches": [50, 51, 55], "duration": 12, "time": 1236}, {"pitches": [-1], "duration": 12, "time": 1248}, {"pitches": [52, 53, 57, 60], "duration": 36, "time": 1260}, {"pitches": [53, 57, 58, 62], "duration": 24, "time": 1296}, {"pitches": [53, 57, 58, 62], "duration": 24, "time": 1320}, {"pitches": [53, 55, 58, 62], "duration": 36, "time": 1344}, {"pitches": [53, 55, 58, 62], "duration": 12, "time": 1380}, {"pitches": [-1], "duration": 36, "time": 1392}, {"pitches": [53, 55, 60], "duration": 12, "time": 1428}, {"pitches": [53, 55, 60], "duration": 12, "time": 1428}, {"pitches": [-1], "duration": 12, "time": 1440}, {"pitches": [53, 55, 58, 62], "duration": 12, "time": 1452}, {"pitches": [-1], "duration": 12, "time": 1464}, {"pitches": [50, 51, 55, 57], "duration": 60, "time": 1476}, {"pitches": [-1], "duration": 24, "time": 1536}, {"pitches": [53, 55, 60, 62], "duration": 24, "time": 1560}, {"pitches": [-1], "duration": 12, "time": 1584}, {"pitches": [53, 55, 60, 62], "duration": 12, "time": 1596}, {"pitches": [-1], "duration": 12, "time": 1608}, {"pitches": [49, 53, 55, 60], "duration": 12, "time": 1620}, {"pitches": [-1], "duration": 12, "time": 1632}, {"pitches": [52, 53, 57, 59], "duration": 36, "time": 1644}, {"pitches": [53, 57, 58, 62], "duration": 24, "time": 1680}, {"pitches": [53, 57, 58, 62], "duration": 24, "time": 1704}, {"pitches": [55, 58, 63], "duration": 36, "time": 1728}, {"pitches": [55, 58, 63], "duration": 12, "time": 1764}, {"pitches": [-1], "duration": 36, "time": 1776}, {"pitches": [50, 55, 56, 60], "duration": 12, "time": 1812}, {"pitches": [50, 55, 56, 60], "duration": 12, "time": 1812}, {"pitches": [-1], "duration": 12, "time": 1824}, {"pitches": [53, 57, 58, 62], "duration": 36, "time": 1836}, {"pitches": [52, 57, 58, 62], "duration": 24, "time": 1872}, {"pitches": [52, 57, 58, 62], "duration": 24, "time": 1896}, {"pitches": [51, 55, 57, 62], "duration": 24, "time": 1920}, {"pitches": [51, 55, 57, 62], "duration": 24, "time": 1944}, {"pitches": [-1], "duration": 12, "time": 1968}, {"pitches": [51, 55, 57, 62], "duration": 12, "time": 1980}, {"pitches": [-1], "duration": 12, "time": 1992}, {"pitches": [51, 55, 57, 62], "duration": 12, "time": 2004}, {"pitches": [-1], "duration": 12, "time": 2016}, {"pitches": [50, 53, 55, 60], "duration": 12, "time": 2028}, {"pitches": [-1], "duration": 12, "time": 2040}, {"pitches": [50, 53, 55, 60], "duration": 60, "time": 2052}, {"pitches": [-1], "duration": 24, "time": 2112}, {"pitches": [50, 53, 55, 60], "duration": 24, "time": 2136}, {"pitches": [-1], "duration": 12, "time": 2160}, {"pitches": [50, 53, 55, 60], "duration": 12, "time": 2172}, {"pitches": [-1], "duration": 12, "time": 2184}, {"pitches": [50, 53, 55, 60], "duration": 12, "time": 2196}, {"pitches": [50, 55, 57], "duration": 96, "time": 2208}, {"pitches": [53, 60, 62], "duration": 96, "time": 2304}], "basses": [{"pitch": 46, "duration": 36}, {"pitch": 46, "duration": 12}, {"pitch": 41, "duration": 36}, {"pitch": 35, "duration": 12}, {"pitch": 34, "duration": 36}, {"pitch": 29, "duration": 12}, {"pitch": 29, "duration": 36}, {"pitch": 29, "duration": 12}, {"pitch": 39, "duration": 36}, {"pitch": 46, "duration": 12}, {"pitch": 46, "duration": 36}, {"pitch": 46, "duration": 12}, {"pitch": 48, "duration": 36}, {"pitch": 48, "duration": 12}, {"pitch": 41, "duration": 36}, {"pitch": 41, "duration": 12}, {"pitch": 46, "duration": 36}, {"pitch": 41, "duration": 12}, {"pitch": 41, "duration": 36}, {"pitch": 41, "duration": 12}, {"pitch": 46, "duration": 36}, {"pitch": 41, "duration": 12}, {"pitch": 41, "duration": 36}, {"pitch": 41, "duration": 12}, {"pitch": 51, "duration": 36}, {"pitch": 46, "duration": 12}, {"pitch": 41, "duration": 36}, {"pitch": 41, "duration": 12}, {"pitch": 46, "duration": 36}, {"pitch": 46, "duration": 12}, {"pitch": 46, "duration": 36}, {"pitch": 47, "duration": 12}, {"pitch": 46, "duration": 36}, {"pitch": 41, "duration": 12}, {"pitch": 41, "duration": 36}, {"pitch": 41, "duration": 12}, {"pitch": 50, "duration": 36}, {"pitch": 50, "duration": 12}, {"pitch": 43, "duration": 36}, {"pitch": 38, "duration": 12}, {"pitch": 27, "duration": 36}, {"pitch": 27, "duration": 12}, {"pitch": 34, "duration": 36}, {"pitch": 46, "duration": 12}, {"pitch": 51, "duration": 36}, {"pitch": 46, "duration": 12}, {"pitch": 46, "duration": 36}, {"pitch": 46, "duration": 12}, {"pitch": 48, "duration": 36}, {"pitch": 43, "duration": 12}, {"pitch": 41, "duration": 36}, {"pitch": 41, "duration": 12}, {"pitch": 50, "duration": 36}, {"pitch": 45, "duration": 12}, {"pitch": 43, "duration": 36}, {"pitch": 38, "duration": 12}, {"pitch": 27, "duration": 36}, {"pitch": 34, "duration": 12}, {"pitch": 46, "duration": 36}, {"pitch": 41, "duration": 12}, {"pitch": 39, "duration": 36}, {"pitch": 34, "duration": 12}, {"pitch": 29, "duration": 36}, {"pitch": 29, "duration": 12}, {"pitch": 34, "duration": 36}, {"pitch": 46, "duration": 12}, {"pitch": 45, "duration": 36}, {"pitch": 45, "duration": 12}, {"pitch": 50, "duration": 36}, {"pitch": 50, "duration": 12}, {"pitch": 43, "duration": 36}, {"pitch": 43, "duration": 12}, {"pitch": 51, "duration": 36}, {"pitch": 46, "duration": 12}, {"pitch": 46, "duration": 36}, {"pitch": 46, "duration": 12}, {"pitch": 43, "duration": 36}, {"pitch": 43, "duration": 12}, {"pitch": 48, "duration": 36}, {"pitch": 43, "duration": 12}, {"pitch": 41, "duration": 36}, {"pitch": 36, "duration": 12}, {"pitch": 36, "duration": 36}, {"pitch": 36, "duration": 12}, {"pitch": 46, "duration": 36}, {"pitch": 46, "duration": 12}, {"pitch": 46, "duration": 36}, {"pitch": 45, "duration": 12}, {"pitch": 34, "duration": 36}, {"pitch": 29, "duration": 12}, {"pitch": 29, "duration": 36}, {"pitch": 29, "duration": 12}, {"pitch": 39, "duration": 36}, {"pitch": 46, "duration": 12}, {"pitch": 41, "duration": 36}, {"pitch": 41, "duration": 12}, {"pitch": 46, "duration": 36}, {"pitch": 46, "duration": 12}, {"pitch": 46, "duration": 36}, {"pitch": 46, "duration": 12}]}], "time_signatures": [{"numerator": 4, "denominator": 4, "time": 0}], "chord_symbols": [[46, "major", null], [51, "major", null], [48, "dominant-seventh", null], [41, "dominant-seventh", null], [46, "major", null], [51, "major", null], [41, "dominant-seventh", null], [46, "major", null], [50, "minor", null], [55, "minor", null], [51, "major", null], [46, "major", null], [51, "major", null], [46, "major", null], [48, "dominant-seventh", null], [41, "dominant-seventh", null], [50, "minor", null], [55, "minor", null], [51, "major", null], [46, "major", null], [51, "major", null], [41, "dominant-seventh", null], [46, "major", null], [45, "dominant-seventh", null], [50, "minor", null], [55, "minor", null], [51, "major", null], [46, "major", null], [55, "minor", null], [48, "dominant-seventh", null], [41, "dominant-seventh", null], [46, "major", null], [51, "major", null], [41, "dominant-seventh", null], [46, "major", null]], "tempos": [{"qpm": 120, "time": 0}], "beats": [{"time": 0, "is_downbeat": true}, {"time": 24, "is_downbeat": false}, {"time": 48, "is_downbeat": false}, {"time": 72, "is_downbeat": false}, {"time": 96, "is_downbeat": true}, {"time": 120, "is_downbeat": false}, {"time": 144, "is_downbeat": false}, {"time": 168, "is_downbeat": false}, {"time": 192, "is_downbeat": true}, {"time": 216, "is_downbeat": false}, {"time": 240, "is_downbeat": false}, {"time": 264, "is_downbeat": false}, {"time": 288, "is_downbeat": true}, {"time": 312, "is_downbeat": false}, {"time": 336, "is_downbeat": false}, {"time": 360, "is_downbeat": false}, {"time": 384, "is_downbeat": true}, {"time": 408, "is_downbeat": false}, {"time": 432, "is_downbeat": false}, {"time": 456, "is_downbeat": false}, {"time": 480, "is_downbeat": true}, {"time": 504, "is_downbeat": false}, {"time": 528, "is_downbeat": false}, {"time": 552, "is_downbeat": false}, {"time": 576, "is_downbeat": true}, {"time": 600, "is_downbeat": false}, {"time": 624, "is_downbeat": false}, {"time": 648, "is_downbeat": false}, {"time": 672, "is_downbeat": true}, {"time": 696, "is_downbeat": false}, {"time": 720, "is_downbeat": false}, {"time": 744, "is_downbeat": false}, {"time": 768, "is_downbeat": true}, {"time": 792, "is_downbeat": false}, {"time": 816, "is_downbeat": false}, {"time": 840, "is_downbeat": false}, {"time": 864, "is_downbeat": true}, {"time": 888, "is_downbeat": false}, {"time": 912, "is_downbeat": false}, {"time": 936, "is_downbeat": false}, {"time": 960, "is_downbeat": true}, {"time": 984, "is_downbeat": false}, {"time": 1008, "is_downbeat": false}, {"time": 1032, "is_downbeat": false}, {"time": 1056, "is_downbeat": true}, {"time": 1080, "is_downbeat": false}, {"time": 1104, "is_downbeat": false}, {"time": 1128, "is_downbeat": false}, {"time": 1152, "is_downbeat": true}, {"time": 1176, "is_downbeat": false}, {"time": 1200, "is_downbeat": false}, {"time": 1224, "is_downbeat": false}, {"time": 1248, "is_downbeat": true}, {"time": 1272, "is_downbeat": false}, {"time": 1296, "is_downbeat": false}, {"time": 1320, "is_downbeat": false}, {"time": 1344, "is_downbeat": true}, {"time": 1368, "is_downbeat": false}, {"time": 1392, "is_downbeat": false}, {"time": 1416, "is_downbeat": false}, {"time": 1440, "is_downbeat": true}, {"time": 1464, "is_downbeat": false}, {"time": 1488, "is_downbeat": false}, {"time": 1512, "is_downbeat": false}, {"time": 1536, "is_downbeat": true}, {"time": 1560, "is_downbeat": false}, {"time": 1584, "is_downbeat": false}, {"time": 1608, "is_downbeat": false}, {"time": 1632, "is_downbeat": true}, {"time": 1656, "is_downbeat": false}, {"time": 1680, "is_downbeat": false}, {"time": 1704, "is_downbeat": false}, {"time": 1728, "is_downbeat": true}, {"time": 1752, "is_downbeat": false}, {"time": 1776, "is_downbeat": false}, {"time": 1800, "is_downbeat": false}, {"time": 1824, "is_downbeat": true}, {"time": 1848, "is_downbeat": false}, {"time": 1872, "is_downbeat": false}, {"time": 1896, "is_downbeat": false}, {"time": 1920, "is_downbeat": true}, {"time": 1944, "is_downbeat": false}, {"time": 1968, "is_downbeat": false}, {"time": 1992, "is_downbeat": false}, {"time": 2016, "is_downbeat": true}, {"time": 2040, "is_downbeat": false}, {"time": 2064, "is_downbeat": false}, {"time": 2088, "is_downbeat": false}, {"time": 2112, "is_downbeat": true}, {"time": 2136, "is_downbeat": false}, {"time": 2160, "is_downbeat": false}, {"time": 2184, "is_downbeat": false}, {"time": 2208, "is_downbeat": true}, {"time": 2232, "is_downbeat": false}, {"time": 2256, "is_downbeat": false}, {"time": 2280, "is_downbeat": false}, {"time": 2304, "is_downbeat": true}, {"time": 2328, "is_downbeat": false}, {"time": 2352, "is_downbeat": false}, {"time": 2376, "is_downbeat": false}]}