{"metadata": {"title": "the-graceful-girl"}, "tracks": [{"notes": [{"pitch": 71, "duration": 24}, {"pitch": 74, "duration": 12}, {"pitch": 74, "duration": 12}, {"pitch": 76, "duration": 12}, {"pitch": 74, "duration": 12}, {"pitch": 72, "duration": 12}, {"pitch": 71, "duration": 24}, {"pitch": 74, "duration": 24}, {"pitch": 74, "duration": 12}, {"pitch": 76, "duration": 12}, {"pitch": 74, "duration": 12}, {"pitch": 72, "duration": 12}, {"pitch": 71, "duration": 24}, {"pitch": 74, "duration": 36}, {"pitch": 74, "duration": 12}, {"pitch": 76, "duration": 12}, {"pitch": 74, "duration": 12}, {"pitch": 71, "duration": 12}, {"pitch": 72, "duration": 24}, {"pitch": 69, "duration": 72}, {"pitch": 66, "duration": 24}, {"pitch": 69, "duration": 24}, {"pitch": 69, "duration": 12}, {"pitch": 71, "duration": 12}, {"pitch": 69, "duration": 12}, {"pitch": 67, "duration": 12}, {"pitch": 66, "duration": 24}, {"pitch": 69, "duration": 24}, {"pitch": 69, "duration": 12}, {"pitch": 71, "duration": 12}, {"pitch": 69, "duration": 12}, {"pitch": 67, "duration": 12}, {"pitch": 66, "duration": 24}, {"pitch": 69, "duration": 24}, {"pitch": 74, "duration": 12}, {"pitch": 76, "duration": 12}, {"pitch": 74, "duration": 12}, {"pitch": 72, "duration": 12}, {"pitch": 72, "duration": 24}, {"pitch": 71, "duration": 72}, {"pitch": 71, "duration": 24}, {"pitch": 74, "duration": 24}, {"pitch": 74, "duration": 12}, {"pitch": 76, "duration": 12}, {"pitch": 74, "duration": 12}, {"pitch": 72, "duration": 12}, {"pitch": 71, "duration": 24}, {"pitch": 74, "duration": 24}, {"pitch": 74, "duration": 12}, {"pitch": 76, "duration": 12}, {"pitch": 74, "duration": 12}, {"pitch": 72, "duration": 12}, {"pitch": 71, "duration": 24}, {"pitch": 74, "duration": 24}, {"pitch": 79, "duration": 12}, {"pitch": 81, "duration": 12}, {"pitch": 83, "duration": 12}, {"pitch": 79, "duration": 12}, {"pitch": 83, "duration": 24}, {"pitch": 81, "duration": 72}, {"pitch": 81, "duration": 24}, {"pitch": 76, "duration": 24}, {"pitch": 76, "duration": 12}, {"pitch": 81, "duration": 12}, {"pitch": 83, "duration": 12}, {"pitch": 81, "duration": 12}, {"pitch": 79, "duration": 24}, {"pitch": 74, "duration": 24}, {"pitch": 74, "duration": 12}, {"pitch": 79, "duration": 12}, {"pitch": 81, "duration": 12}, {"pitch": 79, "duration": 12}, {"pitch": 78, "duration": 12}, {"pitch": 76, "duration": 12}, {"pitch": 74, "duration": 12}, {"pitch": 72, "duration": 12}, {"pitch": 71, "duration": 24}, {"pitch": 69, "duration": 24}, {"pitch": 67, "duration": 96}, {"pitch": 71, "duration": 24}, {"pitch": 74, "duration": 24}, {"pitch": 62, "duration": 12}, {"pitch": 64, "duration": 12}, {"pitch": 67, "duration": 12}, {"pitch": 69, "duration": 12}, {"pitch": 71, "duration": 24}, {"pitch": 74, "duration": 24}, {"pitch": 62, "duration": 12}, {"pitch": 64, "duration": 12}, {"pitch": 67, "duration": 12}, {"pitch": 69, "duration": 12}, {"pitch": 71, "duration": 12}, {"pitch": 67, "duration": 12}, {"pitch": 71, "duration": 12}, {"pitch": 74, "duration": 12}, {"pitch": 72, "duration": 12}, {"pitch": 71, "duration": 12}, {"pitch": 69, "duration": 12}, {"pitch": 67, "duration": 12}, {"pitch": 66, "duration": 24}, {"pitch": 69, "duration": 72}, {"pitch": 66, "duration": 24}, {"pitch": 69, "duration": 24}, {"pitch": 62, "duration": 12}, {"pitch": 64, "duration": 12}, {"pitch": 66, "duration": 12}, {"pitch": 67, "duration": 12}, {"pitch": 66, "duration": 24}, {"pitch": 69, "duration": 24}, {"pitch": 62, "duration": 12}, {"pitch": 64, "duration": 12}, {"pitch": 66, "duration": 12}, {"pitch": 67, "duration": 12}, {"pitch": 66, "duration": 24}, {"pitch": 69, "duration": 24}, {"pitch": 74, "duration": 12}, {"pitch": 76, "duration": 12}, {"pitch": 74, "duration": 12}, {"pitch": 72, "duration": 12}, {"pitch": 72, "duration": 24}, {"pitch": 71, "duration": 72}, {"pitch": 71, "duration": 24}, {"pitch": 74, "duration": 24}, {"pitch": 62, "duration": 12}, {"pitch": 64, "duration": 12}, {"pitch": 67, "duration": 12}, {"pitch": 69, "duration": 12}, {"pitch": 71, "duration": 24}, {"pitch": 74, "duration": 24}, {"pitch": 62, "duration": 12}, {"pitch": 64, "duration": 12}, {"pitch": 67, "duration": 12}, {"pitch": 69, "duration": 12}, {"pitch": 71, "duration": 12}, {"pitch": 67, "duration": 12}, {"pitch": 71, "duration": 12}, {"pitch": 74, "duration": 12}, {"pitch": 79, "duration": 12}, {"pitch": 83, "duration": 12}, {"pitch": 81, "duration": 12}, {"pitch": 79, "duration": 12}, {"pitch": 78, "duration": 24}, {"pitch": 76, "duration": 72}, {"pitch": 76, "duration": 24}, {"pitch": 81, "duration": 24}, {"pitch": 81, "duration": 12}, {"pitch": 76, "duration": 12}, {"pitch": 83, "duration": 12}, {"pitch": 81, "duration": 12}, {"pitch": 74, "duration": 24}, {"pitch": 79, "duration": 24}, {"pitch": 79, "duration": 12}, {"pitch": 74, "duration": 12}, {"pitch": 81, "duration": 12}, {"pitch": 79, "duration": 12}, {"pitch": 78, "duration": 12}, {"pitch": 76, "duration": 12}, {"pitch": 74, "duration": 12}, {"pitch": 76, "duration": 12}, {"pitch": 78, "duration": 24}, {"pitch": 81, "duration": 24}, {"pitch": 79, "duration": 96}], "voicings": [{"pitches": [57, 59, 62, 64], "duration": 24, "time": 0}, {"pitches": [57, 59, 62, 64], "duration": 24, "time": 24}, {"pitches": [-1], "duration": 12, "time": 48}, {"pitches": [57, 59, 62, 64], "duration": 12, "time": 60}, {"pitches": [-1], "duration": 12, "time": 72}, {"pitches": [57, 59, 62, 64], "duration": 12, "time": 84}, {"pitches": [-1], "duration": 12, "time": 96}, {"pitches": [57, 59, 62, 64], "duration": 12, "time": 108}, {"pitches": [-1], "duration": 12, "time": 120}, {"pitches": [57, 59, 62, 64], "duration": 60, "time": 132}, {"pitches": [-1], "duration": 24, "time": 192}, {"pitches": [57, 59, 62, 64], "duration": 24, "time": 216}, {"pitches": [-1], "duration": 12, "time": 240}, {"pitches": [57, 59, 62, 64], "duration": 12, "time": 252}, {"pitches": [-1], "duration": 12, "time": 264}, {"pitches": [57, 59, 62, 64], "duration": 12, "time": 276}, {"pitches": [-1], "duration": 12, "time": 288}, {"pitches": [52, 55, 59, 60], "duration": 36, "time": 300}, {"pitches": [52, 55, 59, 60], "duration": 24, "time": 336}, {"pitches": [52, 55, 59, 60], "duration": 24, "time": 360}, {"pitches": [52, 54, 59, 60], "duration": 24, "time": 384}, {"pitches": [52, 54, 59, 60], "duration": 24, "time": 408}, {"pitches": [-1], "duration": 12, "time": 432}, {"pitches": [52, 54, 59, 60], "duration": 12, "time": 444}, {"pitches": [-1], "duration": 12, "time": 456}, {"pitches": [52, 54, 59, 60], "duration": 12, "time": 468}, {"pitches": [-1], "duration": 12, "time": 480}, {"pitches": [52, 54, 59, 60], "duration": 36, "time": 492}, {"pitches": [52, 54, 59, 60], "duration": 24, "time": 528}, {"pitches": [52, 54, 59, 60], "duration": 24, "time": 552}, {"pitches": [52, 54, 59, 60], "duration": 24, "time": 576}, {"pitches": [52, 54, 59, 60], "duration": 24, "time": 600}, {"pitches": [-1], "duration": 12, "time": 624}, {"pitches": [52, 54, 59, 60], "duration": 12, "time": 636}, {"pitches": [-1], "duration": 12, "time": 648}, {"pitches": [52, 54, 59, 60], "duration": 12, "time": 660}, {"pitches": [-1], "duration": 12, "time": 672}, {"pitches": [52, 57, 62], "duration": 36, "time": 684}, {"pitches": [52, 57, 62], "duration": 24, "time": 720}, {"pitches": [52, 57, 62], "duration": 24, "time": 744}, {"pitches": [-1], "duration": 24, "time": 768}, {"pitches": [52, 57, 59, 62], "duration": 24, "time": 792}, {"pitches": [-1], "duration": 12, "time": 816}, {"pitches": [52, 57, 59, 62], "duration": 12, "time": 828}, {"pitches": [-1], "duration": 12, "time": 840}, {"pitches": [52, 57, 59, 62], "duration": 12, "time": 852}, {"pitches": [-1], "duration": 12, "time": 864}, {"pitches": [52, 57, 59, 62], "duration": 12, "time": 876}, {"pitches": [-1], "duration": 12, "time": 888}, {"pitches": [52, 57, 59, 62], "duration": 60, "time": 900}, {"pitches": [52, 57, 62], "duration": 36, "time": 960}, {"pitches": [52, 57, 62], "duration": 12, "time": 996}, {"pitches": [-1], "duration": 36, "time": 1008}, {"pitches": [52, 57, 62], "duration": 12, "time": 1044}, {"pitches": [52, 57, 62], "duration": 12, "time": 1044}, {"pitches": [-1], "duration": 12, "time": 1056}, {"pitches": [52, 54, 59], "duration": 12, "time": 1068}, {"pitches": [-1], "duration": 12, "time": 1080}, {"pitches": [52, 54, 59], "duration": 60, "time": 1092}, {"pitches": [-1], "duration": 24, "time": 1152}, {"pitches": [52, 55, 59, 60], "duration": 24, "time": 1176}, {"pitches": [-1], "duration": 12, "time": 1200}, {"pitches": [52, 54, 59, 60], "duration": 12, "time": 1212}, {"pitches": [-1], "duration": 12, "time": 1224}, {"pitches": [52, 54, 59, 60], "duration": 12, "time": 1236}, {"pitches": [-1], "duration": 12, "time": 1248}, {"pitches": [52, 57, 59, 62], "duration": 12, "time": 1260}, {"pitches": [-1], "duration": 12, "time": 1272}, {"pitches": [52, 57, 59, 62], "duration": 60, "time": 1284}, {"pitches": [-1], "duration": 24, "time": 1344}, {"pitches": [52, 54, 59, 60], "duration": 24, "time": 1368}, {"pitches": [-1], "duration": 12, "time": 1392}, {"pitches": [52, 54, 59, 60], "duration": 12, "time": 1404}, {"pitches": [-1], "duration": 12, "time": 1416}, {"pitches": [52, 54, 59, 60], "duration": 12, "time": 1428}, {"pitches": [-1], "duration": 12, "time": 1440}, {"pitches": [52, 57, 59, 62], "duration": 36, "time": 1452}, {"pitches": [52, 57, 59, 62], "duration": 24, "time": 1488}, {"pitches": [52, 57, 59, 62], "duration": 24, "time": 1512}, {"pitches": [52, 57, 59, 62], "duration": 24, "time": 1536}, {"pitches": [52, 57, 59, 62], "duration": 24, "time": 1560}, {"pitches": [-1], "duration": 12, "time": 1584}, {"pitches": [52, 57, 59, 62], "duration": 12, "time": 1596}, {"pitches": [-1], "duration": 12, "time": 1608}, {"pitches": [52, 57, 59, 62], "duration": 12, "time": 1620}, {"pitches": [-1], "duration": 12, "time": 1632}, {"pitches": [52, 57, 59, 62], "duration": 36, "time": 1644}, {"pitches": [52, 57, 59, 62], "duration": 24, "time": 1680}, {"pitches": [52, 57, 59, 62], "duration": 24, "time": 1704}, {"pitches": [52, 59, 62], "duration": 24, "time": 1728}, {"pitches": [52, 59, 62], "duration": 24, "time": 1752}, {"pitches": [-1], "duration": 12, "time": 1776}, {"pitches": [48, 55, 59], "duration": 12, "time": 1788}, {"pitches": [-1], "duration": 12, "time": 1800}, {"pitches": [48, 55, 59], "duration": 12, "time": 1812}, {"pitches": [-1], "duration": 12, "time": 1824}, {"pitches": [52, 54, 59, 60], "duration": 36, "time": 1836}, {"pitches": [52, 54, 59, 60], "duration": 24, "time": 1872}, {"pitches": [52, 54, 59, 60], "duration": 24, "time": 1896}, {"pitches": [-1], "duration": 24, "time": 1920}, {"pitches": [52, 54, 59, 60], "duration": 24, "time": 1944}, {"pitches": [-1], "duration": 12, "time": 1968}, {"pitches": [52, 54, 59, 60], "duration": 12, "time": 1980}, {"pitches": [-1], "duration": 12, "time": 1992}, {"pitches": [52, 54, 59, 60], "duration": 12, "time": 2004}, {"pitches": [-1], "duration": 12, "time": 2016}, {"pitches": [52, 54, 59, 60], "duration": 36, "time": 2028}, {"pitches": [52, 54, 59, 60], "duration": 24, "time": 2064}, {"pitches": [52, 54, 59, 60], "duration": 24, "time": 2088}, {"pitches": [52, 54, 59, 60], "duration": 24, "time": 2112}, {"pitches": [52, 54, 59, 60], "duration": 24, "time": 2136}, {"pitches": [-1], "duration": 12, "time": 2160}, {"pitches": [52, 54, 59, 60], "duration": 12, "time": 2172}, {"pitches": [-1], "duration": 12, "time": 2184}, {"pitches": [52, 54, 59, 60], "duration": 12, "time": 2196}, {"pitches": [-1], "duration": 12, "time": 2208}, {"pitches": [52, 57, 62], "duration": 12, "time": 2220}, {"pitches": [-1], "duration": 12, "time": 2232}, {"pitches": [52, 57, 62], "duration": 60, "time": 2244}, {"pitches": [52, 57, 59, 62], "duration": 36, "time": 2304}, {"pitches": [52, 57, 59, 62], "duration": 12, "time": 2340}, {"pitches": [-1], "duration": 36, "time": 2352}, {"pitches": [52, 57, 59, 62], "duration": 12, "time": 2388}, {"pitches": [52, 57, 59, 62], "duration": 12, "time": 2388}, {"pitches": [-1], "duration": 12, "time": 2400}, {"pitches": [52, 57, 59, 62], "duration": 36, "time": 2412}, {"pitches": [52, 57, 59, 62], "duration": 24, "time": 2448}, {"pitches": [52, 57, 59, 62], "duration": 24, "time": 2472}, {"pitches": [-1], "duration": 24, "time": 2496}, {"pitches": [52, 57, 59, 62], "duration": 24, "time": 2520}, {"pitches": [-1], "duration": 12, "time": 2544}, {"pitches": [52, 57, 59, 62], "duration": 12, "time": 2556}, {"pitches": [-1], "duration": 12, "time": 2568}, {"pitches": [52, 57, 59, 62], "duration": 12, "time": 2580}, {"pitches": [-1], "duration": 12, "time": 2592}, {"pitches": [52, 55, 59, 60], "duration": 12, "time": 2604}, {"pitches": [-1], "duration": 12, "time": 2616}, {"pitches": [52, 55, 59, 60], "duration": 60, "time": 2628}, {"pitches": [-1], "duration": 24, "time": 2688}, {"pitches": [48, 52, 55, 59], "duration": 24, "time": 2712}, {"pitches": [-1], "duration": 12, "time": 2736}, {"pitches": [52, 54, 59, 60], "duration": 12, "time": 2748}, {"pitches": [-1], "duration": 12, "time": 2760}, {"pitches": [52, 54, 59, 60], "duration": 12, "time": 2772}, {"pitches": [-1], "duration": 12, "time": 2784}, {"pitches": [57, 62], "duration": 12, "time": 2796}, {"pitches": [-1], "duration": 12, "time": 2808}, {"pitches": [57, 62], "duration": 60, "time": 2820}, {"pitches": [52, 54, 59, 60], "duration": 24, "time": 2880}, {"pitches": [52, 54, 59, 60], "duration": 24, "time": 2904}, {"pitches": [-1], "duration": 12, "time": 2928}, {"pitches": [52, 54, 59, 60], "duration": 12, "time": 2940}, {"pitches": [-1], "duration": 12, "time": 2952}, {"pitches": [52, 54, 59, 60], "duration": 12, "time": 2964}, {"pitches": [52, 57, 59, 62], "duration": 96, "time": 2976}], "basses": [{"pitch": 43, "duration": 36}, {"pitch": 43, "duration": 12}, {"pitch": 50, "duration": 36}, {"pitch": 44, "duration": 12}, {"pitch": 43, "duration": 36}, {"pitch": 43, "duration": 12}, {"pitch": 43, "duration": 36}, {"pitch": 50, "duration": 12}, {"pitch": 43, "duration": 36}, {"pitch": 38, "duration": 12}, {"pitch": 38, "duration": 36}, {"pitch": 38, "duration": 12}, {"pitch": 45, "duration": 36}, {"pitch": 52, "duration": 12}, {"pitch": 52, "duration": 36}, {"pitch": 51, "duration": 12}, {"pitch": 50, "duration": 36}, {"pitch": 45, "duration": 12}, {"pitch": 45, "duration": 36}, {"pitch": 45, "duration": 12}, {"pitch": 50, "duration": 36}, {"pitch": 50, "duration": 12}, {"pitch": 50, "duration": 36}, {"pitch": 49, "duration": 12}, {"pitch": 38, "duration": 36}, {"pitch": 38, "duration": 12}, {"pitch": 38, "duration": 36}, {"pitch": 44, "duration": 12}, {"pitch": 43, "duration": 36}, {"pitch": 38, "duration": 12}, {"pitch": 38, "duration": 36}, {"pitch": 38, "duration": 12}, {"pitch": 43, "duration": 36}, {"pitch": 50, "duration": 12}, {"pitch": 50, "duration": 36}, {"pitch": 50, "duration": 12}, {"pitch": 43, "duration": 36}, {"pitch": 43, "duration": 12}, {"pitch": 43, "duration": 36}, {"pitch": 50, "duration": 12}, {"pitch": 43, "duration": 36}, {"pitch": 43, "duration": 12}, {"pitch": 43, "duration": 36}, {"pitch": 49, "duration": 12}, {"pitch": 50, "duration": 36}, {"pitch": 45, "duration": 12}, {"pitch": 45, "duration": 36}, {"pitch": 45, "duration": 12}, {"pitch": 45, "duration": 36}, {"pitch": 45, "duration": 12}, {"pitch": 50, "duration": 36}, {"pitch": 50, "duration": 12}, {"pitch": 43, "duration": 36}, {"pitch": 38, "duration": 12}, {"pitch": 38, "duration": 36}, {"pitch": 38, "duration": 12}, {"pitch": 50, "duration": 36}, {"pitch": 45, "duration": 12}, {"pitch": 45, "duration": 36}, {"pitch": 45, "duration": 12}, {"pitch": 43, "duration": 36}, {"pitch": 43, "duration": 12}, {"pitch": 43, "duration": 36}, {"pitch": 42, "duration": 12}, {"pitch": 31, "duration": 36}, {"pitch": 31, "duration": 12}, {"pitch": 31, "duration": 36}, {"pitch": 32, "duration": 12}, {"pitch": 43, "duration": 36}, {"pitch": 50, "duration": 12}, {"pitch": 50, "duration": 36}, {"pitch": 50, "duration": 12}, {"pitch": 43, "duration": 36}, {"pitch": 38, "duration": 12}, {"pitch": 33, "duration": 36}, {"pitch": 28, "duration": 12}, {"pitch": 26, "duration": 36}, {"pitch": 33, "duration": 12}, {"pitch": 33, "duration": 36}, {"pitch": 33, "duration": 12}, {"pitch": 38, "duration": 36}, {"pitch": 50, "duration": 12}, {"pitch": 45, "duration": 36}, {"pitch": 45, "duration": 12}, {"pitch": 45, "duration": 36}, {"pitch": 45, "duration": 12}, {"pitch": 45, "duration": 36}, {"pitch": 51, "duration": 12}, {"pitch": 50, "duration": 36}, {"pitch": 45, "duration": 12}, {"pitch": 45, "duration": 36}, {"pitch": 45, "duration": 12}, {"pitch": 43, "duration": 36}, {"pitch": 38, "duration": 12}, {"pitch": 38, "duration": 36}, {"pitch": 38, "duration": 12}, {"pitch": 43, "duration": 36}, {"pitch": 43, "duration": 12}, {"pitch": 43, "duration": 36}, {"pitch": 42, "duration": 12}, {"pitch": 31, "duration": 36}, {"pitch": 26, "duration": 12}, {"pitch": 26, "duration": 36}, {"pitch": 26, "duration": 12}, {"pitch": 31, "duration": 36}, {"pitch": 38, "duration": 12}, {"pitch": 38, "duration": 36}, {"pitch": 38, "duration": 12}, {"pitch": 45, "duration": 36}, {"pitch": 52, "duration": 12}, {"pitch": 52, "duration": 36}, {"pitch": 46, "duration": 12}, {"pitch": 45, "duration": 36}, {"pitch": 45, "duration": 12}, {"pitch": 50, "duration": 36}, {"pitch": 50, "duration": 12}, {"pitch": 43, "duration": 36}, {"pitch": 38, "duration": 12}, {"pitch": 38, "duration": 36}, {"pitch": 38, "duration": 12}, {"pitch": 50, "duration": 36}, {"pitch": 50, "duration": 12}, {"pitch": 50, "duration": 36}, {"pitch": 42, "duration": 12}, {"pitch": 31, "duration": 36}, {"pitch": 31, "duration": 12}, {"pitch": 43, "duration": 36}, {"pitch": 43, "duration": 12}]}], "time_signatures": [{"numerator": 4, "denominator": 4, "time": 0}], "chord_symbols": [[55, "major", null], [45, "minor", null], [50, "major", null], [50, "dominant-seventh", null], [55, "major", null], [55, "major", null], [55, "major", null], [50, "major", null], [45, "minor", null], [50, "dominant-seventh", null], [55, "major", null], [50, "major", null], [55, "major", null], [55, "major", null], [55, "major", null], [45, "minor", null], [50, "major", null], [50, "major", null], [50, "major", null], [55, "major", null], [55, "major", null], [55, "major", null], [45, "minor", null], [45, "minor", null], [50, "dominant-seventh", null], [55, "major", null], [50, "major", null], [55, "major", null]], "tempos": [{"qpm": 120, "time": 0}], "beats": [{"time": 0, "is_downbeat": true}, {"time": 24, "is_downbeat": false}, {"time": 48, "is_downbeat": false}, {"time": 72, "is_downbeat": false}, {"time": 96, "is_downbeat": true}, {"time": 120, "is_downbeat": false}, {"time": 144, "is_downbeat": false}, {"time": 168, "is_downbeat": false}, {"time": 192, "is_downbeat": true}, {"time": 216, "is_downbeat": false}, {"time": 240, "is_downbeat": false}, {"time": 264, "is_downbeat": false}, {"time": 288, "is_downbeat": true}, {"time": 312, "is_downbeat": false}, {"time": 336, "is_downbeat": false}, {"time": 360, "is_downbeat": false}, {"time": 384, "is_downbeat": true}, {"time": 408, "is_downbeat": false}, {"time": 432, "is_downbeat": false}, {"time": 456, "is_downbeat": false}, {"time": 480, "is_downbeat": true}, {"time": 504, "is_downbeat": false}, {"time": 528, "is_downbeat": false}, {"time": 552, "is_downbeat": false}, {"time": 576, "is_downbeat": true}, {"time": 600, "is_downbeat": false}, {"time": 624, "is_downbeat": false}, {"time": 648, "is_downbeat": false}, {"time": 672, "is_downbeat": true}, {"time": 696, "is_downbeat": false}, {"time": 720, "is_downbeat": false}, {"time": 744, "is_downbeat": false}, {"time": 768, "is_downbeat": true}, {"time": 792, "is_downbeat": false}, {"time": 816, "is_downbeat": false}, {"time": 840, "is_downbeat": false}, {"time": 864, "is_downbeat": true}, {"time": 888, "is_downbeat": false}, {"time": 912, "is_downbeat": false}, {"time": 936, "is_downbeat": false}, {"time": 960, "is_downbeat": true}, {"time": 984, "is_downbeat": false}, {"time": 1008, "is_downbeat": false}, {"time": 1032, "is_downbeat": false}, {"time": 1056, "is_downbeat": true}, {"time": 1080, "is_downbeat": false}, {"time": 1104, "is_downbeat": false}, {"time": 1128, "is_downbeat": false}, {"time": 1152, "is_downbeat": true}, {"time": 1176, "is_downbeat": false}, {"time": 1200, "is_downbeat": false}, {"time": 1224, "is_downbeat": false}, {"time": 1248, "is_downbeat": true}, {"time": 1272, "is_downbeat": false}, {"time": 1296, "is_downbeat": false}, {"time": 1320, "is_downbeat": false}, {"time": 1344, "is_downbeat": true}, {"time": 1368, "is_downbeat": false}, {"time": 1392, "is_downbeat": false}, {"time": 1416, "is_downbeat": false}, {"time": 1440, "is_downbeat": true}, {"time": 1464, "is_downbeat": false}, {"time": 1488, "is_downbeat": false}, {"time": 1512, "is_downbeat": false}, {"time": 1536, "is_downbeat": true}, {"time": 1560, "is_downbeat": false}, {"time": 1584, "is_downbeat": false}, {"time": 1608, "is_downbeat": false}, {"time": 1632, "is_downbeat": true}, {"time": 1656, "is_downbeat": false}, {"time": 1680, "is_downbeat": false}, {"time": 1704, "is_downbeat": false}, {"time": 1728, "is_downbeat": true}, {"time": 1752, "is_downbeat": false}, {"time": 1776, "is_downbeat": false}, {"time": 1800, "is_downbeat": false}, {"time": 1824, "is_downbeat": true}, {"time": 1848, "is_downbeat": false}, {"time": 1872, "is_downbeat": false}, {"time": 1896, "is_downbeat": false}, {"time": 1920, "is_downbeat": true}, {"time": 1944, "is_downbeat": false}, {"time": 1968, "is_downbeat": false}, {"time": 1992, "is_downbeat": false}, {"time": 2016, "is_downbeat": true}, {"time": 2040, "is_downbeat": false}, {"time": 2064, "is_downbeat": false}, {"time": 2088, "is_downbeat": false}, {"time": 2112, "is_downbeat": true}, {"time": 2136, "is_downbeat": false}, {"time": 2160, "is_downbeat": false}, {"time": 2184, "is_downbeat": false}, {"time": 2208, "is_downbeat": true}, {"time": 2232, "is_downbeat": false}, {"time": 2256, "is_downbeat": false}, {"time": 2280, "is_downbeat": false}, {"time": 2304, "is_downbeat": true}, {"time": 2328, "is_downbeat": false}, {"time": 2352, "is_downbeat": false}, {"time": 2376, "is_downbeat": false}, {"time": 2400, "is_downbeat": true}, {"time": 2424, "is_downbeat": false}, {"time": 2448, "is_downbeat": false}, {"time": 2472, "is_downbeat": false}, {"time": 2496, "is_downbeat": true}, {"time": 2520, "is_downbeat": false}, {"time": 2544, "is_downbeat": false}, {"time": 2568, "is_downbeat": false}, {"time": 2592, "is_downbeat": true}, {"time": 2616, "is_downbeat": false}, {"time": 2640, "is_downbeat": false}, {"time": 2664, "is_downbeat": false}, {"time": 2688, "is_downbeat": true}, {"time": 2712, "is_downbeat": false}, {"time": 2736, "is_downbeat": false}, {"time": 2760, "is_downbeat": false}, {"time": 2784, "is_downbeat": true}, {"time": 2808, "is_downbeat": false}, {"time": 2832, "is_downbeat": false}, {"time": 2856, "is_downbeat": false}, {"time": 2880, "is_downbeat": true}, {"time": 2904, "is_downbeat": false}, {"time": 2928, "is_downbeat": false}, {"time": 2952, "is_downbeat": false}, {"time": 2976, "is_downbeat": true}, {"time": 3000, "is_downbeat": false}, {"time": 3024, "is_downbeat": false}, {"time": 3048, "is_downbeat": false}]}