{"metadata": {"title": "petit-larousse"}, "tracks": [{"notes": [{"pitch": 76, "duration": 24}, {"pitch": 76, "duration": 24}, {"pitch": 76, "duration": 12}, {"pitch": 77, "duration": 12}, {"pitch": 76, "duration": 24}, {"pitch": 76, "duration": 12}, {"pitch": 77, "duration": 12}, {"pitch": 76, "duration": 12}, {"pitch": 74, "duration": 12}, {"pitch": 72, "duration": 12}, {"pitch": 71, "duration": 12}, {"pitch": 69, "duration": 12}, {"pitch": 72, "duration": 12}, {"pitch": 76, "duration": 12}, {"pitch": 81, "duration": 12}, {"pitch": 83, "duration": 36}, {"pitch": 81, "duration": 12}, {"pitch": 80, "duration": 24}, {"pitch": 78, "duration": 24}, {"pitch": 76, "duration": 48}, {"pitch": 71, "duration": 48}, {"pitch": 76, "duration": 24}, {"pitch": 76, "duration": 12}, {"pitch": 77, "duration": 12}, {"pitch": 76, "duration": 24}, {"pitch": 76, "duration": 12}, {"pitch": 77, "duration": 12}, {"pitch": 76, "duration": 12}, {"pitch": 74, "duration": 12}, {"pitch": 72, "duration": 12}, {"pitch": 71, "duration": 12}, {"pitch": 69, "duration": 24}, {"pitch": 72, "duration": 24}, {"pitch": 71, "duration": 12}, {"pitch": 72, "duration": 12}, {"pitch": 74, "duration": 24}, {"pitch": 72, "duration": 24}, {"pitch": 71, "duration": 24}, {"pitch": 69, "duration": 48}, {"pitch": 76, "duration": 48}, {"pitch": 69, "duration": 48}, {"pitch": 81, "duration": 48}, {"pitch": 82, "duration": 24}, {"pitch": 83, "duration": 12}, {"pitch": 81, "duration": 12}, {"pitch": 79, "duration": 24}, {"pitch": 83, "duration": 24}, {"pitch": 81, "duration": 12}, {"pitch": 79, "duration": 12}, {"pitch": 77, "duration": 12}, {"pitch": 76, "duration": 12}, {"pitch": 74, "duration": 48}, {"pitch": 73, "duration": 12}, {"pitch": 74, "duration": 12}, {"pitch": 76, "duration": 12}, {"pitch": 72, "duration": 12}, {"pitch": 69, "duration": 24}, {"pitch": 72, "duration": 24}, {"pitch": 74, "duration": 12}, {"pitch": 73, "duration": 12}, {"pitch": 74, "duration": 12}, {"pitch": 76, "duration": 12}, {"pitch": 77, "duration": 12}, {"pitch": 79, "duration": 12}, {"pitch": 81, "duration": 24}, {"pitch": 82, "duration": 24}, {"pitch": 83, "duration": 12}, {"pitch": 81, "duration": 12}, {"pitch": 79, "duration": 24}, {"pitch": 83, "duration": 24}, {"pitch": 81, "duration": 12}, {"pitch": 79, "duration": 12}, {"pitch": 77, "duration": 12}, {"pitch": 76, "duration": 12}, {"pitch": 74, "duration": 48}, {"pitch": 73, "duration": 12}, {"pitch": 74, "duration": 12}, {"pitch": 76, "duration": 12}, {"pitch": 72, "duration": 12}, {"pitch": 69, "duration": 24}, {"pitch": 72, "duration": 24}, {"pitch": 74, "duration": 48}, {"pitch": 81, "duration": 48}, {"pitch": 75, "duration": 24}, {"pitch": 71, "duration": 24}, {"pitch": 73, "duration": 24}, {"pitch": 74, "duration": 24}, {"pitch": 76, "duration": 48}, {"pitch": 76, "duration": 48}], "voicings": [{"pitches": [52, 54, 59], "duration": 24, "time": 48}, {"pitches": [-1], "duration": 12, "time": 72}, {"pitches": [47], "duration": 12, "time": 84}, {"pitches": [-1], "duration": 12, "time": 96}, {"pitches": [47], "duration": 12, "time": 108}, {"pitches": [-1], "duration": 12, "time": 120}, {"pitches": [47], "duration": 36, "time": 132}, {"pitches": [47], "duration": 24, "time": 168}, {"pitches": [47], "duration": 24, "time": 192}, {"pitches": [49, 56, 57], "duration": 24, "time": 216}, {"pitches": [49, 56, 57], "duration": 24, "time": 240}, {"pitches": [-1], "duration": 12, "time": 264}, {"pitches": [49, 56, 57], "duration": 12, "time": 276}, {"pitches": [-1], "duration": 12, "time": 288}, {"pitches": [49, 56, 57], "duration": 12, "time": 300}, {"pitches": [-1], "duration": 12, "time": 312}, {"pitches": [54, 56, 61], "duration": 12, "time": 324}, {"pitches": [-1], "duration": 12, "time": 336}, {"pitches": [54, 56, 61], "duration": 60, "time": 348}, {"pitches": [52, 59, 60], "duration": 24, "time": 408}, {"pitches": [52, 59, 60], "duration": 24, "time": 432}, {"pitches": [-1], "duration": 12, "time": 456}, {"pitches": [47], "duration": 12, "time": 468}, {"pitches": [-1], "duration": 12, "time": 480}, {"pitches": [47], "duration": 12, "time": 492}, {"pitches": [-1], "duration": 12, "time": 504}, {"pitches": [47], "duration": 12, "time": 516}, {"pitches": [-1], "duration": 12, "time": 528}, {"pitches": [47], "duration": 60, "time": 540}, {"pitches": [-1], "duration": 24, "time": 600}, {"pitches": [50, 54, 56], "duration": 24, "time": 624}, {"pitches": [-1], "duration": 12, "time": 648}, {"pitches": [47], "duration": 12, "time": 660}, {"pitches": [-1], "duration": 12, "time": 672}, {"pitches": [47], "duration": 12, "time": 684}, {"pitches": [-1], "duration": 12, "time": 696}, {"pitches": [52, 54, 59, 60], "duration": 36, "time": 708}, {"pitches": [55, 56, 60, 62], "duration": 24, "time": 744}, {"pitches": [55, 56, 60, 62], "duration": 24, "time": 768}, {"pitches": [-1], "duration": 24, "time": 792}, {"pitches": [52, 54, 59, 60], "duration": 24, "time": 816}, {"pitches": [-1], "duration": 12, "time": 840}, {"pitches": [53, 58], "duration": 12, "time": 852}, {"pitches": [-1], "duration": 12, "time": 864}, {"pitches": [53, 58], "duration": 12, "time": 876}, {"pitches": [-1], "duration": 12, "time": 888}, {"pitches": [53, 57, 62], "duration": 12, "time": 900}, {"pitches": [-1], "duration": 12, "time": 912}, {"pitches": [53, 57, 62], "duration": 60, "time": 924}, {"pitches": [-1], "duration": 24, "time": 984}, {"pitches": [53, 57, 60], "duration": 24, "time": 1008}, {"pitches": [-1], "duration": 12, "time": 1032}, {"pitches": [53, 57, 60], "duration": 12, "time": 1044}, {"pitches": [-1], "duration": 12, "time": 1056}, {"pitches": [53, 57, 60], "duration": 12, "time": 1068}, {"pitches": [-1], "duration": 12, "time": 1080}, {"pitches": [53, 55, 60, 61], "duration": 12, "time": 1092}, {"pitches": [-1], "duration": 12, "time": 1104}, {"pitches": [53, 55, 60, 61], "duration": 60, "time": 1116}, {"pitches": [-1], "duration": 24, "time": 1176}, {"pitches": [52, 53, 57, 59], "duration": 24, "time": 1200}, {"pitches": [-1], "duration": 12, "time": 1224}, {"pitches": [52, 53, 57, 59], "duration": 12, "time": 1236}, {"pitches": [-1], "duration": 12, "time": 1248}, {"pitches": [52, 53, 57, 59], "duration": 12, "time": 1260}, {"pitches": [-1], "duration": 12, "time": 1272}, {"pitches": [53, 57, 58, 62], "duration": 36, "time": 1284}, {"pitches": [53, 57, 58, 62], "duration": 24, "time": 1320}, {"pitches": [53, 57, 58, 62], "duration": 24, "time": 1344}, {"pitches": [52, 53, 57, 59], "duration": 24, "time": 1368}, {"pitches": [52, 53, 57, 59], "duration": 24, "time": 1392}, {"pitches": [-1], "duration": 12, "time": 1416}, {"pitches": [52, 53, 57, 59], "duration": 12, "time": 1428}, {"pitches": [-1], "duration": 12, "time": 1440}, {"pitches": [52, 53, 57, 59], "duration": 12, "time": 1452}, {"pitches": [-1], "duration": 12, "time": 1464}, {"pitches": [53, 55, 60, 61], "duration": 36, "time": 1476}, {"pitches": [53, 55, 60, 61], "duration": 24, "time": 1512}, {"pitches": [53, 55, 60, 61], "duration": 24, "time": 1536}, {"pitches": [52, 53, 57, 59], "duration": 24, "time": 1560}, {"pitches": [52, 53, 57, 59], "duration": 24, "time": 1584}, {"pitches": [-1], "duration": 12, "time": 1608}, {"pitches": [53, 54, 58, 60], "duration": 12, "time": 1620}, {"pitches": [-1], "duration": 12, "time": 1632}, {"pitches": [53, 54, 58, 60], "duration": 12, "time": 1644}, {"pitches": [-1], "duration": 12, "time": 1656}, {"pitches": [51, 56, 57, 61], "duration": 36, "time": 1668}, {"pitches": [51, 56, 57, 61], "duration": 24, "time": 1704}, {"pitches": [51, 56, 57, 61], "duration": 24, "time": 1728}, {"pitches": [56, 61, 62], "duration": 96, "time": 1752}], "basses": [{"pitch": 45, "duration": 36}, {"pitch": 45, "duration": 12}, {"pitch": 47, "duration": 36}, {"pitch": 42, "duration": 12}, {"pitch": 35, "duration": 36}, {"pitch": 30, "duration": 12}, {"pitch": 35, "duration": 36}, {"pitch": 35, "duration": 12}, {"pitch": 47, "duration": 36}, {"pitch": 42, "duration": 12}, {"pitch": 42, "duration": 36}, {"pitch": 42, "duration": 12}, {"pitch": 52, "duration": 36}, {"pitch": 47, "duration": 12}, {"pitch": 47, "duration": 36}, {"pitch": 47, "duration": 12}, {"pitch": 45, "duration": 36}, {"pitch": 40, "duration": 12}, {"pitch": 35, "duration": 36}, {"pitch": 30, "duration": 12}, {"pitch": 35, "duration": 36}, {"pitch": 35, "duration": 12}, {"pitch": 35, "duration": 36}, {"pitch": 35, "duration": 12}, {"pitch": 40, "duration": 36}, {"pitch": 47, "duration": 12}, {"pitch": 47, "duration": 36}, {"pitch": 47, "duration": 12}, {"pitch": 45, "duration": 36}, {"pitch": 40, "duration": 12}, {"pitch": 40, "duration": 36}, {"pitch": 40, "duration": 12}, {"pitch": 45, "duration": 36}, {"pitch": 52, "duration": 12}, {"pitch": 50, "duration": 36}, {"pitch": 45, "duration": 12}, {"pitch": 43, "duration": 36}, {"pitch": 38, "duration": 12}, {"pitch": 38, "duration": 36}, {"pitch": 38, "duration": 12}, {"pitch": 50, "duration": 36}, {"pitch": 45, "duration": 12}, {"pitch": 45, "duration": 36}, {"pitch": 45, "duration": 12}, {"pitch": 45, "duration": 36}, {"pitch": 45, "duration": 12}, {"pitch": 52, "duration": 36}, {"pitch": 51, "duration": 12}, {"pitch": 50, "duration": 36}, {"pitch": 45, "duration": 12}, {"pitch": 45, "duration": 36}, {"pitch": 45, "duration": 12}, {"pitch": 43, "duration": 36}, {"pitch": 38, "duration": 12}, {"pitch": 38, "duration": 36}, {"pitch": 38, "duration": 12}, {"pitch": 50, "duration": 36}, {"pitch": 45, "duration": 12}, {"pitch": 45, "duration": 36}, {"pitch": 45, "duration": 12}, {"pitch": 45, "duration": 36}, {"pitch": 45, "duration": 12}, {"pitch": 52, "duration": 36}, {"pitch": 49, "duration": 12}, {"pitch": 38, "duration": 36}, {"pitch": 38, "duration": 12}, {"pitch": 50, "duration": 36}, {"pitch": 45, "duration": 12}, {"pitch": 35, "duration": 36}, {"pitch": 30, "duration": 12}, {"pitch": 30, "duration": 36}, {"pitch": 30, "duration": 12}, {"pitch": 40, "duration": 36}, {"pitch": 52, "duration": 12}, {"pitch": 52, "duration": 36}, {"pitch": 52, "duration": 12}]}], "time_signatures": [{"numerator": 4, "denominator": 4, "time": 0}], "chord_symbols": [[45, "minor", null], [-1, "unison-interval", null], [-1, "unison-interval", null], [-1, "unison-interval", null], [47, "dominant-seventh", null], [52, "dominant-seventh", null], [45, "minor", null], [-1, "unison-interval", null], [-1, "unison-interval", null], [-1, "unison-interval", null], [52, "dominant-seventh", null], [-1, "unison-interval", null], [45, "minor", null], [52, "dominant-seventh", null], [45, "minor", null], [50, "dominant-seventh", null], [55, "minor", null], [50, "minor", null], [45, "dominant-seventh", null], [50, "minor", null], [55, "minor", null], [50, "minor", null], [45, "dominant-seventh", null], [50, "minor", null], [50, "dominant-seventh", null], [47, "dominant-seventh", null], [52, "major", null], [52, "dominant-seventh", null]], "tempos": [{"qpm": 120, "time": 0}], "beats": [{"time": 0, "is_downbeat": true}, {"time": 24, "is_downbeat": true}, {"time": 48, "is_downbeat": false}, {"time": 72, "is_downbeat": false}, {"time": 96, "is_downbeat": false}, {"time": 120, "is_downbeat": true}, {"time": 144, "is_downbeat": false}, {"time": 168, "is_downbeat": false}, {"time": 192, "is_downbeat": false}, {"time": 216, "is_downbeat": true}, {"time": 240, "is_downbeat": false}, {"time": 264, "is_downbeat": false}, {"time": 288, "is_downbeat": false}, {"time": 312, "is_downbeat": true}, {"time": 336, "is_downbeat": false}, {"time": 360, "is_downbeat": false}, {"time": 384, "is_downbeat": false}, {"time": 408, "is_downbeat": true}, {"time": 432, "is_downbeat": false}, {"time": 456, "is_downbeat": false}, {"time": 480, "is_downbeat": false}, {"time": 504, "is_downbeat": true}, {"time": 528, "is_downbeat": false}, {"time": 552, "is_downbeat": false}, {"time": 576, "is_downbeat": false}, {"time": 600, "is_downbeat": true}, {"time": 624, "is_downbeat": false}, {"time": 648, "is_downbeat": false}, {"time": 672, "is_downbeat": false}, {"time": 696, "is_downbeat": true}, {"time": 720, "is_downbeat": false}, {"time": 744, "is_downbeat": false}, {"time": 768, "is_downbeat": false}, {"time": 792, "is_downbeat": true}, {"time": 816, "is_downbeat": false}, {"time": 840, "is_downbeat": false}, {"time": 864, "is_downbeat": false}, {"time": 888, "is_downbeat": true}, {"time": 912, "is_downbeat": false}, {"time": 936, "is_downbeat": false}, {"time": 960, "is_downbeat": false}, {"time": 984, "is_downbeat": true}, {"time": 1008, "is_downbeat": false}, {"time": 1032, "is_downbeat": false}, {"time": 1056, "is_downbeat": false}, {"time": 1080, "is_downbeat": true}, {"time": 1104, "is_downbeat": false}, {"time": 1128, "is_downbeat": false}, {"time": 1152, "is_downbeat": false}, {"time": 1176, "is_downbeat": true}, {"time": 1200, "is_downbeat": false}, {"time": 1224, "is_downbeat": false}, {"time": 1248, "is_downbeat": false}, {"time": 1272, "is_downbeat": true}, {"time": 1296, "is_downbeat": false}, {"time": 1320, "is_downbeat": false}, {"time": 1344, "is_downbeat": false}, {"time": 1368, "is_downbeat": true}, {"time": 1392, "is_downbeat": false}, {"time": 1416, "is_downbeat": false}, {"time": 1440, "is_downbeat": false}, {"time": 1464, "is_downbeat": true}, {"time": 1488, "is_downbeat": false}, {"time": 1512, "is_downbeat": false}, {"time": 1536, "is_downbeat": false}, {"time": 1560, "is_downbeat": true}, {"time": 1584, "is_downbeat": false}, {"time": 1608, "is_downbeat": false}, {"time": 1632, "is_downbeat": false}, {"time": 1656, "is_downbeat": true}, {"time": 1680, "is_downbeat": false}, {"time": 1704, "is_downbeat": false}, {"time": 1728, "is_downbeat": false}, {"time": 1752, "is_downbeat": true}, {"time": 1776, "is_downbeat": false}, {"time": 1800, "is_downbeat": false}, {"time": 1824, "is_downbeat": false}]}