{"metadata": {"title": "mcquillen-s-squeezebox"}, "tracks": [{"notes": [{"pitch": 64, "duration": 24}, {"pitch": 65, "duration": 24}, {"pitch": 67, "duration": 36}, {"pitch": 69, "duration": 12}, {"pitch": 67, "duration": 24}, {"pitch": 65, "duration": 24}, {"pitch": 64, "duration": 24}, {"pitch": 67, "duration": 24}, {"pitch": 72, "duration": 24}, {"pitch": 69, "duration": 24}, {"pitch": 67, "duration": 36}, {"pitch": 69, "duration": 12}, {"pitch": 67, "duration": 24}, {"pitch": 65, "duration": 24}, {"pitch": 64, "duration": 48}, {"pitch": 62, "duration": 24}, {"pitch": 64, "duration": 24}, {"pitch": 65, "duration": 36}, {"pitch": 67, "duration": 12}, {"pitch": 65, "duration": 24}, {"pitch": 64, "duration": 24}, {"pitch": 62, "duration": 24}, {"pitch": 67, "duration": 24}, {"pitch": 71, "duration": 24}, {"pitch": 74, "duration": 24}, {"pitch": 72, "duration": 36}, {"pitch": 74, "duration": 12}, {"pitch": 72, "duration": 24}, {"pitch": 69, "duration": 24}, {"pitch": 67, "duration": 24}, {"pitch": 65, "duration": 24}, {"pitch": 64, "duration": 24}, {"pitch": 65, "duration": 24}, {"pitch": 67, "duration": 36}, {"pitch": 69, "duration": 12}, {"pitch": 67, "duration": 24}, {"pitch": 65, "duration": 24}, {"pitch": 64, "duration": 24}, {"pitch": 67, "duration": 24}, {"pitch": 72, "duration": 24}, {"pitch": 69, "duration": 24}, {"pitch": 67, "duration": 36}, {"pitch": 69, "duration": 12}, {"pitch": 67, "duration": 24}, {"pitch": 65, "duration": 24}, {"pitch": 64, "duration": 48}, {"pitch": 62, "duration": 24}, {"pitch": 64, "duration": 24}, {"pitch": 65, "duration": 36}, {"pitch": 67, "duration": 12}, {"pitch": 65, "duration": 24}, {"pitch": 64, "duration": 24}, {"pitch": 62, "duration": 24}, {"pitch": 67, "duration": 24}, {"pitch": 71, "duration": 24}, {"pitch": 74, "duration": 24}, {"pitch": 72, "duration": 36}, {"pitch": 74, "duration": 12}, {"pitch": 72, "duration": 24}, {"pitch": 71, "duration": 24}, {"pitch": 72, "duration": 24}, {"pitch": 71, "duration": 24}, {"pitch": 72, "duration": 24}, {"pitch": 74, "duration": 24}, {"pitch": 76, "duration": 36}, {"pitch": 77, "duration": 12}, {"pitch": 76, "duration": 24}, {"pitch": 74, "duration": 24}, {"pitch": 72, "duration": 24}, {"pitch": 67, "duration": 24}, {"pitch": 72, "duration": 24}, {"pitch": 74, "duration": 24}, {"pitch": 76, "duration": 36}, {"pitch": 77, "duration": 12}, {"pitch": 76, "duration": 24}, {"pitch": 74, "duration": 24}, {"pitch": 72, "duration": 48}, {"pitch": 71, "duration": 24}, {"pitch": 72, "duration": 24}, {"pitch": 74, "duration": 36}, {"pitch": 76, "duration": 12}, {"pitch": 77, "duration": 24}, {"pitch": 76, "duration": 24}, {"pitch": 74, "duration": 24}, {"pitch": 67, "duration": 24}, {"pitch": 71, "duration": 24}, {"pitch": 72, "duration": 24}, {"pitch": 74, "duration": 36}, {"pitch": 76, "duration": 12}, {"pitch": 77, "duration": 24}, {"pitch": 76, "duration": 24}, {"pitch": 74, "duration": 48}, {"pitch": 72, "duration": 24}, {"pitch": 74, "duration": 24}, {"pitch": 76, "duration": 36}, {"pitch": 77, "duration": 12}, {"pitch": 76, "duration": 24}, {"pitch": 74, "duration": 24}, {"pitch": 72, "duration": 24}, {"pitch": 67, "duration": 24}, {"pitch": 72, "duration": 24}, {"pitch": 74, "duration": 24}, {"pitch": 76, "duration": 36}, {"pitch": 77, "duration": 12}, {"pitch": 76, "duration": 24}, {"pitch": 74, "duration": 24}, {"pitch": 72, "duration": 48}, {"pitch": 71, "duration": 24}, {"pitch": 72, "duration": 24}, {"pitch": 74, "duration": 36}, {"pitch": 76, "duration": 12}, {"pitch": 77, "duration": 24}, {"pitch": 76, "duration": 24}, {"pitch": 74, "duration": 24}, {"pitch": 67, "duration": 24}, {"pitch": 71, "duration": 24}, {"pitch": 72, "duration": 24}, {"pitch": 74, "duration": 24}, {"pitch": 72, "duration": 24}, {"pitch": 76, "duration": 24}, {"pitch": 74, "duration": 24}, {"pitch": 72, "duration": 48}], "voicings": [{"pitches": [52, 55, 57, 62], "duration": 24, "time": 72}, {"pitches": [-1], "duration": 12, "time": 96}, {"pitches": [47, 53, 57], "duration": 12, "time": 108}, {"pitches": [-1], "duration": 12, "time": 120}, {"pitches": [47, 53, 57], "duration": 12, "time": 132}, {"pitches": [-1], "duration": 12, "time": 144}, {"pitches": [52, 55, 57, 62], "duration": 36, "time": 156}, {"pitches": [52, 55, 57, 60], "duration": 24, "time": 192}, {"pitches": [52, 55, 57, 60], "duration": 24, "time": 216}, {"pitches": [-1], "duration": 24, "time": 240}, {"pitches": [52, 55, 57, 62], "duration": 24, "time": 264}, {"pitches": [-1], "duration": 12, "time": 288}, {"pitches": [47, 52, 53, 57], "duration": 12, "time": 300}, {"pitches": [-1], "duration": 12, "time": 312}, {"pitches": [47, 52, 53, 57], "duration": 12, "time": 324}, {"pitches": [-1], "duration": 12, "time": 336}, {"pitches": [52, 55, 57, 62], "duration": 36, "time": 348}, {"pitches": [52, 55, 57, 62], "duration": 24, "time": 384}, {"pitches": [52, 55, 57, 62], "duration": 24, "time": 408}, {"pitches": [52, 53, 57, 60], "duration": 36, "time": 432}, {"pitches": [52, 53, 57, 60], "duration": 12, "time": 468}, {"pitches": [-1], "duration": 36, "time": 480}, {"pitches": [52, 53, 57, 60], "duration": 12, "time": 516}, {"pitches": [52, 53, 57, 60], "duration": 12, "time": 516}, {"pitches": [-1], "duration": 12, "time": 528}, {"pitches": [52, 53, 57, 59], "duration": 36, "time": 540}, {"pitches": [52, 53, 57, 59], "duration": 24, "time": 576}, {"pitches": [52, 53, 57, 59], "duration": 24, "time": 600}, {"pitches": [-1], "duration": 24, "time": 624}, {"pitches": [52, 55, 57, 62], "duration": 24, "time": 648}, {"pitches": [-1], "duration": 12, "time": 672}, {"pitches": [52, 55, 57, 60], "duration": 12, "time": 684}, {"pitches": [-1], "duration": 12, "time": 696}, {"pitches": [52, 55, 57, 60], "duration": 12, "time": 708}, {"pitches": [-1], "duration": 12, "time": 720}, {"pitches": [47, 52, 53, 57], "duration": 36, "time": 732}, {"pitches": [47, 52, 53, 57], "duration": 24, "time": 768}, {"pitches": [47, 52, 53, 57], "duration": 24, "time": 792}, {"pitches": [-1], "duration": 24, "time": 816}, {"pitches": [52, 55, 57, 62], "duration": 24, "time": 840}, {"pitches": [-1], "duration": 12, "time": 864}, {"pitches": [47, 52, 53, 57], "duration": 12, "time": 876}, {"pitches": [-1], "duration": 12, "time": 888}, {"pitches": [47, 52, 53, 57], "duration": 12, "time": 900}, {"pitches": [-1], "duration": 12, "time": 912}, {"pitches": [52, 55, 57, 62], "duration": 12, "time": 924}, {"pitches": [-1], "duration": 12, "time": 936}, {"pitches": [52, 55, 57, 60], "duration": 60, "time": 948}, {"pitches": [52, 55, 57, 62], "duration": 24, "time": 1008}, {"pitches": [52, 55, 57, 62], "duration": 24, "time": 1032}, {"pitches": [-1], "duration": 12, "time": 1056}, {"pitches": [47, 52, 53, 57], "duration": 12, "time": 1068}, {"pitches": [-1], "duration": 12, "time": 1080}, {"pitches": [47, 52, 53, 57], "duration": 12, "time": 1092}, {"pitches": [-1], "duration": 12, "time": 1104}, {"pitches": [52, 55, 57, 62], "duration": 36, "time": 1116}, {"pitches": [52, 55, 57, 62], "duration": 24, "time": 1152}, {"pitches": [52, 55, 57, 62], "duration": 24, "time": 1176}, {"pitches": [-1], "duration": 24, "time": 1200}, {"pitches": [52, 53, 57, 60], "duration": 24, "time": 1224}, {"pitches": [-1], "duration": 12, "time": 1248}, {"pitches": [52, 53, 57, 60], "duration": 12, "time": 1260}, {"pitches": [-1], "duration": 12, "time": 1272}, {"pitches": [52, 53, 57, 60], "duration": 12, "time": 1284}, {"pitches": [-1], "duration": 12, "time": 1296}, {"pitches": [52, 53, 57, 59], "duration": 12, "time": 1308}, {"pitches": [-1], "duration": 12, "time": 1320}, {"pitches": [52, 53, 57, 59], "duration": 60, "time": 1332}, {"pitches": [52, 55, 57, 62], "duration": 24, "time": 1392}, {"pitches": [52, 55, 57, 62], "duration": 24, "time": 1416}, {"pitches": [-1], "duration": 12, "time": 1440}, {"pitches": [52, 53, 57, 59], "duration": 12, "time": 1452}, {"pitches": [-1], "duration": 12, "time": 1464}, {"pitches": [52, 53, 57, 59], "duration": 12, "time": 1476}, {"pitches": [-1], "duration": 12, "time": 1488}, {"pitches": [52, 55, 57, 62], "duration": 36, "time": 1500}, {"pitches": [52, 53, 57, 59], "duration": 24, "time": 1536}, {"pitches": [52, 53, 57, 59], "duration": 24, "time": 1560}, {"pitches": [52, 55, 62], "duration": 36, "time": 1584}, {"pitches": [52, 55, 62], "duration": 12, "time": 1620}, {"pitches": [-1], "duration": 36, "time": 1632}, {"pitches": [52, 53, 57, 59], "duration": 12, "time": 1668}, {"pitches": [52, 53, 57, 59], "duration": 12, "time": 1668}, {"pitches": [-1], "duration": 12, "time": 1680}, {"pitches": [55, 57, 62], "duration": 12, "time": 1692}, {"pitches": [-1], "duration": 12, "time": 1704}, {"pitches": [52, 53, 57, 59], "duration": 60, "time": 1716}, {"pitches": [52, 55, 57, 62], "duration": 36, "time": 1776}, {"pitches": [52, 55, 57, 62], "duration": 12, "time": 1812}, {"pitches": [-1], "duration": 36, "time": 1824}, {"pitches": [52, 53, 57, 59], "duration": 12, "time": 1860}, {"pitches": [52, 53, 57, 59], "duration": 12, "time": 1860}, {"pitches": [-1], "duration": 12, "time": 1872}, {"pitches": [55, 57, 62], "duration": 12, "time": 1884}, {"pitches": [-1], "duration": 12, "time": 1896}, {"pitches": [55, 57, 62], "duration": 60, "time": 1908}, {"pitches": [53, 57, 60], "duration": 36, "time": 1968}, {"pitches": [53, 57, 60], "duration": 12, "time": 2004}, {"pitches": [-1], "duration": 36, "time": 2016}, {"pitches": [53, 57, 60], "duration": 12, "time": 2052}, {"pitches": [53, 57, 60], "duration": 12, "time": 2052}, {"pitches": [-1], "duration": 12, "time": 2064}, {"pitches": [52, 53, 57, 59], "duration": 12, "time": 2076}, {"pitches": [-1], "duration": 12, "time": 2088}, {"pitches": [52, 53, 57, 59], "duration": 60, "time": 2100}, {"pitches": [52, 53, 57, 60], "duration": 36, "time": 2160}, {"pitches": [52, 53, 57, 60], "duration": 12, "time": 2196}, {"pitches": [-1], "duration": 36, "time": 2208}, {"pitches": [52, 53, 57, 60], "duration": 12, "time": 2244}, {"pitches": [52, 53, 57, 60], "duration": 12, "time": 2244}, {"pitches": [-1], "duration": 12, "time": 2256}, {"pitches": [47, 52, 53, 57], "duration": 12, "time": 2268}, {"pitches": [-1], "duration": 12, "time": 2280}, {"pitches": [47, 52, 53, 57], "duration": 60, "time": 2292}, {"pitches": [52, 55, 57, 62], "duration": 24, "time": 2352}, {"pitches": [52, 55, 57, 62], "duration": 24, "time": 2376}, {"pitches": [-1], "duration": 12, "time": 2400}, {"pitches": [47, 52, 53, 57], "duration": 12, "time": 2412}, {"pitches": [-1], "duration": 12, "time": 2424}, {"pitches": [47, 52, 53, 57], "duration": 12, "time": 2436}, {"pitches": [-1], "duration": 12, "time": 2448}, {"pitches": [52, 55, 57, 62], "duration": 36, "time": 2460}, {"pitches": [47, 52, 53, 57], "duration": 24, "time": 2496}, {"pitches": [47, 52, 53, 57], "duration": 24, "time": 2520}, {"pitches": [-1], "duration": 24, "time": 2544}, {"pitches": [52, 55, 57, 62], "duration": 24, "time": 2568}, {"pitches": [-1], "duration": 12, "time": 2592}, {"pitches": [47, 52, 53, 57], "duration": 12, "time": 2604}, {"pitches": [-1], "duration": 12, "time": 2616}, {"pitches": [47, 52, 53, 57], "duration": 12, "time": 2628}, {"pitches": [-1], "duration": 12, "time": 2640}, {"pitches": [52, 55, 57, 62], "duration": 12, "time": 2652}, {"pitches": [-1], "duration": 12, "time": 2664}, {"pitches": [52, 55, 57, 62], "duration": 60, "time": 2676}, {"pitches": [-1], "duration": 24, "time": 2736}, {"pitches": [52, 57, 60], "duration": 24, "time": 2760}, {"pitches": [-1], "duration": 12, "time": 2784}, {"pitches": [52, 57, 60], "duration": 12, "time": 2796}, {"pitches": [-1], "duration": 12, "time": 2808}, {"pitches": [52, 57, 60], "duration": 12, "time": 2820}, {"pitches": [-1], "duration": 12, "time": 2832}, {"pitches": [52, 53, 57, 59], "duration": 12, "time": 2844}, {"pitches": [-1], "duration": 12, "time": 2856}, {"pitches": [52, 53, 57, 59], "duration": 60, "time": 2868}, {"pitches": [-1], "duration": 24, "time": 2928}, {"pitches": [52, 53, 57, 60], "duration": 24, "time": 2952}, {"pitches": [-1], "duration": 12, "time": 2976}, {"pitches": [52, 53, 57, 59], "duration": 12, "time": 2988}, {"pitches": [-1], "duration": 12, "time": 3000}, {"pitches": [52, 53, 57, 59], "duration": 12, "time": 3012}], "basses": [{"pitch": 48, "duration": 36}, {"pitch": 48, "duration": 12}, {"pitch": 43, "duration": 36}, {"pitch": 43, "duration": 12}, {"pitch": 48, "duration": 36}, {"pitch": 48, "duration": 12}, {"pitch": 41, "duration": 36}, {"pitch": 36, "duration": 12}, {"pitch": 36, "duration": 36}, {"pitch": 36, "duration": 12}, {"pitch": 43, "duration": 36}, {"pitch": 43, "duration": 12}, {"pitch": 48, "duration": 36}, {"pitch": 43, "duration": 12}, {"pitch": 43, "duration": 36}, {"pitch": 43, "duration": 12}, {"pitch": 50, "duration": 36}, {"pitch": 45, "duration": 12}, {"pitch": 45, "duration": 36}, {"pitch": 45, "duration": 12}, {"pitch": 43, "duration": 36}, {"pitch": 43, "duration": 12}, {"pitch": 43, "duration": 36}, {"pitch": 47, "duration": 12}, {"pitch": 48, "duration": 36}, {"pitch": 48, "duration": 12}, {"pitch": 41, "duration": 36}, {"pitch": 41, "duration": 12}, {"pitch": 43, "duration": 36}, {"pitch": 50, "duration": 12}, {"pitch": 50, "duration": 36}, {"pitch": 50, "duration": 12}, {"pitch": 48, "duration": 36}, {"pitch": 43, "duration": 12}, {"pitch": 43, "duration": 36}, {"pitch": 43, "duration": 12}, {"pitch": 48, "duration": 36}, {"pitch": 43, "duration": 12}, {"pitch": 41, "duration": 36}, {"pitch": 41, "duration": 12}, {"pitch": 48, "duration": 36}, {"pitch": 43, "duration": 12}, {"pitch": 43, "duration": 36}, {"pitch": 43, "duration": 12}, {"pitch": 48, "duration": 36}, {"pitch": 43, "duration": 12}, {"pitch": 43, "duration": 36}, {"pitch": 43, "duration": 12}, {"pitch": 50, "duration": 36}, {"pitch": 50, "duration": 12}, {"pitch": 50, "duration": 36}, {"pitch": 44, "duration": 12}, {"pitch": 43, "duration": 36}, {"pitch": 43, "duration": 12}, {"pitch": 43, "duration": 36}, {"pitch": 49, "duration": 12}, {"pitch": 48, "duration": 36}, {"pitch": 43, "duration": 12}, {"pitch": 43, "duration": 36}, {"pitch": 43, "duration": 12}, {"pitch": 48, "duration": 36}, {"pitch": 48, "duration": 12}, {"pitch": 43, "duration": 36}, {"pitch": 43, "duration": 12}, {"pitch": 48, "duration": 36}, {"pitch": 43, "duration": 12}, {"pitch": 43, "duration": 36}, {"pitch": 43, "duration": 12}, {"pitch": 48, "duration": 36}, {"pitch": 43, "duration": 12}, {"pitch": 43, "duration": 36}, {"pitch": 43, "duration": 12}, {"pitch": 48, "duration": 36}, {"pitch": 43, "duration": 12}, {"pitch": 43, "duration": 36}, {"pitch": 43, "duration": 12}, {"pitch": 48, "duration": 36}, {"pitch": 43, "duration": 12}, {"pitch": 43, "duration": 36}, {"pitch": 43, "duration": 12}, {"pitch": 50, "duration": 36}, {"pitch": 45, "duration": 12}, {"pitch": 45, "duration": 36}, {"pitch": 45, "duration": 12}, {"pitch": 43, "duration": 36}, {"pitch": 38, "duration": 12}, {"pitch": 38, "duration": 36}, {"pitch": 38, "duration": 12}, {"pitch": 50, "duration": 36}, {"pitch": 45, "duration": 12}, {"pitch": 45, "duration": 36}, {"pitch": 45, "duration": 12}, {"pitch": 43, "duration": 36}, {"pitch": 43, "duration": 12}, {"pitch": 43, "duration": 36}, {"pitch": 49, "duration": 12}, {"pitch": 48, "duration": 36}, {"pitch": 43, "duration": 12}, {"pitch": 43, "duration": 36}, {"pitch": 43, "duration": 12}, {"pitch": 48, "duration": 36}, {"pitch": 43, "duration": 12}, {"pitch": 43, "duration": 36}, {"pitch": 43, "duration": 12}, {"pitch": 48, "duration": 36}, {"pitch": 48, "duration": 12}, {"pitch": 43, "duration": 36}, {"pitch": 43, "duration": 12}, {"pitch": 48, "duration": 36}, {"pitch": 43, "duration": 12}, {"pitch": 43, "duration": 36}, {"pitch": 43, "duration": 12}, {"pitch": 50, "duration": 36}, {"pitch": 45, "duration": 12}, {"pitch": 45, "duration": 36}, {"pitch": 45, "duration": 12}, {"pitch": 43, "duration": 36}, {"pitch": 38, "duration": 12}, {"pitch": 38, "duration": 36}, {"pitch": 38, "duration": 12}, {"pitch": 50, "duration": 36}, {"pitch": 50, "duration": 12}, {"pitch": 43, "duration": 36}, {"pitch": 38, "duration": 12}, {"pitch": 36, "duration": 36}, {"pitch": 36, "duration": 12}]}], "time_signatures": [{"numerator": 4, "denominator": 4, "time": 0}], "chord_symbols": [[48, "major", null], [43, "dominant-seventh", null], [48, "major", null], [53, "major", null], [48, "major", null], [43, "dominant-seventh", null], [48, "major", null], [50, "minor", null], [43, "dominant-seventh", null], [48, "major", null], [53, "major", null], [43, "dominant-seventh", null], [48, "major", null], [43, "dominant-seventh", null], [48, "major", null], [53, "major", null], [48, "major", null], [43, "dominant-seventh", null], [48, "major", null], [50, "minor", null], [43, "dominant-seventh", null], [48, "major", null], [43, "dominant-seventh", null], [48, "major", null], [43, "dominant-seventh", null], [48, "major", null], [43, "dominant-seventh", null], [48, "major", null], [43, "dominant-seventh", null], [48, "major", null], [43, "dominant-seventh", null], [48, "major", null], [50, "minor", null], [55, "major", null], [50, "minor", null], [43, "dominant-seventh", null], [48, "major", null], [43, "dominant-seventh", null], [48, "major", null], [43, "dominant-seventh", null], [48, "major", null], [43, "dominant-seventh", null], [48, "major", null], [50, "minor", null], [55, "major", null], [50, "minor", null], [43, "dominant-seventh", null], [48, "major", null]], "tempos": [{"qpm": 120, "time": 0}], "beats": [{"time": 0, "is_downbeat": true}, {"time": 24, "is_downbeat": false}, {"time": 48, "is_downbeat": true}, {"time": 72, "is_downbeat": false}, {"time": 96, "is_downbeat": false}, {"time": 120, "is_downbeat": false}, {"time": 144, "is_downbeat": true}, {"time": 168, "is_downbeat": false}, {"time": 192, "is_downbeat": false}, {"time": 216, "is_downbeat": false}, {"time": 240, "is_downbeat": true}, {"time": 264, "is_downbeat": false}, {"time": 288, "is_downbeat": false}, {"time": 312, "is_downbeat": false}, {"time": 336, "is_downbeat": true}, {"time": 360, "is_downbeat": false}, {"time": 384, "is_downbeat": false}, {"time": 408, "is_downbeat": false}, {"time": 432, "is_downbeat": true}, {"time": 456, "is_downbeat": false}, {"time": 480, "is_downbeat": false}, {"time": 504, "is_downbeat": false}, {"time": 528, "is_downbeat": true}, {"time": 552, "is_downbeat": false}, {"time": 576, "is_downbeat": false}, {"time": 600, "is_downbeat": false}, {"time": 624, "is_downbeat": true}, {"time": 648, "is_downbeat": false}, {"time": 672, "is_downbeat": false}, {"time": 696, "is_downbeat": false}, {"time": 720, "is_downbeat": true}, {"time": 744, "is_downbeat": false}, {"time": 768, "is_downbeat": false}, {"time": 792, "is_downbeat": false}, {"time": 816, "is_downbeat": true}, {"time": 840, "is_downbeat": false}, {"time": 864, "is_downbeat": false}, {"time": 888, "is_downbeat": false}, {"time": 912, "is_downbeat": true}, {"time": 936, "is_downbeat": false}, {"time": 960, "is_downbeat": false}, {"time": 984, "is_downbeat": false}, {"time": 1008, "is_downbeat": true}, {"time": 1032, "is_downbeat": false}, {"time": 1056, "is_downbeat": false}, {"time": 1080, "is_downbeat": false}, {"time": 1104, "is_downbeat": true}, {"time": 1128, "is_downbeat": false}, {"time": 1152, "is_downbeat": false}, {"time": 1176, "is_downbeat": false}, {"time": 1200, "is_downbeat": true}, {"time": 1224, "is_downbeat": false}, {"time": 1248, "is_downbeat": false}, {"time": 1272, "is_downbeat": false}, {"time": 1296, "is_downbeat": true}, {"time": 1320, "is_downbeat": false}, {"time": 1344, "is_downbeat": false}, {"time": 1368, "is_downbeat": false}, {"time": 1392, "is_downbeat": true}, {"time": 1416, "is_downbeat": false}, {"time": 1440, "is_downbeat": false}, {"time": 1464, "is_downbeat": false}, {"time": 1488, "is_downbeat": true}, {"time": 1512, "is_downbeat": false}, {"time": 1536, "is_downbeat": false}, {"time": 1560, "is_downbeat": false}, {"time": 1584, "is_downbeat": true}, {"time": 1608, "is_downbeat": false}, {"time": 1632, "is_downbeat": false}, {"time": 1656, "is_downbeat": false}, {"time": 1680, "is_downbeat": true}, {"time": 1704, "is_downbeat": false}, {"time": 1728, "is_downbeat": false}, {"time": 1752, "is_downbeat": false}, {"time": 1776, "is_downbeat": true}, {"time": 1800, "is_downbeat": false}, {"time": 1824, "is_downbeat": false}, {"time": 1848, "is_downbeat": false}, {"time": 1872, "is_downbeat": true}, {"time": 1896, "is_downbeat": false}, {"time": 1920, "is_downbeat": false}, {"time": 1944, "is_downbeat": false}, {"time": 1968, "is_downbeat": true}, {"time": 1992, "is_downbeat": false}, {"time": 2016, "is_downbeat": false}, {"time": 2040, "is_downbeat": false}, {"time": 2064, "is_downbeat": true}, {"time": 2088, "is_downbeat": false}, {"time": 2112, "is_downbeat": false}, {"time": 2136, "is_downbeat": false}, {"time": 2160, "is_downbeat": true}, {"time": 2184, "is_downbeat": false}, {"time": 2208, "is_downbeat": false}, {"time": 2232, "is_downbeat": false}, {"time": 2256, "is_downbeat": true}, {"time": 2280, "is_downbeat": false}, {"time": 2304, "is_downbeat": false}, {"time": 2328, "is_downbeat": false}, {"time": 2352, "is_downbeat": true}, {"time": 2376, "is_downbeat": false}, {"time": 2400, "is_downbeat": false}, {"time": 2424, "is_downbeat": false}, {"time": 2448, "is_downbeat": true}, {"time": 2472, "is_downbeat": false}, {"time": 2496, "is_downbeat": false}, {"time": 2520, "is_downbeat": false}, {"time": 2544, "is_downbeat": true}, {"time": 2568, "is_downbeat": false}, {"time": 2592, "is_downbeat": false}, {"time": 2616, "is_downbeat": false}, {"time": 2640, "is_downbeat": true}, {"time": 2664, "is_downbeat": false}, {"time": 2688, "is_downbeat": false}, {"time": 2712, "is_downbeat": false}, {"time": 2736, "is_downbeat": true}, {"time": 2760, "is_downbeat": false}, {"time": 2784, "is_downbeat": false}, {"time": 2808, "is_downbeat": false}, {"time": 2832, "is_downbeat": true}, {"time": 2856, "is_downbeat": false}, {"time": 2880, "is_downbeat": false}, {"time": 2904, "is_downbeat": false}, {"time": 2928, "is_downbeat": true}, {"time": 2952, "is_downbeat": false}, {"time": 2976, "is_downbeat": false}, {"time": 3000, "is_downbeat": false}, {"time": 3024, "is_downbeat": true}, {"time": 3048, "is_downbeat": false}, {"time": 3072, "is_downbeat": false}, {"time": 3096, "is_downbeat": false}]}