{"metadata": {"title": "primrose-polka"}, "tracks": [{"notes": [{"pitch": 69, "duration": 24}, {"pitch": 66, "duration": 18}, {"pitch": 67, "duration": 6}, {"pitch": 68, "duration": 18}, {"pitch": 69, "duration": 6}, {"pitch": 71, "duration": 18}, {"pitch": 69, "duration": 6}, {"pitch": 67, "duration": 18}, {"pitch": 69, "duration": 6}, {"pitch": 78, "duration": 24}, {"pitch": 74, "duration": 24}, {"pitch": 78, "duration": 24}, {"pitch": 74, "duration": 24}, {"pitch": 66, "duration": 18}, {"pitch": 67, "duration": 6}, {"pitch": 68, "duration": 18}, {"pitch": 69, "duration": 6}, {"pitch": 71, "duration": 18}, {"pitch": 69, "duration": 6}, {"pitch": 67, "duration": 18}, {"pitch": 69, "duration": 6}, {"pitch": 64, "duration": 96}, {"pitch": 64, "duration": 18}, {"pitch": 66, "duration": 6}, {"pitch": 67, "duration": 18}, {"pitch": 69, "duration": 6}, {"pitch": 71, "duration": 18}, {"pitch": 69, "duration": 6}, {"pitch": 68, "duration": 18}, {"pitch": 69, "duration": 6}, {"pitch": 78, "duration": 24}, {"pitch": 64, "duration": 24}, {"pitch": 73, "duration": 36}, {"pitch": 71, "duration": 12}, {"pitch": 69, "duration": 18}, {"pitch": 71, "duration": 6}, {"pitch": 73, "duration": 18}, {"pitch": 71, "duration": 6}, {"pitch": 69, "duration": 18}, {"pitch": 67, "duration": 6}, {"pitch": 66, "duration": 18}, {"pitch": 64, "duration": 6}, {"pitch": 66, "duration": 48}, {"pitch": 69, "duration": 48}, {"pitch": 66, "duration": 18}, {"pitch": 67, "duration": 6}, {"pitch": 68, "duration": 18}, {"pitch": 69, "duration": 6}, {"pitch": 71, "duration": 18}, {"pitch": 69, "duration": 6}, {"pitch": 67, "duration": 18}, {"pitch": 69, "duration": 6}, {"pitch": 78, "duration": 24}, {"pitch": 74, "duration": 24}, {"pitch": 78, "duration": 24}, {"pitch": 74, "duration": 24}, {"pitch": 74, "duration": 18}, {"pitch": 74, "duration": 6}, {"pitch": 73, "duration": 18}, {"pitch": 74, "duration": 6}, {"pitch": 76, "duration": 24}, {"pitch": 74, "duration": 24}, {"pitch": 71, "duration": 96}, {"pitch": 79, "duration": 18}, {"pitch": 78, "duration": 6}, {"pitch": 76, "duration": 18}, {"pitch": 78, "duration": 6}, {"pitch": 79, "duration": 24}, {"pitch": 79, "duration": 24}, {"pitch": 78, "duration": 18}, {"pitch": 76, "duration": 6}, {"pitch": 74, "duration": 18}, {"pitch": 76, "duration": 6}, {"pitch": 78, "duration": 24}, {"pitch": 78, "duration": 24}, {"pitch": 76, "duration": 18}, {"pitch": 74, "duration": 6}, {"pitch": 73, "duration": 18}, {"pitch": 71, "duration": 6}, {"pitch": 69, "duration": 18}, {"pitch": 67, "duration": 6}, {"pitch": 66, "duration": 18}, {"pitch": 64, "duration": 6}, {"pitch": 62, "duration": 48}, {"pitch": 69, "duration": 48}, {"pitch": 66, "duration": 48}, {"pitch": 66, "duration": 18}, {"pitch": 67, "duration": 6}, {"pitch": 68, "duration": 18}, {"pitch": 69, "duration": 6}, {"pitch": 78, "duration": 72}, {"pitch": 76, "duration": 24}, {"pitch": 74, "duration": 18}, {"pitch": 69, "duration": 6}, {"pitch": 66, "duration": 18}, {"pitch": 69, "duration": 6}, {"pitch": 74, "duration": 18}, {"pitch": 69, "duration": 6}, {"pitch": 76, "duration": 18}, {"pitch": 74, "duration": 6}, {"pitch": 73, "duration": 24}, {"pitch": 71, "duration": 24}, {"pitch": 71, "duration": 48}, {"pitch": 64, "duration": 48}, {"pitch": 64, "duration": 18}, {"pitch": 66, "duration": 6}, {"pitch": 67, "duration": 18}, {"pitch": 69, "duration": 6}, {"pitch": 73, "duration": 72}, {"pitch": 71, "duration": 24}, {"pitch": 69, "duration": 18}, {"pitch": 71, "duration": 6}, {"pitch": 73, "duration": 18}, {"pitch": 71, "duration": 6}, {"pitch": 69, "duration": 18}, {"pitch": 67, "duration": 6}, {"pitch": 66, "duration": 18}, {"pitch": 64, "duration": 6}, {"pitch": 66, "duration": 48}, {"pitch": 69, "duration": 48}, {"pitch": 66, "duration": 48}, {"pitch": 66, "duration": 18}, {"pitch": 67, "duration": 6}, {"pitch": 68, "duration": 18}, {"pitch": 69, "duration": 6}, {"pitch": 78, "duration": 72}, {"pitch": 76, "duration": 24}, {"pitch": 74, "duration": 18}, {"pitch": 69, "duration": 6}, {"pitch": 66, "duration": 18}, {"pitch": 69, "duration": 6}, {"pitch": 74, "duration": 18}, {"pitch": 69, "duration": 6}, {"pitch": 76, "duration": 18}, {"pitch": 74, "duration": 6}, {"pitch": 73, "duration": 24}, {"pitch": 71, "duration": 24}, {"pitch": 71, "duration": 48}, {"pitch": 79, "duration": 18}, {"pitch": 78, "duration": 6}, {"pitch": 76, "duration": 18}, {"pitch": 78, "duration": 6}, {"pitch": 79, "duration": 24}, {"pitch": 79, "duration": 24}, {"pitch": 78, "duration": 18}, {"pitch": 76, "duration": 6}, {"pitch": 74, "duration": 18}, {"pitch": 76, "duration": 6}, {"pitch": 78, "duration": 24}, {"pitch": 78, "duration": 24}, {"pitch": 76, "duration": 18}, {"pitch": 74, "duration": 6}, {"pitch": 73, "duration": 18}, {"pitch": 71, "duration": 6}, {"pitch": 69, "duration": 18}, {"pitch": 67, "duration": 6}, {"pitch": 66, "duration": 18}, {"pitch": 64, "duration": 6}, {"pitch": 62, "duration": 48}, {"pitch": 62, "duration": 48}, {"pitch": 83, "duration": 24}, {"pitch": 79, "duration": 18}, {"pitch": 78, "duration": 6}, {"pitch": 79, "duration": 24}, {"pitch": 74, "duration": 24}, {"pitch": 83, "duration": 24}, {"pitch": 79, "duration": 18}, {"pitch": 78, "duration": 6}, {"pitch": 79, "duration": 24}, {"pitch": 74, "duration": 24}, {"pitch": 76, "duration": 18}, {"pitch": 75, "duration": 6}, {"pitch": 76, "duration": 18}, {"pitch": 78, "duration": 6}, {"pitch": 79, "duration": 24}, {"pitch": 76, "duration": 24}, {"pitch": 74, "duration": 96}, {"pitch": 72, "duration": 18}, {"pitch": 71, "duration": 6}, {"pitch": 72, "duration": 18}, {"pitch": 74, "duration": 6}, {"pitch": 76, "duration": 24}, {"pitch": 72, "duration": 24}, {"pitch": 71, "duration": 18}, {"pitch": 70, "duration": 6}, {"pitch": 71, "duration": 18}, {"pitch": 72, "duration": 6}, {"pitch": 74, "duration": 24}, {"pitch": 71, "duration": 24}, {"pitch": 73, "duration": 18}, {"pitch": 71, "duration": 6}, {"pitch": 69, "duration": 18}, {"pitch": 72, "duration": 6}, {"pitch": 78, "duration": 24}, {"pitch": 76, "duration": 24}, {"pitch": 74, "duration": 96}, {"pitch": 83, "duration": 24}, {"pitch": 79, "duration": 18}, {"pitch": 78, "duration": 6}, {"pitch": 79, "duration": 24}, {"pitch": 74, "duration": 24}, {"pitch": 83, "duration": 24}, {"pitch": 79, "duration": 18}, {"pitch": 78, "duration": 6}, {"pitch": 79, "duration": 24}, {"pitch": 74, "duration": 24}, {"pitch": 76, "duration": 18}, {"pitch": 75, "duration": 6}, {"pitch": 76, "duration": 18}, {"pitch": 78, "duration": 6}, {"pitch": 79, "duration": 24}, {"pitch": 76, "duration": 24}, {"pitch": 74, "duration": 24}, {"pitch": 71, "duration": 24}, {"pitch": 67, "duration": 48}, {"pitch": 64, "duration": 36}, {"pitch": 67, "duration": 12}, {"pitch": 72, "duration": 24}, {"pitch": 67, "duration": 24}, {"pitch": 62, "duration": 24}, {"pitch": 67, "duration": 24}, {"pitch": 71, "duration": 48}, {"pitch": 69, "duration": 24}, {"pitch": 64, "duration": 24}, {"pitch": 66, "duration": 24}, {"pitch": 62, "duration": 24}, {"pitch": 67, "duration": 96}], "voicings": [{"pitches": [52, 54, 57, 59], "duration": 24, "time": 24}, {"pitches": [52, 54, 57, 59], "duration": 24, "time": 48}, {"pitches": [-1], "duration": 12, "time": 72}, {"pitches": [52, 54, 57, 59], "duration": 12, "time": 84}, {"pitches": [-1], "duration": 12, "time": 96}, {"pitches": [52, 54, 57, 59], "duration": 12, "time": 108}, {"pitches": [-1], "duration": 12, "time": 120}, {"pitches": [52, 54, 57, 59], "duration": 36, "time": 132}, {"pitches": [52, 54, 57, 59], "duration": 24, "time": 168}, {"pitches": [52, 54, 57, 59], "duration": 24, "time": 192}, {"pitches": [-1], "duration": 24, "time": 216}, {"pitches": [52, 57, 59], "duration": 24, "time": 240}, {"pitches": [-1], "duration": 12, "time": 264}, {"pitches": [52, 57, 59], "duration": 12, "time": 276}, {"pitches": [-1], "duration": 12, "time": 288}, {"pitches": [52, 57, 59], "duration": 12, "time": 300}, {"pitches": [-1], "duration": 12, "time": 312}, {"pitches": [54, 55, 59], "duration": 12, "time": 324}, {"pitches": [-1], "duration": 12, "time": 336}, {"pitches": [54, 55, 59], "duration": 60, "time": 348}, {"pitches": [54, 55, 59], "duration": 36, "time": 408}, {"pitches": [54, 55, 59], "duration": 12, "time": 444}, {"pitches": [-1], "duration": 36, "time": 456}, {"pitches": [54, 55, 59], "duration": 12, "time": 492}, {"pitches": [54, 55, 59], "duration": 12, "time": 492}, {"pitches": [-1], "duration": 12, "time": 504}, {"pitches": [49, 54, 55], "duration": 36, "time": 516}, {"pitches": [49, 54, 55], "duration": 24, "time": 552}, {"pitches": [49, 54, 55], "duration": 24, "time": 576}, {"pitches": [-1], "duration": 24, "time": 600}, {"pitches": [49, 54, 55], "duration": 24, "time": 624}, {"pitches": [-1], "duration": 12, "time": 648}, {"pitches": [49, 54, 55], "duration": 12, "time": 660}, {"pitches": [-1], "duration": 12, "time": 672}, {"pitches": [49, 54, 55], "duration": 12, "time": 684}, {"pitches": [-1], "duration": 12, "time": 696}, {"pitches": [52, 54, 57, 59], "duration": 12, "time": 708}, {"pitches": [-1], "duration": 12, "time": 720}, {"pitches": [49, 54, 55, 59], "duration": 60, "time": 732}, {"pitches": [52, 54, 57, 59], "duration": 24, "time": 792}, {"pitches": [52, 54, 57, 59], "duration": 24, "time": 816}, {"pitches": [-1], "duration": 12, "time": 840}, {"pitches": [52, 54, 57, 59], "duration": 12, "time": 852}, {"pitches": [-1], "duration": 12, "time": 864}, {"pitches": [52, 54, 57, 59], "duration": 12, "time": 876}, {"pitches": [-1], "duration": 12, "time": 888}, {"pitches": [52, 54, 57, 59], "duration": 12, "time": 900}, {"pitches": [-1], "duration": 12, "time": 912}, {"pitches": [52, 54, 57, 59], "duration": 60, "time": 924}, {"pitches": [52, 54, 59], "duration": 24, "time": 984}, {"pitches": [52, 54, 59], "duration": 24, "time": 1008}, {"pitches": [-1], "duration": 12, "time": 1032}, {"pitches": [52, 59], "duration": 12, "time": 1044}, {"pitches": [-1], "duration": 12, "time": 1056}, {"pitches": [52, 59], "duration": 12, "time": 1068}, {"pitches": [-1], "duration": 12, "time": 1080}, {"pitches": [52, 57, 59, 62], "duration": 12, "time": 1092}, {"pitches": [-1], "duration": 12, "time": 1104}, {"pitches": [52, 57, 59, 62], "duration": 60, "time": 1116}, {"pitches": [52, 57, 59, 62], "duration": 36, "time": 1176}, {"pitches": [52, 57, 59, 62], "duration": 12, "time": 1212}, {"pitches": [-1], "duration": 36, "time": 1224}, {"pitches": [52, 57, 59, 62], "duration": 12, "time": 1260}, {"pitches": [52, 57, 59, 62], "duration": 12, "time": 1260}, {"pitches": [-1], "duration": 12, "time": 1272}, {"pitches": [52, 59, 60], "duration": 12, "time": 1284}, {"pitches": [-1], "duration": 12, "time": 1296}, {"pitches": [52, 59, 60], "duration": 60, "time": 1308}, {"pitches": [-1], "duration": 24, "time": 1368}, {"pitches": [54, 55, 59, 62], "duration": 24, "time": 1392}, {"pitches": [-1], "duration": 12, "time": 1416}, {"pitches": [49, 54, 55, 59], "duration": 12, "time": 1428}, {"pitches": [-1], "duration": 12, "time": 1440}, {"pitches": [49, 54, 55, 59], "duration": 12, "time": 1452}, {"pitches": [-1], "duration": 12, "time": 1464}, {"pitches": [52, 59, 60], "duration": 12, "time": 1476}, {"pitches": [-1], "duration": 12, "time": 1488}, {"pitches": [49, 54, 55, 59], "duration": 60, "time": 1500}, {"pitches": [-1], "duration": 24, "time": 1560}, {"pitches": [52, 54, 59, 60], "duration": 24, "time": 1584}, {"pitches": [-1], "duration": 12, "time": 1608}, {"pitches": [52, 54, 59, 60], "duration": 12, "time": 1620}, {"pitches": [-1], "duration": 12, "time": 1632}, {"pitches": [52, 54, 59, 60], "duration": 12, "time": 1644}, {"pitches": [-1], "duration": 12, "time": 1656}, {"pitches": [52, 54, 59, 60], "duration": 12, "time": 1668}, {"pitches": [-1], "duration": 12, "time": 1680}, {"pitches": [52, 54, 59, 60], "duration": 60, "time": 1692}, {"pitches": [-1], "duration": 24, "time": 1752}, {"pitches": [52, 54, 59, 60], "duration": 24, "time": 1776}, {"pitches": [-1], "duration": 12, "time": 1800}, {"pitches": [52, 54, 59, 60], "duration": 12, "time": 1812}, {"pitches": [-1], "duration": 12, "time": 1824}, {"pitches": [52, 54, 59, 60], "duration": 12, "time": 1836}, {"pitches": [-1], "duration": 12, "time": 1848}, {"pitches": [57, 59, 62], "duration": 12, "time": 1860}, {"pitches": [-1], "duration": 12, "time": 1872}, {"pitches": [57, 59, 62], "duration": 60, "time": 1884}, {"pitches": [54, 55, 59, 61], "duration": 36, "time": 1944}, {"pitches": [54, 55, 59, 61], "duration": 12, "time": 1980}, {"pitches": [-1], "duration": 36, "time": 1992}, {"pitches": [54, 55, 59, 61], "duration": 12, "time": 2028}, {"pitches": [54, 55, 59, 61], "duration": 12, "time": 2028}, {"pitches": [-1], "duration": 12, "time": 2040}, {"pitches": [54, 55, 59, 61], "duration": 12, "time": 2052}, {"pitches": [-1], "duration": 12, "time": 2064}, {"pitches": [54, 55, 59, 61], "duration": 60, "time": 2076}, {"pitches": [49, 54, 55, 59], "duration": 36, "time": 2136}, {"pitches": [49, 54, 55, 59], "duration": 12, "time": 2172}, {"pitches": [-1], "duration": 36, "time": 2184}, {"pitches": [49, 54, 55, 59], "duration": 12, "time": 2220}, {"pitches": [49, 54, 55, 59], "duration": 12, "time": 2220}, {"pitches": [-1], "duration": 12, "time": 2232}, {"pitches": [52, 54, 59], "duration": 12, "time": 2244}, {"pitches": [-1], "duration": 12, "time": 2256}, {"pitches": [54, 55, 59], "duration": 60, "time": 2268}, {"pitches": [54, 59, 60], "duration": 24, "time": 2328}, {"pitches": [54, 59, 60], "duration": 24, "time": 2352}, {"pitches": [-1], "duration": 12, "time": 2376}, {"pitches": [54, 59, 60], "duration": 12, "time": 2388}, {"pitches": [-1], "duration": 12, "time": 2400}, {"pitches": [54, 59, 60], "duration": 12, "time": 2412}, {"pitches": [-1], "duration": 12, "time": 2424}, {"pitches": [54, 59, 60], "duration": 12, "time": 2436}, {"pitches": [-1], "duration": 12, "time": 2448}, {"pitches": [54, 59, 60], "duration": 60, "time": 2460}, {"pitches": [52, 54, 59, 60], "duration": 24, "time": 2520}, {"pitches": [52, 54, 59, 60], "duration": 24, "time": 2544}, {"pitches": [-1], "duration": 12, "time": 2568}, {"pitches": [52, 54, 59, 60], "duration": 12, "time": 2580}, {"pitches": [-1], "duration": 12, "time": 2592}, {"pitches": [52, 54, 59, 60], "duration": 12, "time": 2604}, {"pitches": [-1], "duration": 12, "time": 2616}, {"pitches": [57, 62], "duration": 12, "time": 2628}, {"pitches": [-1], "duration": 12, "time": 2640}, {"pitches": [57, 62], "duration": 60, "time": 2652}, {"pitches": [-1], "duration": 24, "time": 2712}, {"pitches": [52, 59, 62], "duration": 24, "time": 2736}, {"pitches": [-1], "duration": 12, "time": 2760}, {"pitches": [52, 59, 62], "duration": 12, "time": 2772}, {"pitches": [-1], "duration": 12, "time": 2784}, {"pitches": [52, 59, 62], "duration": 12, "time": 2796}, {"pitches": [-1], "duration": 12, "time": 2808}, {"pitches": [52, 54, 59, 60], "duration": 12, "time": 2820}, {"pitches": [-1], "duration": 12, "time": 2832}, {"pitches": [52, 54, 59, 60], "duration": 60, "time": 2844}, {"pitches": [54, 55, 59, 62], "duration": 36, "time": 2904}, {"pitches": [54, 55, 59, 62], "duration": 12, "time": 2940}, {"pitches": [-1], "duration": 36, "time": 2952}, {"pitches": [54, 55, 59, 61], "duration": 12, "time": 2988}, {"pitches": [54, 55, 59, 61], "duration": 12, "time": 2988}, {"pitches": [-1], "duration": 12, "time": 3000}, {"pitches": [54, 59, 60], "duration": 12, "time": 3012}, {"pitches": [-1], "duration": 12, "time": 3024}, {"pitches": [52, 54, 59], "duration": 60, "time": 3036}, {"pitches": [-1], "duration": 24, "time": 3096}, {"pitches": [52, 57, 59, 62], "duration": 24, "time": 3120}, {"pitches": [-1], "duration": 12, "time": 3144}, {"pitches": [52, 57, 59, 62], "duration": 12, "time": 3156}, {"pitches": [-1], "duration": 12, "time": 3168}, {"pitches": [52, 57, 59, 62], "duration": 12, "time": 3180}, {"pitches": [-1], "duration": 12, "time": 3192}, {"pitches": [52, 57, 59, 62], "duration": 36, "time": 3204}, {"pitches": [52, 57, 59, 62], "duration": 24, "time": 3240}, {"pitches": [52, 57, 59, 62], "duration": 24, "time": 3264}, {"pitches": [-1], "duration": 24, "time": 3288}, {"pitches": [52, 55, 59, 62], "duration": 24, "time": 3312}, {"pitches": [-1], "duration": 12, "time": 3336}, {"pitches": [52, 55, 59, 62], "duration": 12, "time": 3348}, {"pitches": [-1], "duration": 12, "time": 3360}, {"pitches": [52, 55, 59, 62], "duration": 12, "time": 3372}, {"pitches": [-1], "duration": 12, "time": 3384}, {"pitches": [52, 59, 62], "duration": 12, "time": 3396}, {"pitches": [-1], "duration": 12, "time": 3408}, {"pitches": [52, 59, 62], "duration": 60, "time": 3420}, {"pitches": [-1], "duration": 24, "time": 3480}, {"pitches": [52, 55, 59, 62], "duration": 24, "time": 3504}, {"pitches": [-1], "duration": 12, "time": 3528}, {"pitches": [52, 55, 59, 62], "duration": 12, "time": 3540}, {"pitches": [-1], "duration": 12, "time": 3552}, {"pitches": [52, 55, 59, 62], "duration": 12, "time": 3564}, {"pitches": [-1], "duration": 12, "time": 3576}, {"pitches": [52, 62], "duration": 12, "time": 3588}, {"pitches": [-1], "duration": 12, "time": 3600}, {"pitches": [52, 62], "duration": 60, "time": 3612}, {"pitches": [-1], "duration": 24, "time": 3672}, {"pitches": [54, 55, 59, 61], "duration": 24, "time": 3696}, {"pitches": [-1], "duration": 12, "time": 3720}, {"pitches": [54, 55, 59, 61], "duration": 12, "time": 3732}, {"pitches": [-1], "duration": 12, "time": 3744}, {"pitches": [54, 55, 59, 61], "duration": 12, "time": 3756}, {"pitches": [-1], "duration": 12, "time": 3768}, {"pitches": [54, 59, 60], "duration": 36, "time": 3780}, {"pitches": [54, 59, 60], "duration": 24, "time": 3816}, {"pitches": [54, 59, 60], "duration": 24, "time": 3840}, {"pitches": [52, 57, 59, 62], "duration": 36, "time": 3864}, {"pitches": [52, 57, 59, 62], "duration": 12, "time": 3900}, {"pitches": [-1], "duration": 36, "time": 3912}, {"pitches": [52, 57, 59, 62], "duration": 12, "time": 3948}, {"pitches": [52, 57, 59, 62], "duration": 12, "time": 3948}, {"pitches": [-1], "duration": 12, "time": 3960}, {"pitches": [52, 57, 59, 62], "duration": 36, "time": 3972}, {"pitches": [52, 57, 59, 62], "duration": 24, "time": 4008}, {"pitches": [52, 57, 59, 62], "duration": 24, "time": 4032}, {"pitches": [52, 55, 59, 62], "duration": 24, "time": 4056}, {"pitches": [52, 55, 59, 62], "duration": 24, "time": 4080}, {"pitches": [-1], "duration": 12, "time": 4104}, {"pitches": [52, 55, 59, 62], "duration": 12, "time": 4116}, {"pitches": [-1], "duration": 12, "time": 4128}, {"pitches": [52, 55, 59, 62], "duration": 12, "time": 4140}, {"pitches": [-1], "duration": 12, "time": 4152}, {"pitches": [52, 57, 59, 62], "duration": 12, "time": 4164}, {"pitches": [-1], "duration": 12, "time": 4176}, {"pitches": [52, 57, 59, 62], "duration": 60, "time": 4188}, {"pitches": [-1], "duration": 24, "time": 4248}, {"pitches": [52, 55, 59, 62], "duration": 24, "time": 4272}, {"pitches": [-1], "duration": 12, "time": 4296}, {"pitches": [52, 55, 59, 62], "duration": 12, "time": 4308}, {"pitches": [-1], "duration": 12, "time": 4320}, {"pitches": [52, 55, 59, 62], "duration": 12, "time": 4332}, {"pitches": [-1], "duration": 12, "time": 4344}, {"pitches": [52, 57, 59, 62], "duration": 12, "time": 4356}, {"pitches": [-1], "duration": 12, "time": 4368}, {"pitches": [54, 61, 62], "duration": 60, "time": 4380}, {"pitches": [59, 61], "duration": 24, "time": 4440}, {"pitches": [59, 61], "duration": 24, "time": 4464}, {"pitches": [-1], "duration": 12, "time": 4488}, {"pitches": [52, 59, 60], "duration": 12, "time": 4500}, {"pitches": [-1], "duration": 12, "time": 4512}, {"pitches": [52, 59, 60], "duration": 12, "time": 4524}, {"pitches": [52, 57, 59, 62], "duration": 96, "time": 4536}], "basses": [{"pitch": 50, "duration": 36}, {"pitch": 50, "duration": 12}, {"pitch": 45, "duration": 36}, {"pitch": 45, "duration": 12}, {"pitch": 45, "duration": 36}, {"pitch": 45, "duration": 12}, {"pitch": 45, "duration": 36}, {"pitch": 45, "duration": 12}, {"pitch": 50, "duration": 36}, {"pitch": 50, "duration": 12}, {"pitch": 50, "duration": 36}, {"pitch": 46, "duration": 12}, {"pitch": 45, "duration": 36}, {"pitch": 40, "duration": 12}, {"pitch": 40, "duration": 36}, {"pitch": 40, "duration": 12}, {"pitch": 45, "duration": 36}, {"pitch": 52, "duration": 12}, {"pitch": 52, "duration": 36}, {"pitch": 52, "duration": 12}, {"pitch": 45, "duration": 36}, {"pitch": 45, "duration": 12}, {"pitch": 45, "duration": 36}, {"pitch": 46, "duration": 12}, {"pitch": 45, "duration": 36}, {"pitch": 40, "duration": 12}, {"pitch": 40, "duration": 36}, {"pitch": 40, "duration": 12}, {"pitch": 50, "duration": 36}, {"pitch": 45, "duration": 12}, {"pitch": 45, "duration": 36}, {"pitch": 45, "duration": 12}, {"pitch": 50, "duration": 36}, {"pitch": 50, "duration": 12}, {"pitch": 50, "duration": 36}, {"pitch": 51, "duration": 12}, {"pitch": 50, "duration": 36}, {"pitch": 50, "duration": 12}, {"pitch": 50, "duration": 36}, {"pitch": 49, "duration": 12}, {"pitch": 38, "duration": 36}, {"pitch": 33, "duration": 12}, {"pitch": 26, "duration": 36}, {"pitch": 33, "duration": 12}, {"pitch": 43, "duration": 36}, {"pitch": 43, "duration": 12}, {"pitch": 43, "duration": 36}, {"pitch": 42, "duration": 12}, {"pitch": 31, "duration": 36}, {"pitch": 26, "duration": 12}, {"pitch": 26, "duration": 36}, {"pitch": 26, "duration": 12}, {"pitch": 38, "duration": 36}, {"pitch": 45, "duration": 12}, {"pitch": 45, "duration": 36}, {"pitch": 45, "duration": 12}, {"pitch": 52, "duration": 36}, {"pitch": 47, "duration": 12}, {"pitch": 45, "duration": 36}, {"pitch": 40, "duration": 12}, {"pitch": 38, "duration": 36}, {"pitch": 33, "duration": 12}, {"pitch": 33, "duration": 36}, {"pitch": 33, "duration": 12}, {"pitch": 38, "duration": 36}, {"pitch": 50, "duration": 12}, {"pitch": 45, "duration": 36}, {"pitch": 39, "duration": 12}, {"pitch": 38, "duration": 36}, {"pitch": 33, "duration": 12}, {"pitch": 33, "duration": 36}, {"pitch": 33, "duration": 12}, {"pitch": 38, "duration": 36}, {"pitch": 45, "duration": 12}, {"pitch": 45, "duration": 36}, {"pitch": 45, "duration": 12}, {"pitch": 43, "duration": 36}, {"pitch": 38, "duration": 12}, {"pitch": 38, "duration": 36}, {"pitch": 38, "duration": 12}, {"pitch": 45, "duration": 36}, {"pitch": 52, "duration": 12}, {"pitch": 52, "duration": 36}, {"pitch": 46, "duration": 12}, {"pitch": 45, "duration": 36}, {"pitch": 45, "duration": 12}, {"pitch": 45, "duration": 36}, {"pitch": 46, "duration": 12}, {"pitch": 45, "duration": 36}, {"pitch": 45, "duration": 12}, {"pitch": 45, "duration": 36}, {"pitch": 52, "duration": 12}, {"pitch": 50, "duration": 36}, {"pitch": 45, "duration": 12}, {"pitch": 45, "duration": 36}, {"pitch": 45, "duration": 12}, {"pitch": 50, "duration": 36}, {"pitch": 45, "duration": 12}, {"pitch": 45, "duration": 36}, {"pitch": 45, "duration": 12}, {"pitch": 50, "duration": 36}, {"pitch": 45, "duration": 12}, {"pitch": 45, "duration": 36}, {"pitch": 45, "duration": 12}, {"pitch": 50, "duration": 36}, {"pitch": 45, "duration": 12}, {"pitch": 45, "duration": 36}, {"pitch": 45, "duration": 12}, {"pitch": 43, "duration": 36}, {"pitch": 38, "duration": 12}, {"pitch": 38, "duration": 36}, {"pitch": 38, "duration": 12}, {"pitch": 43, "duration": 36}, {"pitch": 43, "duration": 12}, {"pitch": 43, "duration": 36}, {"pitch": 49, "duration": 12}, {"pitch": 50, "duration": 36}, {"pitch": 45, "duration": 12}, {"pitch": 45, "duration": 36}, {"pitch": 45, "duration": 12}, {"pitch": 52, "duration": 36}, {"pitch": 47, "duration": 12}, {"pitch": 45, "duration": 36}, {"pitch": 40, "duration": 12}, {"pitch": 38, "duration": 36}, {"pitch": 38, "duration": 12}, {"pitch": 50, "duration": 36}, {"pitch": 45, "duration": 12}, {"pitch": 43, "duration": 36}, {"pitch": 38, "duration": 12}, {"pitch": 38, "duration": 36}, {"pitch": 38, "duration": 12}, {"pitch": 43, "duration": 36}, {"pitch": 50, "duration": 12}, {"pitch": 50, "duration": 36}, {"pitch": 50, "duration": 12}, {"pitch": 48, "duration": 36}, {"pitch": 48, "duration": 12}, {"pitch": 48, "duration": 36}, {"pitch": 44, "duration": 12}, {"pitch": 43, "duration": 36}, {"pitch": 38, "duration": 12}, {"pitch": 38, "duration": 36}, {"pitch": 38, "duration": 12}, {"pitch": 48, "duration": 36}, {"pitch": 43, "duration": 12}, {"pitch": 43, "duration": 36}, {"pitch": 43, "duration": 12}, {"pitch": 43, "duration": 36}, {"pitch": 43, "duration": 12}, {"pitch": 50, "duration": 36}, {"pitch": 44, "duration": 12}, {"pitch": 33, "duration": 36}, {"pitch": 28, "duration": 12}, {"pitch": 28, "duration": 36}, {"pitch": 28, "duration": 12}, {"pitch": 38, "duration": 36}, {"pitch": 45, "duration": 12}, {"pitch": 45, "duration": 36}, {"pitch": 45, "duration": 12}, {"pitch": 43, "duration": 36}, {"pitch": 43, "duration": 12}, {"pitch": 43, "duration": 36}, {"pitch": 44, "duration": 12}, {"pitch": 43, "duration": 36}, {"pitch": 38, "duration": 12}, {"pitch": 38, "duration": 36}, {"pitch": 38, "duration": 12}, {"pitch": 48, "duration": 36}, {"pitch": 43, "duration": 12}, {"pitch": 43, "duration": 36}, {"pitch": 43, "duration": 12}, {"pitch": 43, "duration": 36}, {"pitch": 43, "duration": 12}, {"pitch": 50, "duration": 36}, {"pitch": 50, "duration": 12}, {"pitch": 48, "duration": 36}, {"pitch": 48, "duration": 12}, {"pitch": 48, "duration": 36}, {"pitch": 42, "duration": 12}, {"pitch": 31, "duration": 36}, {"pitch": 31, "duration": 12}, {"pitch": 40, "duration": 36}, {"pitch": 47, "duration": 12}, {"pitch": 45, "duration": 36}, {"pitch": 40, "duration": 12}, {"pitch": 38, "duration": 36}, {"pitch": 38, "duration": 12}, {"pitch": 43, "duration": 36}, {"pitch": 43, "duration": 12}, {"pitch": 43, "duration": 36}, {"pitch": 43, "duration": 12}]}], "time_signatures": [{"numerator": 4, "denominator": 4, "time": 0}], "chord_symbols": [[50, "major", null], [50, "major", null], [45, "dominant-seventh", null], [45, "dominant-seventh", null], [50, "major", null], [45, "dominant-seventh", null], [50, "major", null], [50, "major", null], [50, "dominant-seventh", null], [55, "major", null], [55, "major", null], [50, "major", null], [52, "minor", null], [45, "dominant-seventh", null], [50, "major", null], [45, "dominant-seventh", null], [50, "major", null], [50, "major", null], [55, "major", null], [45, "dominant-seventh", null], [45, "dominant-seventh", null], [45, "dominant-seventh", null], [50, "major", null], [45, "dominant-seventh", null], [50, "major", null], [50, "major", null], [55, "major", null], [55, "major", null], [50, "major", null], [52, "minor", null], [45, "dominant-seventh", null], [50, "major", null], [50, "dominant-seventh", null], [55, "major", null], [48, "major", null], [55, "major", null], [48, "major", null], [55, "major", null], [45, "dominant-seventh", null], [50, "dominant-seventh", null], [55, "major", null], [48, "major", null], [55, "major", null], [48, "major", null], [55, "major", null], [52, "dominant-seventh", null], [45, "dominant-seventh", null], [50, "dominant-seventh", null], [55, "major", null]], "tempos": [{"qpm": 120, "time": 0}], "beats": [{"time": 0, "is_downbeat": true}, {"time": 24, "is_downbeat": true}, {"time": 48, "is_downbeat": false}, {"time": 72, "is_downbeat": false}, {"time": 96, "is_downbeat": false}, {"time": 120, "is_downbeat": true}, {"time": 144, "is_downbeat": false}, {"time": 168, "is_downbeat": false}, {"time": 192, "is_downbeat": false}, {"time": 216, "is_downbeat": true}, {"time": 240, "is_downbeat": false}, {"time": 264, "is_downbeat": false}, {"time": 288, "is_downbeat": false}, {"time": 312, "is_downbeat": true}, {"time": 336, "is_downbeat": false}, {"time": 360, "is_downbeat": false}, {"time": 384, "is_downbeat": false}, {"time": 408, "is_downbeat": true}, {"time": 432, "is_downbeat": false}, {"time": 456, "is_downbeat": false}, {"time": 480, "is_downbeat": false}, {"time": 504, "is_downbeat": true}, {"time": 528, "is_downbeat": false}, {"time": 552, "is_downbeat": false}, {"time": 576, "is_downbeat": false}, {"time": 600, "is_downbeat": true}, {"time": 624, "is_downbeat": false}, {"time": 648, "is_downbeat": false}, {"time": 672, "is_downbeat": false}, {"time": 696, "is_downbeat": true}, {"time": 720, "is_downbeat": false}, {"time": 744, "is_downbeat": false}, {"time": 768, "is_downbeat": false}, {"time": 792, "is_downbeat": true}, {"time": 816, "is_downbeat": false}, {"time": 840, "is_downbeat": false}, {"time": 864, "is_downbeat": false}, {"time": 888, "is_downbeat": true}, {"time": 912, "is_downbeat": false}, {"time": 936, "is_downbeat": false}, {"time": 960, "is_downbeat": false}, {"time": 984, "is_downbeat": true}, {"time": 1008, "is_downbeat": false}, {"time": 1032, "is_downbeat": false}, {"time": 1056, "is_downbeat": false}, {"time": 1080, "is_downbeat": true}, {"time": 1104, "is_downbeat": false}, {"time": 1128, "is_downbeat": false}, {"time": 1152, "is_downbeat": false}, {"time": 1176, "is_downbeat": true}, {"time": 1200, "is_downbeat": false}, {"time": 1224, "is_downbeat": false}, {"time": 1248, "is_downbeat": false}, {"time": 1272, "is_downbeat": true}, {"time": 1296, "is_downbeat": false}, {"time": 1320, "is_downbeat": false}, {"time": 1344, "is_downbeat": false}, {"time": 1368, "is_downbeat": true}, {"time": 1392, "is_downbeat": false}, {"time": 1416, "is_downbeat": false}, {"time": 1440, "is_downbeat": false}, {"time": 1464, "is_downbeat": true}, {"time": 1488, "is_downbeat": false}, {"time": 1512, "is_downbeat": false}, {"time": 1536, "is_downbeat": false}, {"time": 1560, "is_downbeat": true}, {"time": 1584, "is_downbeat": false}, {"time": 1608, "is_downbeat": false}, {"time": 1632, "is_downbeat": false}, {"time": 1656, "is_downbeat": true}, {"time": 1680, "is_downbeat": false}, {"time": 1704, "is_downbeat": false}, {"time": 1728, "is_downbeat": false}, {"time": 1752, "is_downbeat": true}, {"time": 1776, "is_downbeat": false}, {"time": 1800, "is_downbeat": false}, {"time": 1824, "is_downbeat": false}, {"time": 1848, "is_downbeat": true}, {"time": 1872, "is_downbeat": false}, {"time": 1896, "is_downbeat": false}, {"time": 1920, "is_downbeat": false}, {"time": 1944, "is_downbeat": true}, {"time": 1968, "is_downbeat": false}, {"time": 1992, "is_downbeat": false}, {"time": 2016, "is_downbeat": false}, {"time": 2040, "is_downbeat": true}, {"time": 2064, "is_downbeat": false}, {"time": 2088, "is_downbeat": false}, {"time": 2112, "is_downbeat": false}, {"time": 2136, "is_downbeat": true}, {"time": 2160, "is_downbeat": false}, {"time": 2184, "is_downbeat": false}, {"time": 2208, "is_downbeat": false}, {"time": 2232, "is_downbeat": true}, {"time": 2256, "is_downbeat": false}, {"time": 2280, "is_downbeat": false}, {"time": 2304, "is_downbeat": false}, {"time": 2328, "is_downbeat": true}, {"time": 2352, "is_downbeat": false}, {"time": 2376, "is_downbeat": false}, {"time": 2400, "is_downbeat": false}, {"time": 2424, "is_downbeat": true}, {"time": 2448, "is_downbeat": false}, {"time": 2472, "is_downbeat": false}, {"time": 2496, "is_downbeat": false}, {"time": 2520, "is_downbeat": true}, {"time": 2544, "is_downbeat": false}, {"time": 2568, "is_downbeat": false}, {"time": 2592, "is_downbeat": false}, {"time": 2616, "is_downbeat": true}, {"time": 2640, "is_downbeat": false}, {"time": 2664, "is_downbeat": false}, {"time": 2688, "is_downbeat": false}, {"time": 2712, "is_downbeat": true}, {"time": 2736, "is_downbeat": false}, {"time": 2760, "is_downbeat": false}, {"time": 2784, "is_downbeat": false}, {"time": 2808, "is_downbeat": true}, {"time": 2832, "is_downbeat": false}, {"time": 2856, "is_downbeat": false}, {"time": 2880, "is_downbeat": false}, {"time": 2904, "is_downbeat": true}, {"time": 2928, "is_downbeat": false}, {"time": 2952, "is_downbeat": false}, {"time": 2976, "is_downbeat": false}, {"time": 3000, "is_downbeat": true}, {"time": 3024, "is_downbeat": false}, {"time": 3048, "is_downbeat": false}, {"time": 3072, "is_downbeat": false}, {"time": 3096, "is_downbeat": true}, {"time": 3120, "is_downbeat": false}, {"time": 3144, "is_downbeat": false}, {"time": 3168, "is_downbeat": false}, {"time": 3192, "is_downbeat": true}, {"time": 3216, "is_downbeat": false}, {"time": 3240, "is_downbeat": false}, {"time": 3264, "is_downbeat": false}, {"time": 3288, "is_downbeat": true}, {"time": 3312, "is_downbeat": false}, {"time": 3336, "is_downbeat": false}, {"time": 3360, "is_downbeat": false}, {"time": 3384, "is_downbeat": true}, {"time": 3408, "is_downbeat": false}, {"time": 3432, "is_downbeat": false}, {"time": 3456, "is_downbeat": false}, {"time": 3480, "is_downbeat": true}, {"time": 3504, "is_downbeat": false}, {"time": 3528, "is_downbeat": false}, {"time": 3552, "is_downbeat": false}, {"time": 3576, "is_downbeat": true}, {"time": 3600, "is_downbeat": false}, {"time": 3624, "is_downbeat": false}, {"time": 3648, "is_downbeat": false}, {"time": 3672, "is_downbeat": true}, {"time": 3696, "is_downbeat": false}, {"time": 3720, "is_downbeat": false}, {"time": 3744, "is_downbeat": false}, {"time": 3768, "is_downbeat": true}, {"time": 3792, "is_downbeat": false}, {"time": 3816, "is_downbeat": false}, {"time": 3840, "is_downbeat": false}, {"time": 3864, "is_downbeat": true}, {"time": 3888, "is_downbeat": false}, {"time": 3912, "is_downbeat": false}, {"time": 3936, "is_downbeat": false}, {"time": 3960, "is_downbeat": true}, {"time": 3984, "is_downbeat": false}, {"time": 4008, "is_downbeat": false}, {"time": 4032, "is_downbeat": false}, {"time": 4056, "is_downbeat": true}, {"time": 4080, "is_downbeat": false}, {"time": 4104, "is_downbeat": false}, {"time": 4128, "is_downbeat": false}, {"time": 4152, "is_downbeat": true}, {"time": 4176, "is_downbeat": false}, {"time": 4200, "is_downbeat": false}, {"time": 4224, "is_downbeat": false}, {"time": 4248, "is_downbeat": true}, {"time": 4272, "is_downbeat": false}, {"time": 4296, "is_downbeat": false}, {"time": 4320, "is_downbeat": false}, {"time": 4344, "is_downbeat": true}, {"time": 4368, "is_downbeat": false}, {"time": 4392, "is_downbeat": false}, {"time": 4416, "is_downbeat": false}, {"time": 4440, "is_downbeat": true}, {"time": 4464, "is_downbeat": false}, {"time": 4488, "is_downbeat": false}, {"time": 4512, "is_downbeat": false}, {"time": 4536, "is_downbeat": true}, {"time": 4560, "is_downbeat": false}, {"time": 4584, "is_downbeat": false}, {"time": 4608, "is_downbeat": false}]}