{"metadata": {"title": "swedish-masquerade"}, "tracks": [{"notes": [{"pitch": 62, "duration": 24}, {"pitch": 67, "duration": 48}, {"pitch": 67, "duration": 36}, {"pitch": 67, "duration": 12}, {"pitch": 67, "duration": 48}, {"pitch": 69, "duration": 24}, {"pitch": 72, "duration": 24}, {"pitch": 71, "duration": 48}, {"pitch": 71, "duration": 36}, {"pitch": 71, "duration": 12}, {"pitch": 71, "duration": 48}, {"pitch": 72, "duration": 24}, {"pitch": 76, "duration": 24}, {"pitch": 76, "duration": 24}, {"pitch": 74, "duration": 24}, {"pitch": 71, "duration": 24}, {"pitch": 74, "duration": 24}, {"pitch": 74, "duration": 24}, {"pitch": 72, "duration": 24}, {"pitch": 69, "duration": 24}, {"pitch": 66, "duration": 24}, {"pitch": 67, "duration": 48}, {"pitch": 67, "duration": 36}, {"pitch": 67, "duration": 12}, {"pitch": 67, "duration": 24}, {"pitch": 62, "duration": 24}, {"pitch": 59, "duration": 24}, {"pitch": 67, "duration": 72}, {"pitch": 71, "duration": 12}, {"pitch": 72, "duration": 12}, {"pitch": 74, "duration": 24}, {"pitch": 71, "duration": 24}, {"pitch": 79, "duration": 12}, {"pitch": 76, "duration": 12}, {"pitch": 74, "duration": 24}, {"pitch": 71, "duration": 24}, {"pitch": 76, "duration": 12}, {"pitch": 74, "duration": 12}, {"pitch": 72, "duration": 24}, {"pitch": 69, "duration": 24}, {"pitch": 71, "duration": 12}, {"pitch": 69, "duration": 12}, {"pitch": 67, "duration": 12}, {"pitch": 66, "duration": 12}, {"pitch": 67, "duration": 12}, {"pitch": 69, "duration": 12}, {"pitch": 71, "duration": 12}, {"pitch": 72, "duration": 12}, {"pitch": 74, "duration": 24}, {"pitch": 71, "duration": 24}, {"pitch": 79, "duration": 12}, {"pitch": 76, "duration": 12}, {"pitch": 74, "duration": 24}, {"pitch": 71, "duration": 24}, {"pitch": 76, "duration": 12}, {"pitch": 74, "duration": 12}, {"pitch": 72, "duration": 24}, {"pitch": 69, "duration": 24}, {"pitch": 66, "duration": 24}, {"pitch": 67, "duration": 48}, {"pitch": 71, "duration": 12}, {"pitch": 72, "duration": 12}, {"pitch": 74, "duration": 24}, {"pitch": 71, "duration": 24}, {"pitch": 79, "duration": 24}, {"pitch": 76, "duration": 24}, {"pitch": 74, "duration": 24}, {"pitch": 71, "duration": 24}, {"pitch": 67, "duration": 24}, {"pitch": 71, "duration": 24}, {"pitch": 74, "duration": 24}, {"pitch": 72, "duration": 24}, {"pitch": 69, "duration": 24}, {"pitch": 72, "duration": 24}, {"pitch": 76, "duration": 24}, {"pitch": 74, "duration": 24}, {"pitch": 71, "duration": 24}, {"pitch": 71, "duration": 12}, {"pitch": 72, "duration": 12}, {"pitch": 74, "duration": 24}, {"pitch": 71, "duration": 24}, {"pitch": 79, "duration": 24}, {"pitch": 76, "duration": 24}, {"pitch": 74, "duration": 24}, {"pitch": 71, "duration": 24}, {"pitch": 67, "duration": 24}, {"pitch": 71, "duration": 24}, {"pitch": 74, "duration": 24}, {"pitch": 72, "duration": 24}, {"pitch": 69, "duration": 24}, {"pitch": 66, "duration": 24}, {"pitch": 67, "duration": 72}], "voicings": [{"pitches": [57, 59, 62, 64], "duration": 24, "time": 48}, {"pitches": [-1], "duration": 12, "time": 72}, {"pitches": [57, 59, 62, 64], "duration": 12, "time": 84}, {"pitches": [-1], "duration": 12, "time": 96}, {"pitches": [57, 59, 62, 64], "duration": 12, "time": 108}, {"pitches": [-1], "duration": 12, "time": 120}, {"pitches": [52, 57, 59, 62], "duration": 36, "time": 132}, {"pitches": [52, 54, 59, 60], "duration": 24, "time": 168}, {"pitches": [52, 54, 59, 60], "duration": 24, "time": 192}, {"pitches": [-1], "duration": 24, "time": 216}, {"pitches": [52, 57, 59, 62], "duration": 24, "time": 240}, {"pitches": [-1], "duration": 12, "time": 264}, {"pitches": [52, 57, 59, 62], "duration": 12, "time": 276}, {"pitches": [-1], "duration": 12, "time": 288}, {"pitches": [52, 57, 59, 62], "duration": 12, "time": 300}, {"pitches": [-1], "duration": 12, "time": 312}, {"pitches": [52, 57, 59, 62], "duration": 36, "time": 324}, {"pitches": [52, 55, 62], "duration": 24, "time": 360}, {"pitches": [52, 55, 62], "duration": 24, "time": 384}, {"pitches": [-1], "duration": 24, "time": 408}, {"pitches": [52, 57, 59, 62], "duration": 24, "time": 432}, {"pitches": [-1], "duration": 12, "time": 456}, {"pitches": [52, 57, 59, 62], "duration": 12, "time": 468}, {"pitches": [-1], "duration": 12, "time": 480}, {"pitches": [52, 57, 59, 62], "duration": 12, "time": 492}, {"pitches": [-1], "duration": 12, "time": 504}, {"pitches": [52, 54, 59, 60], "duration": 12, "time": 516}, {"pitches": [-1], "duration": 12, "time": 528}, {"pitches": [52, 54, 59, 60], "duration": 60, "time": 540}, {"pitches": [57, 59, 62], "duration": 24, "time": 600}, {"pitches": [57, 59, 62], "duration": 24, "time": 624}, {"pitches": [-1], "duration": 12, "time": 648}, {"pitches": [52, 55, 59, 62], "duration": 12, "time": 660}, {"pitches": [-1], "duration": 12, "time": 672}, {"pitches": [52, 55, 59, 62], "duration": 12, "time": 684}, {"pitches": [52, 57, 59, 62], "duration": 96, "time": 696}, {"pitches": [52, 57, 59, 62], "duration": 96, "time": 792}, {"pitches": [52, 57, 59, 62], "duration": 24, "time": 888}, {"pitches": [52, 57, 59, 62], "duration": 24, "time": 912}, {"pitches": [-1], "duration": 12, "time": 936}, {"pitches": [52, 57, 59, 62], "duration": 12, "time": 948}, {"pitches": [-1], "duration": 12, "time": 960}, {"pitches": [52, 57, 59, 62], "duration": 12, "time": 972}, {"pitches": [-1], "duration": 12, "time": 984}, {"pitches": [52, 54, 59, 60], "duration": 36, "time": 996}, {"pitches": [52, 54, 59, 60], "duration": 24, "time": 1032}, {"pitches": [52, 54, 59, 60], "duration": 24, "time": 1056}, {"pitches": [52, 57, 59, 62], "duration": 36, "time": 1080}, {"pitches": [52, 57, 59, 62], "duration": 12, "time": 1116}, {"pitches": [-1], "duration": 36, "time": 1128}, {"pitches": [57, 59, 62], "duration": 12, "time": 1164}, {"pitches": [57, 59, 62], "duration": 12, "time": 1164}, {"pitches": [-1], "duration": 12, "time": 1176}, {"pitches": [57, 59, 62], "duration": 36, "time": 1188}, {"pitches": [52, 57, 62], "duration": 24, "time": 1224}, {"pitches": [52, 57, 62], "duration": 24, "time": 1248}, {"pitches": [-1], "duration": 24, "time": 1272}, {"pitches": [52, 54, 59, 60], "duration": 24, "time": 1296}, {"pitches": [-1], "duration": 12, "time": 1320}, {"pitches": [52, 54, 59, 60], "duration": 12, "time": 1332}, {"pitches": [-1], "duration": 12, "time": 1344}, {"pitches": [52, 54, 59, 60], "duration": 12, "time": 1356}, {"pitches": [-1], "duration": 12, "time": 1368}, {"pitches": [52, 57, 62], "duration": 36, "time": 1380}, {"pitches": [52, 57, 62], "duration": 24, "time": 1416}, {"pitches": [52, 57, 59, 62], "duration": 24, "time": 1440}, {"pitches": [52, 57, 59, 62], "duration": 24, "time": 1464}, {"pitches": [52, 57, 59, 62], "duration": 24, "time": 1488}, {"pitches": [-1], "duration": 12, "time": 1512}, {"pitches": [52, 57, 59, 62], "duration": 12, "time": 1524}, {"pitches": [-1], "duration": 12, "time": 1536}, {"pitches": [52, 59, 62], "duration": 12, "time": 1548}, {"pitches": [52, 54, 60], "duration": 96, "time": 1560}, {"pitches": [52, 57, 59], "duration": 96, "time": 1656}], "basses": [{"pitch": 43, "duration": 36}, {"pitch": 43, "duration": 12}, {"pitch": 50, "duration": 36}, {"pitch": 44, "duration": 12}, {"pitch": 43, "duration": 36}, {"pitch": 38, "duration": 12}, {"pitch": 38, "duration": 36}, {"pitch": 38, "duration": 12}, {"pitch": 43, "duration": 36}, {"pitch": 50, "duration": 12}, {"pitch": 50, "duration": 36}, {"pitch": 50, "duration": 12}, {"pitch": 43, "duration": 36}, {"pitch": 38, "duration": 12}, {"pitch": 36, "duration": 36}, {"pitch": 36, "duration": 12}, {"pitch": 43, "duration": 36}, {"pitch": 50, "duration": 12}, {"pitch": 50, "duration": 36}, {"pitch": 50, "duration": 12}, {"pitch": 50, "duration": 36}, {"pitch": 50, "duration": 12}, {"pitch": 45, "duration": 36}, {"pitch": 42, "duration": 12}, {"pitch": 31, "duration": 36}, {"pitch": 26, "duration": 12}, {"pitch": 24, "duration": 36}, {"pitch": 31, "duration": 12}, {"pitch": 43, "duration": 36}, {"pitch": 43, "duration": 12}, {"pitch": 43, "duration": 36}, {"pitch": 43, "duration": 12}, {"pitch": 43, "duration": 36}, {"pitch": 43, "duration": 12}, {"pitch": 43, "duration": 36}, {"pitch": 43, "duration": 12}, {"pitch": 43, "duration": 36}, {"pitch": 43, "duration": 12}, {"pitch": 43, "duration": 36}, {"pitch": 43, "duration": 12}, {"pitch": 50, "duration": 36}, {"pitch": 50, "duration": 12}, {"pitch": 50, "duration": 36}, {"pitch": 50, "duration": 12}, {"pitch": 43, "duration": 36}, {"pitch": 38, "duration": 12}, {"pitch": 31, "duration": 36}, {"pitch": 31, "duration": 12}, {"pitch": 31, "duration": 36}, {"pitch": 43, "duration": 12}, {"pitch": 43, "duration": 36}, {"pitch": 43, "duration": 12}, {"pitch": 50, "duration": 36}, {"pitch": 50, "duration": 12}, {"pitch": 50, "duration": 36}, {"pitch": 50, "duration": 12}, {"pitch": 43, "duration": 36}, {"pitch": 38, "duration": 12}, {"pitch": 31, "duration": 36}, {"pitch": 31, "duration": 12}, {"pitch": 31, "duration": 36}, {"pitch": 43, "duration": 12}, {"pitch": 43, "duration": 36}, {"pitch": 43, "duration": 12}, {"pitch": 43, "duration": 36}, {"pitch": 43, "duration": 12}, {"pitch": 50, "duration": 36}, {"pitch": 50, "duration": 12}, {"pitch": 50, "duration": 36}, {"pitch": 50, "duration": 12}, {"pitch": 43, "duration": 36}, {"pitch": 43, "duration": 12}]}], "time_signatures": [{"numerator": 4, "denominator": 4, "time": 0}, {"numerator": 3, "denominator": 4, "time": 840}, {"numerator": 4, "denominator": 4, "time": 1416}], "chord_symbols": [[55, "major", null], [55, "major", null], [50, "dominant-seventh", null], [55, "major", null], [55, "major", null], [48, "major", null], [55, "major", null], [50, "dominant-seventh", null], [55, "major", null], [48, "major", null], [55, "major", null], [50, "dominant-seventh", null], [55, "major", null], [55, "major", null], [55, "major", null], [50, "dominant-seventh", null], [55, "major", null], [55, "major", null], [55, "major", null], [50, "dominant-seventh", null], [55, "major", null], [55, "major", null], [55, "major", null], [50, "dominant-seventh", null], [55, "major", null], [55, "major", null], [55, "major", null], [50, "dominant-seventh", null], [55, "major", null]], "tempos": [{"qpm": 120, "time": 0}], "beats": [{"time": 0, "is_downbeat": true}, {"time": 24, "is_downbeat": true}, {"time": 48, "is_downbeat": false}, {"time": 72, "is_downbeat": false}, {"time": 96, "is_downbeat": true}, {"time": 120, "is_downbeat": true}, {"time": 144, "is_downbeat": false}, {"time": 168, "is_downbeat": false}, {"time": 192, "is_downbeat": true}, {"time": 216, "is_downbeat": true}, {"time": 240, "is_downbeat": false}, {"time": 264, "is_downbeat": false}, {"time": 288, "is_downbeat": true}, {"time": 312, "is_downbeat": true}, {"time": 336, "is_downbeat": false}, {"time": 360, "is_downbeat": false}, {"time": 384, "is_downbeat": true}, {"time": 408, "is_downbeat": true}, {"time": 432, "is_downbeat": false}, {"time": 456, "is_downbeat": false}, {"time": 480, "is_downbeat": true}, {"time": 504, "is_downbeat": true}, {"time": 528, "is_downbeat": false}, {"time": 552, "is_downbeat": false}, {"time": 576, "is_downbeat": true}, {"time": 600, "is_downbeat": true}, {"time": 624, "is_downbeat": false}, {"time": 648, "is_downbeat": false}, {"time": 672, "is_downbeat": true}, {"time": 696, "is_downbeat": true}, {"time": 720, "is_downbeat": false}, {"time": 744, "is_downbeat": false}, {"time": 768, "is_downbeat": true}, {"time": 792, "is_downbeat": false}, {"time": 816, "is_downbeat": false}, {"time": 840, "is_downbeat": true}, {"time": 864, "is_downbeat": true}, {"time": 888, "is_downbeat": false}, {"time": 912, "is_downbeat": false}, {"time": 936, "is_downbeat": true}, {"time": 960, "is_downbeat": false}, {"time": 984, "is_downbeat": false}, {"time": 1008, "is_downbeat": true}, {"time": 1032, "is_downbeat": false}, {"time": 1056, "is_downbeat": false}, {"time": 1080, "is_downbeat": true}, {"time": 1104, "is_downbeat": false}, {"time": 1128, "is_downbeat": false}, {"time": 1152, "is_downbeat": true}, {"time": 1176, "is_downbeat": false}, {"time": 1200, "is_downbeat": false}, {"time": 1224, "is_downbeat": true}, {"time": 1248, "is_downbeat": false}, {"time": 1272, "is_downbeat": false}, {"time": 1296, "is_downbeat": true}, {"time": 1320, "is_downbeat": false}, {"time": 1344, "is_downbeat": false}, {"time": 1368, "is_downbeat": true}, {"time": 1392, "is_downbeat": false}, {"time": 1416, "is_downbeat": true}, {"time": 1440, "is_downbeat": true}, {"time": 1464, "is_downbeat": false}, {"time": 1488, "is_downbeat": false}, {"time": 1512, "is_downbeat": false}, {"time": 1536, "is_downbeat": true}, {"time": 1560, "is_downbeat": false}, {"time": 1584, "is_downbeat": false}, {"time": 1608, "is_downbeat": false}, {"time": 1632, "is_downbeat": true}, {"time": 1656, "is_downbeat": false}, {"time": 1680, "is_downbeat": false}, {"time": 1704, "is_downbeat": false}, {"time": 1728, "is_downbeat": true}, {"time": 1752, "is_downbeat": false}, {"time": 1776, "is_downbeat": false}, {"time": 1800, "is_downbeat": false}, {"time": 1824, "is_downbeat": true}, {"time": 1848, "is_downbeat": false}, {"time": 1872, "is_downbeat": false}, {"time": 1896, "is_downbeat": false}, {"time": 1920, "is_downbeat": true}, {"time": 1944, "is_downbeat": false}, {"time": 1968, "is_downbeat": false}, {"time": 1992, "is_downbeat": false}, {"time": 2016, "is_downbeat": true}, {"time": 2040, "is_downbeat": false}, {"time": 2064, "is_downbeat": false}, {"time": 2088, "is_downbeat": false}, {"time": 2112, "is_downbeat": true}, {"time": 2136, "is_downbeat": false}, {"time": 2160, "is_downbeat": false}, {"time": 2184, "is_downbeat": false}]}