{"metadata": {"title": "up-jumped-the-devil"}, "tracks": [{"notes": [{"pitch": 71, "duration": 12}, {"pitch": 73, "duration": 12}, {"pitch": 76, "duration": 24}, {"pitch": 76, "duration": 12}, {"pitch": 76, "duration": 12}, {"pitch": 78, "duration": 24}, {"pitch": 78, "duration": 24}, {"pitch": 81, "duration": 24}, {"pitch": 81, "duration": 24}, {"pitch": 78, "duration": 24}, {"pitch": 76, "duration": 24}, {"pitch": 76, "duration": 24}, {"pitch": 81, "duration": 24}, {"pitch": 78, "duration": 24}, {"pitch": 76, "duration": 24}, {"pitch": 80, "duration": 72}, {"pitch": 76, "duration": 24}, {"pitch": 76, "duration": 12}, {"pitch": 80, "duration": 12}, {"pitch": 83, "duration": 12}, {"pitch": 76, "duration": 12}, {"pitch": 80, "duration": 12}, {"pitch": 83, "duration": 12}, {"pitch": 76, "duration": 12}, {"pitch": 80, "duration": 12}, {"pitch": 83, "duration": 12}, {"pitch": 76, "duration": 12}, {"pitch": 80, "duration": 12}, {"pitch": 83, "duration": 12}, {"pitch": 80, "duration": 24}, {"pitch": 78, "duration": 24}, {"pitch": 76, "duration": 12}, {"pitch": 78, "duration": 12}, {"pitch": 80, "duration": 12}, {"pitch": 76, "duration": 12}, {"pitch": 78, "duration": 24}, {"pitch": 76, "duration": 24}, {"pitch": 81, "duration": 72}, {"pitch": 76, "duration": 24}, {"pitch": 76, "duration": 12}, {"pitch": 73, "duration": 12}, {"pitch": 76, "duration": 12}, {"pitch": 73, "duration": 12}, {"pitch": 78, "duration": 12}, {"pitch": 73, "duration": 12}, {"pitch": 78, "duration": 12}, {"pitch": 73, "duration": 12}, {"pitch": 81, "duration": 12}, {"pitch": 73, "duration": 12}, {"pitch": 81, "duration": 12}, {"pitch": 73, "duration": 12}, {"pitch": 78, "duration": 24}, {"pitch": 76, "duration": 24}, {"pitch": 79, "duration": 24}, {"pitch": 80, "duration": 48}, {"pitch": 80, "duration": 24}, {"pitch": 78, "duration": 72}, {"pitch": 81, "duration": 24}, {"pitch": 81, "duration": 36}, {"pitch": 83, "duration": 12}, {"pitch": 81, "duration": 24}, {"pitch": 78, "duration": 24}, {"pitch": 76, "duration": 36}, {"pitch": 78, "duration": 12}, {"pitch": 76, "duration": 24}, {"pitch": 76, "duration": 12}, {"pitch": 78, "duration": 12}, {"pitch": 80, "duration": 12}, {"pitch": 78, "duration": 12}, {"pitch": 76, "duration": 12}, {"pitch": 74, "duration": 12}, {"pitch": 73, "duration": 24}, {"pitch": 71, "duration": 24}, {"pitch": 69, "duration": 48}, {"pitch": 68, "duration": 24}, {"pitch": 66, "duration": 24}, {"pitch": 64, "duration": 24}, {"pitch": 69, "duration": 12}, {"pitch": 69, "duration": 12}, {"pitch": 66, "duration": 24}, {"pitch": 69, "duration": 24}, {"pitch": 64, "duration": 24}, {"pitch": 69, "duration": 12}, {"pitch": 69, "duration": 12}, {"pitch": 66, "duration": 24}, {"pitch": 69, "duration": 24}, {"pitch": 64, "duration": 24}, {"pitch": 69, "duration": 12}, {"pitch": 69, "duration": 12}, {"pitch": 66, "duration": 24}, {"pitch": 69, "duration": 24}, {"pitch": 71, "duration": 24}, {"pitch": 76, "duration": 24}, {"pitch": 76, "duration": 48}, {"pitch": 76, "duration": 12}, {"pitch": 78, "duration": 12}, {"pitch": 80, "duration": 12}, {"pitch": 76, "duration": 12}, {"pitch": 78, "duration": 12}, {"pitch": 80, "duration": 12}, {"pitch": 76, "duration": 12}, {"pitch": 78, "duration": 12}, {"pitch": 80, "duration": 12}, {"pitch": 76, "duration": 12}, {"pitch": 78, "duration": 12}, {"pitch": 80, "duration": 12}, {"pitch": 78, "duration": 24}, {"pitch": 76, "duration": 24}, {"pitch": 76, "duration": 12}, {"pitch": 78, "duration": 12}, {"pitch": 80, "duration": 12}, {"pitch": 76, "duration": 12}, {"pitch": 78, "duration": 24}, {"pitch": 76, "duration": 24}, {"pitch": 81, "duration": 96}, {"pitch": 64, "duration": 24}, {"pitch": 69, "duration": 12}, {"pitch": 69, "duration": 12}, {"pitch": 66, "duration": 24}, {"pitch": 69, "duration": 24}, {"pitch": 64, "duration": 24}, {"pitch": 69, "duration": 12}, {"pitch": 69, "duration": 12}, {"pitch": 66, "duration": 24}, {"pitch": 69, "duration": 24}, {"pitch": 64, "duration": 24}, {"pitch": 69, "duration": 24}, {"pitch": 73, "duration": 24}, {"pitch": 69, "duration": 24}, {"pitch": 74, "duration": 72}, {"pitch": 81, "duration": 24}, {"pitch": 81, "duration": 36}, {"pitch": 83, "duration": 12}, {"pitch": 81, "duration": 24}, {"pitch": 78, "duration": 24}, {"pitch": 76, "duration": 36}, {"pitch": 78, "duration": 12}, {"pitch": 76, "duration": 24}, {"pitch": 81, "duration": 24}, {"pitch": 80, "duration": 12}, {"pitch": 78, "duration": 12}, {"pitch": 76, "duration": 12}, {"pitch": 74, "duration": 12}, {"pitch": 73, "duration": 24}, {"pitch": 71, "duration": 24}, {"pitch": 69, "duration": 72}], "voicings": [{"pitches": [52, 59, 61], "duration": 24, "time": 24}, {"pitches": [52, 59, 61], "duration": 24, "time": 48}, {"pitches": [-1], "duration": 12, "time": 72}, {"pitches": [52, 59, 61], "duration": 12, "time": 84}, {"pitches": [-1], "duration": 12, "time": 96}, {"pitches": [52, 59, 61], "duration": 12, "time": 108}, {"pitches": [-1], "duration": 12, "time": 120}, {"pitches": [49, 52, 54, 59], "duration": 36, "time": 132}, {"pitches": [49, 52, 54, 59], "duration": 24, "time": 168}, {"pitches": [49, 52, 54, 59], "duration": 24, "time": 192}, {"pitches": [52, 59, 61], "duration": 36, "time": 216}, {"pitches": [52, 59, 61], "duration": 12, "time": 252}, {"pitches": [-1], "duration": 36, "time": 264}, {"pitches": [52, 59, 61], "duration": 12, "time": 300}, {"pitches": [52, 59, 61], "duration": 12, "time": 300}, {"pitches": [-1], "duration": 12, "time": 312}, {"pitches": [54, 56, 61, 62], "duration": 12, "time": 324}, {"pitches": [-1], "duration": 12, "time": 336}, {"pitches": [54, 56, 61, 62], "duration": 60, "time": 348}, {"pitches": [54, 56, 61, 62], "duration": 36, "time": 408}, {"pitches": [54, 56, 61, 62], "duration": 12, "time": 444}, {"pitches": [-1], "duration": 36, "time": 456}, {"pitches": [54, 56, 61, 62], "duration": 12, "time": 492}, {"pitches": [54, 56, 61, 62], "duration": 12, "time": 492}, {"pitches": [-1], "duration": 12, "time": 504}, {"pitches": [54, 56, 61], "duration": 36, "time": 516}, {"pitches": [54, 56, 61], "duration": 24, "time": 552}, {"pitches": [54, 56, 61], "duration": 24, "time": 576}, {"pitches": [-1], "duration": 24, "time": 600}, {"pitches": [54, 56, 62], "duration": 24, "time": 624}, {"pitches": [-1], "duration": 12, "time": 648}, {"pitches": [53, 56, 58, 61], "duration": 12, "time": 660}, {"pitches": [-1], "duration": 12, "time": 672}, {"pitches": [51, 60], "duration": 12, "time": 684}, {"pitches": [-1], "duration": 12, "time": 696}, {"pitches": [49, 52, 59], "duration": 12, "time": 708}, {"pitches": [-1], "duration": 12, "time": 720}, {"pitches": [54, 56, 61, 62], "duration": 60, "time": 732}, {"pitches": [-1], "duration": 24, "time": 792}, {"pitches": [49, 52, 59], "duration": 24, "time": 816}, {"pitches": [-1], "duration": 12, "time": 840}, {"pitches": [49, 52, 59], "duration": 12, "time": 852}, {"pitches": [-1], "duration": 12, "time": 864}, {"pitches": [49, 52, 59], "duration": 12, "time": 876}, {"pitches": [-1], "duration": 12, "time": 888}, {"pitches": [52, 54, 59, 61], "duration": 12, "time": 900}, {"pitches": [-1], "duration": 12, "time": 912}, {"pitches": [52, 54, 59, 61], "duration": 60, "time": 924}, {"pitches": [-1], "duration": 24, "time": 984}, {"pitches": [49, 54, 55, 59], "duration": 24, "time": 1008}, {"pitches": [-1], "duration": 12, "time": 1032}, {"pitches": [49, 54, 55, 59], "duration": 12, "time": 1044}, {"pitches": [-1], "duration": 12, "time": 1056}, {"pitches": [49, 54, 55, 59], "duration": 12, "time": 1068}, {"pitches": [-1], "duration": 12, "time": 1080}, {"pitches": [52, 54, 57, 59], "duration": 12, "time": 1092}, {"pitches": [-1], "duration": 12, "time": 1104}, {"pitches": [52, 54, 57, 59], "duration": 60, "time": 1116}, {"pitches": [-1], "duration": 24, "time": 1176}, {"pitches": [52, 54, 57, 59], "duration": 24, "time": 1200}, {"pitches": [-1], "duration": 12, "time": 1224}, {"pitches": [52, 54, 57, 59], "duration": 12, "time": 1236}, {"pitches": [-1], "duration": 12, "time": 1248}, {"pitches": [52, 54, 57, 59], "duration": 12, "time": 1260}, {"pitches": [-1], "duration": 12, "time": 1272}, {"pitches": [54, 55, 59, 61], "duration": 12, "time": 1284}, {"pitches": [-1], "duration": 12, "time": 1296}, {"pitches": [54, 55, 59, 61], "duration": 60, "time": 1308}, {"pitches": [-1], "duration": 24, "time": 1368}, {"pitches": [50, 54, 57, 61], "duration": 24, "time": 1392}, {"pitches": [-1], "duration": 12, "time": 1416}, {"pitches": [54, 56, 61, 62], "duration": 12, "time": 1428}, {"pitches": [-1], "duration": 12, "time": 1440}, {"pitches": [54, 56, 61, 62], "duration": 12, "time": 1452}, {"pitches": [-1], "duration": 12, "time": 1464}, {"pitches": [49, 54, 55, 59], "duration": 12, "time": 1476}, {"pitches": [-1], "duration": 12, "time": 1488}, {"pitches": [54, 56, 61], "duration": 60, "time": 1500}, {"pitches": [49, 54, 55, 59], "duration": 36, "time": 1560}, {"pitches": [49, 54, 55, 59], "duration": 12, "time": 1596}, {"pitches": [-1], "duration": 36, "time": 1608}, {"pitches": [49, 54, 55, 59], "duration": 12, "time": 1644}, {"pitches": [49, 54, 55, 59], "duration": 12, "time": 1644}, {"pitches": [-1], "duration": 12, "time": 1656}, {"pitches": [54, 55, 59, 61], "duration": 36, "time": 1668}, {"pitches": [54, 55, 59, 61], "duration": 24, "time": 1704}, {"pitches": [54, 55, 59, 61], "duration": 24, "time": 1728}, {"pitches": [-1], "duration": 24, "time": 1752}, {"pitches": [49, 54, 55, 59], "duration": 24, "time": 1776}, {"pitches": [-1], "duration": 12, "time": 1800}, {"pitches": [49, 54, 55, 59], "duration": 12, "time": 1812}, {"pitches": [-1], "duration": 12, "time": 1824}, {"pitches": [49, 54, 55, 59], "duration": 12, "time": 1836}, {"pitches": [-1], "duration": 12, "time": 1848}, {"pitches": [54, 61], "duration": 36, "time": 1860}, {"pitches": [54, 61], "duration": 24, "time": 1896}, {"pitches": [54, 61], "duration": 24, "time": 1920}, {"pitches": [-1], "duration": 24, "time": 1944}, {"pitches": [54, 56, 61, 62], "duration": 24, "time": 1968}, {"pitches": [-1], "duration": 12, "time": 1992}, {"pitches": [54, 56, 61, 62], "duration": 12, "time": 2004}, {"pitches": [-1], "duration": 12, "time": 2016}, {"pitches": [54, 56, 61, 62], "duration": 12, "time": 2028}, {"pitches": [-1], "duration": 12, "time": 2040}, {"pitches": [54, 56, 61], "duration": 36, "time": 2052}, {"pitches": [54, 56, 61], "duration": 24, "time": 2088}, {"pitches": [54, 56, 61], "duration": 24, "time": 2112}, {"pitches": [54, 56, 61, 62], "duration": 36, "time": 2136}, {"pitches": [54, 56, 61, 62], "duration": 12, "time": 2172}, {"pitches": [-1], "duration": 36, "time": 2184}, {"pitches": [54, 56, 61, 62], "duration": 12, "time": 2220}, {"pitches": [54, 56, 61, 62], "duration": 12, "time": 2220}, {"pitches": [-1], "duration": 12, "time": 2232}, {"pitches": [54, 55, 59], "duration": 36, "time": 2244}, {"pitches": [54, 56, 61, 62], "duration": 24, "time": 2280}, {"pitches": [54, 56, 61, 62], "duration": 24, "time": 2304}, {"pitches": [-1], "duration": 24, "time": 2328}, {"pitches": [54, 55, 59, 61], "duration": 24, "time": 2352}, {"pitches": [-1], "duration": 12, "time": 2376}, {"pitches": [54, 55, 59, 61], "duration": 12, "time": 2388}, {"pitches": [-1], "duration": 12, "time": 2400}, {"pitches": [54, 55, 59, 61], "duration": 12, "time": 2412}, {"pitches": [-1], "duration": 12, "time": 2424}, {"pitches": [49, 54, 55, 59], "duration": 36, "time": 2436}, {"pitches": [49, 54, 55, 59], "duration": 24, "time": 2472}, {"pitches": [49, 54, 55, 59], "duration": 24, "time": 2496}, {"pitches": [54, 55, 59, 61], "duration": 24, "time": 2520}, {"pitches": [57, 59, 62], "duration": 24, "time": 2544}, {"pitches": [-1], "duration": 12, "time": 2568}, {"pitches": [57, 58, 62], "duration": 12, "time": 2580}, {"pitches": [-1], "duration": 12, "time": 2592}, {"pitches": [54, 61, 62], "duration": 12, "time": 2604}, {"pitches": [-1], "duration": 12, "time": 2616}, {"pitches": [52, 54, 57, 59], "duration": 12, "time": 2628}, {"pitches": [-1], "duration": 12, "time": 2640}, {"pitches": [52, 54, 57, 59], "duration": 60, "time": 2652}, {"pitches": [52, 54, 59], "duration": 36, "time": 2712}, {"pitches": [52, 54, 59], "duration": 12, "time": 2748}, {"pitches": [-1], "duration": 36, "time": 2760}, {"pitches": [52, 54, 59], "duration": 12, "time": 2796}, {"pitches": [52, 54, 59], "duration": 12, "time": 2796}, {"pitches": [-1], "duration": 12, "time": 2808}, {"pitches": [54, 55, 59, 61], "duration": 12, "time": 2820}, {"pitches": [-1], "duration": 12, "time": 2832}, {"pitches": [54, 55, 59, 61], "duration": 60, "time": 2844}, {"pitches": [-1], "duration": 24, "time": 2904}, {"pitches": [50, 57, 61], "duration": 24, "time": 2928}, {"pitches": [-1], "duration": 12, "time": 2952}, {"pitches": [54, 56, 61, 62], "duration": 12, "time": 2964}, {"pitches": [-1], "duration": 12, "time": 2976}, {"pitches": [54, 56, 61, 62], "duration": 12, "time": 2988}, {"pitches": [49, 54, 55, 59], "duration": 96, "time": 3000}], "basses": [{"pitch": 45, "duration": 36}, {"pitch": 45, "duration": 12}, {"pitch": 52, "duration": 36}, {"pitch": 46, "duration": 12}, {"pitch": 45, "duration": 36}, {"pitch": 45, "duration": 12}, {"pitch": 45, "duration": 36}, {"pitch": 44, "duration": 12}, {"pitch": 33, "duration": 36}, {"pitch": 28, "duration": 12}, {"pitch": 28, "duration": 36}, {"pitch": 28, "duration": 12}, {"pitch": 40, "duration": 36}, {"pitch": 47, "duration": 12}, {"pitch": 47, "duration": 36}, {"pitch": 47, "duration": 12}, {"pitch": 52, "duration": 36}, {"pitch": 47, "duration": 12}, {"pitch": 47, "duration": 36}, {"pitch": 47, "duration": 12}, {"pitch": 52, "duration": 36}, {"pitch": 47, "duration": 12}, {"pitch": 47, "duration": 36}, {"pitch": 47, "duration": 12}, {"pitch": 52, "duration": 36}, {"pitch": 47, "duration": 12}, {"pitch": 44, "duration": 36}, {"pitch": 44, "duration": 12}, {"pitch": 45, "duration": 36}, {"pitch": 45, "duration": 12}, {"pitch": 52, "duration": 36}, {"pitch": 47, "duration": 12}, {"pitch": 45, "duration": 36}, {"pitch": 40, "duration": 12}, {"pitch": 40, "duration": 36}, {"pitch": 40, "duration": 12}, {"pitch": 45, "duration": 36}, {"pitch": 52, "duration": 12}, {"pitch": 52, "duration": 36}, {"pitch": 52, "duration": 12}, {"pitch": 45, "duration": 36}, {"pitch": 40, "duration": 12}, {"pitch": 40, "duration": 36}, {"pitch": 40, "duration": 12}, {"pitch": 50, "duration": 36}, {"pitch": 45, "duration": 12}, {"pitch": 45, "duration": 36}, {"pitch": 45, "duration": 12}, {"pitch": 50, "duration": 36}, {"pitch": 45, "duration": 12}, {"pitch": 45, "duration": 36}, {"pitch": 45, "duration": 12}, {"pitch": 45, "duration": 36}, {"pitch": 45, "duration": 12}, {"pitch": 52, "duration": 36}, {"pitch": 48, "duration": 12}, {"pitch": 47, "duration": 36}, {"pitch": 42, "duration": 12}, {"pitch": 40, "duration": 36}, {"pitch": 40, "duration": 12}, {"pitch": 45, "duration": 36}, {"pitch": 45, "duration": 12}, {"pitch": 52, "duration": 36}, {"pitch": 47, "duration": 12}, {"pitch": 45, "duration": 36}, {"pitch": 45, "duration": 12}, {"pitch": 45, "duration": 36}, {"pitch": 44, "duration": 12}, {"pitch": 33, "duration": 36}, {"pitch": 28, "duration": 12}, {"pitch": 28, "duration": 36}, {"pitch": 28, "duration": 12}, {"pitch": 33, "duration": 36}, {"pitch": 40, "duration": 12}, {"pitch": 40, "duration": 36}, {"pitch": 40, "duration": 12}, {"pitch": 52, "duration": 36}, {"pitch": 47, "duration": 12}, {"pitch": 47, "duration": 36}, {"pitch": 47, "duration": 12}, {"pitch": 52, "duration": 36}, {"pitch": 47, "duration": 12}, {"pitch": 47, "duration": 36}, {"pitch": 47, "duration": 12}, {"pitch": 52, "duration": 36}, {"pitch": 47, "duration": 12}, {"pitch": 47, "duration": 36}, {"pitch": 47, "duration": 12}, {"pitch": 52, "duration": 36}, {"pitch": 52, "duration": 12}, {"pitch": 47, "duration": 36}, {"pitch": 46, "duration": 12}, {"pitch": 45, "duration": 36}, {"pitch": 40, "duration": 12}, {"pitch": 40, "duration": 36}, {"pitch": 40, "duration": 12}, {"pitch": 45, "duration": 36}, {"pitch": 52, "duration": 12}, {"pitch": 52, "duration": 36}, {"pitch": 52, "duration": 12}, {"pitch": 45, "duration": 36}, {"pitch": 45, "duration": 12}, {"pitch": 45, "duration": 36}, {"pitch": 52, "duration": 12}, {"pitch": 43, "duration": 36}, {"pitch": 43, "duration": 12}, {"pitch": 52, "duration": 36}, {"pitch": 52, "duration": 12}, {"pitch": 50, "duration": 36}, {"pitch": 45, "duration": 12}, {"pitch": 45, "duration": 36}, {"pitch": 45, "duration": 12}, {"pitch": 50, "duration": 36}, {"pitch": 50, "duration": 12}, {"pitch": 50, "duration": 36}, {"pitch": 46, "duration": 12}, {"pitch": 45, "duration": 36}, {"pitch": 40, "duration": 12}, {"pitch": 40, "duration": 36}, {"pitch": 40, "duration": 12}, {"pitch": 47, "duration": 36}, {"pitch": 47, "duration": 12}, {"pitch": 52, "duration": 36}, {"pitch": 47, "duration": 12}, {"pitch": 45, "duration": 36}, {"pitch": 45, "duration": 12}, {"pitch": 45, "duration": 36}, {"pitch": 45, "duration": 12}]}], "time_signatures": [{"numerator": 4, "denominator": 4, "time": 0}], "chord_symbols": [[45, "major", null], [45, "major", null], [45, "major", null], [52, "major", null], [52, "major", null], [52, "major", null], [52, "dominant-seventh", null], [54, "major", null], [56, "major", null], [45, "major", null], [52, "dominant-seventh", null], [45, "major", null], [45, "major", null], [45, "dominant-seventh", null], [50, "major", null], [50, "major", null], [45, "major", null], [47, "minor", null], [52, "dominant-seventh", null], [45, "major", null], [52, "dominant-seventh", null], [45, "major", null], [45, "major", null], [45, "major", null], [52, "major", null], [52, "major", null], [52, "major", null], [52, "dominant-seventh", null], [45, "major", null], [52, "dominant-seventh", null], [45, "major", null], [45, "major", null], [45, "dominant-seventh", null], [55, "major", null], [54, "major", null], [52, "major", null], [50, "major", null], [50, "major", null], [45, "major", null], [47, "minor", null], [52, "dominant-seventh", null], [45, "major", null]], "tempos": [{"qpm": 120, "time": 0}], "beats": [{"time": 0, "is_downbeat": true}, {"time": 24, "is_downbeat": true}, {"time": 48, "is_downbeat": false}, {"time": 72, "is_downbeat": false}, {"time": 96, "is_downbeat": false}, {"time": 120, "is_downbeat": true}, {"time": 144, "is_downbeat": false}, {"time": 168, "is_downbeat": false}, {"time": 192, "is_downbeat": false}, {"time": 216, "is_downbeat": true}, {"time": 240, "is_downbeat": false}, {"time": 264, "is_downbeat": false}, {"time": 288, "is_downbeat": false}, {"time": 312, "is_downbeat": true}, {"time": 336, "is_downbeat": false}, {"time": 360, "is_downbeat": false}, {"time": 384, "is_downbeat": false}, {"time": 408, "is_downbeat": true}, {"time": 432, "is_downbeat": false}, {"time": 456, "is_downbeat": false}, {"time": 480, "is_downbeat": false}, {"time": 504, "is_downbeat": true}, {"time": 528, "is_downbeat": false}, {"time": 552, "is_downbeat": false}, {"time": 576, "is_downbeat": false}, {"time": 600, "is_downbeat": true}, {"time": 624, "is_downbeat": false}, {"time": 648, "is_downbeat": false}, {"time": 672, "is_downbeat": false}, {"time": 696, "is_downbeat": true}, {"time": 720, "is_downbeat": false}, {"time": 744, "is_downbeat": false}, {"time": 768, "is_downbeat": false}, {"time": 792, "is_downbeat": true}, {"time": 816, "is_downbeat": false}, {"time": 840, "is_downbeat": false}, {"time": 864, "is_downbeat": false}, {"time": 888, "is_downbeat": true}, {"time": 912, "is_downbeat": false}, {"time": 936, "is_downbeat": false}, {"time": 960, "is_downbeat": false}, {"time": 984, "is_downbeat": true}, {"time": 1008, "is_downbeat": false}, {"time": 1032, "is_downbeat": false}, {"time": 1056, "is_downbeat": false}, {"time": 1080, "is_downbeat": true}, {"time": 1104, "is_downbeat": false}, {"time": 1128, "is_downbeat": false}, {"time": 1152, "is_downbeat": false}, {"time": 1176, "is_downbeat": true}, {"time": 1200, "is_downbeat": false}, {"time": 1224, "is_downbeat": false}, {"time": 1248, "is_downbeat": false}, {"time": 1272, "is_downbeat": true}, {"time": 1296, "is_downbeat": false}, {"time": 1320, "is_downbeat": false}, {"time": 1344, "is_downbeat": false}, {"time": 1368, "is_downbeat": true}, {"time": 1392, "is_downbeat": false}, {"time": 1416, "is_downbeat": false}, {"time": 1440, "is_downbeat": false}, {"time": 1464, "is_downbeat": true}, {"time": 1488, "is_downbeat": false}, {"time": 1512, "is_downbeat": false}, {"time": 1536, "is_downbeat": false}, {"time": 1560, "is_downbeat": true}, {"time": 1584, "is_downbeat": false}, {"time": 1608, "is_downbeat": false}, {"time": 1632, "is_downbeat": false}, {"time": 1656, "is_downbeat": true}, {"time": 1680, "is_downbeat": false}, {"time": 1704, "is_downbeat": false}, {"time": 1728, "is_downbeat": false}, {"time": 1752, "is_downbeat": true}, {"time": 1776, "is_downbeat": false}, {"time": 1800, "is_downbeat": false}, {"time": 1824, "is_downbeat": false}, {"time": 1848, "is_downbeat": true}, {"time": 1872, "is_downbeat": false}, {"time": 1896, "is_downbeat": false}, {"time": 1920, "is_downbeat": false}, {"time": 1944, "is_downbeat": true}, {"time": 1968, "is_downbeat": false}, {"time": 1992, "is_downbeat": false}, {"time": 2016, "is_downbeat": false}, {"time": 2040, "is_downbeat": true}, {"time": 2064, "is_downbeat": false}, {"time": 2088, "is_downbeat": false}, {"time": 2112, "is_downbeat": false}, {"time": 2136, "is_downbeat": true}, {"time": 2160, "is_downbeat": false}, {"time": 2184, "is_downbeat": false}, {"time": 2208, "is_downbeat": false}, {"time": 2232, "is_downbeat": true}, {"time": 2256, "is_downbeat": false}, {"time": 2280, "is_downbeat": false}, {"time": 2304, "is_downbeat": false}, {"time": 2328, "is_downbeat": true}, {"time": 2352, "is_downbeat": false}, {"time": 2376, "is_downbeat": false}, {"time": 2400, "is_downbeat": false}, {"time": 2424, "is_downbeat": true}, {"time": 2448, "is_downbeat": false}, {"time": 2472, "is_downbeat": false}, {"time": 2496, "is_downbeat": false}, {"time": 2520, "is_downbeat": true}, {"time": 2544, "is_downbeat": false}, {"time": 2568, "is_downbeat": false}, {"time": 2592, "is_downbeat": false}, {"time": 2616, "is_downbeat": true}, {"time": 2640, "is_downbeat": false}, {"time": 2664, "is_downbeat": false}, {"time": 2688, "is_downbeat": false}, {"time": 2712, "is_downbeat": true}, {"time": 2736, "is_downbeat": false}, {"time": 2760, "is_downbeat": false}, {"time": 2784, "is_downbeat": false}, {"time": 2808, "is_downbeat": true}, {"time": 2832, "is_downbeat": false}, {"time": 2856, "is_downbeat": false}, {"time": 2880, "is_downbeat": false}, {"time": 2904, "is_downbeat": true}, {"time": 2928, "is_downbeat": false}, {"time": 2952, "is_downbeat": false}, {"time": 2976, "is_downbeat": false}, {"time": 3000, "is_downbeat": true}, {"time": 3024, "is_downbeat": false}, {"time": 3048, "is_downbeat": false}, {"time": 3072, "is_downbeat": false}]}