{"metadata": {"title": "chestnut-reel"}, "tracks": [{"notes": [{"pitch": 68, "duration": 12}, {"pitch": 69, "duration": 16}, {"pitch": 70, "duration": 8}, {"pitch": 71, "duration": 16}, {"pitch": 67, "duration": 8}, {"pitch": 71, "duration": 16}, {"pitch": 74, "duration": 8}, {"pitch": 79, "duration": 16}, {"pitch": 74, "duration": 8}, {"pitch": 71, "duration": 16}, {"pitch": 67, "duration": 8}, {"pitch": 69, "duration": 24}, {"pitch": 69, "duration": 24}, {"pitch": 69, "duration": 48}, {"pitch": 69, "duration": 16}, {"pitch": 66, "duration": 8}, {"pitch": 69, "duration": 16}, {"pitch": 72, "duration": 8}, {"pitch": 69, "duration": 16}, {"pitch": 76, "duration": 8}, {"pitch": 74, "duration": 16}, {"pitch": 72, "duration": 8}, {"pitch": 71, "duration": 24}, {"pitch": 67, "duration": 24}, {"pitch": 67, "duration": 16}, {"pitch": 68, "duration": 8}, {"pitch": 69, "duration": 16}, {"pitch": 70, "duration": 8}, {"pitch": 71, "duration": 16}, {"pitch": 67, "duration": 8}, {"pitch": 71, "duration": 16}, {"pitch": 74, "duration": 8}, {"pitch": 79, "duration": 16}, {"pitch": 74, "duration": 8}, {"pitch": 71, "duration": 16}, {"pitch": 67, "duration": 8}, {"pitch": 69, "duration": 24}, {"pitch": 69, "duration": 24}, {"pitch": 69, "duration": 48}, {"pitch": 69, "duration": 16}, {"pitch": 66, "duration": 8}, {"pitch": 69, "duration": 16}, {"pitch": 72, "duration": 8}, {"pitch": 69, "duration": 16}, {"pitch": 78, "duration": 8}, {"pitch": 76, "duration": 16}, {"pitch": 78, "duration": 8}, {"pitch": 79, "duration": 24}, {"pitch": 67, "duration": 24}, {"pitch": 67, "duration": 16}, {"pitch": 68, "duration": 8}, {"pitch": 69, "duration": 16}, {"pitch": 70, "duration": 8}, {"pitch": 79, "duration": 24}, {"pitch": 67, "duration": 24}, {"pitch": 67, "duration": 16}, {"pitch": 72, "duration": 8}, {"pitch": 73, "duration": 16}, {"pitch": 74, "duration": 8}, {"pitch": 75, "duration": 16}, {"pitch": 72, "duration": 8}, {"pitch": 75, "duration": 16}, {"pitch": 79, "duration": 8}, {"pitch": 84, "duration": 16}, {"pitch": 79, "duration": 8}, {"pitch": 75, "duration": 16}, {"pitch": 72, "duration": 8}, {"pitch": 74, "duration": 16}, {"pitch": 75, "duration": 8}, {"pitch": 77, "duration": 16}, {"pitch": 75, "duration": 8}, {"pitch": 74, "duration": 16}, {"pitch": 72, "duration": 8}, {"pitch": 71, "duration": 16}, {"pitch": 72, "duration": 8}, {"pitch": 71, "duration": 16}, {"pitch": 67, "duration": 8}, {"pitch": 70, "duration": 16}, {"pitch": 74, "duration": 8}, {"pitch": 70, "duration": 16}, {"pitch": 80, "duration": 8}, {"pitch": 79, "duration": 16}, {"pitch": 77, "duration": 8}, {"pitch": 75, "duration": 16}, {"pitch": 74, "duration": 8}, {"pitch": 72, "duration": 16}, {"pitch": 71, "duration": 8}, {"pitch": 72, "duration": 16}, {"pitch": 67, "duration": 8}, {"pitch": 72, "duration": 16}, {"pitch": 74, "duration": 8}, {"pitch": 75, "duration": 16}, {"pitch": 72, "duration": 8}, {"pitch": 75, "duration": 16}, {"pitch": 79, "duration": 8}, {"pitch": 84, "duration": 16}, {"pitch": 79, "duration": 8}, {"pitch": 75, "duration": 16}, {"pitch": 72, "duration": 8}, {"pitch": 74, "duration": 16}, {"pitch": 75, "duration": 8}, {"pitch": 77, "duration": 16}, {"pitch": 75, "duration": 8}, {"pitch": 74, "duration": 16}, {"pitch": 72, "duration": 8}, {"pitch": 71, "duration": 16}, {"pitch": 72, "duration": 8}, {"pitch": 71, "duration": 16}, {"pitch": 67, "duration": 8}, {"pitch": 70, "duration": 16}, {"pitch": 74, "duration": 8}, {"pitch": 70, "duration": 16}, {"pitch": 80, "duration": 8}, {"pitch": 79, "duration": 16}, {"pitch": 77, "duration": 8}, {"pitch": 75, "duration": 24}, {"pitch": 72, "duration": 24}, {"pitch": 72, "duration": 24}, {"pitch": 73, "duration": 16}, {"pitch": 74, "duration": 8}, {"pitch": 75, "duration": 24}, {"pitch": 72, "duration": 24}, {"pitch": 72, "duration": 48}], "voicings": [{"pitches": [57, 59, 62], "duration": 32, "time": 52}, {"pitches": [-1], "duration": 16, "time": 84}, {"pitches": [57, 59, 62], "duration": 8, "time": 100}, {"pitches": [-1], "duration": 40, "time": 108}, {"pitches": [52, 55, 59, 62], "duration": 32, "time": 148}, {"pitches": [-1], "duration": 16, "time": 180}, {"pitches": [52, 55, 59, 62], "duration": 8, "time": 196}, {"pitches": [-1], "duration": 40, "time": 204}, {"pitches": [52, 54, 59, 60], "duration": 32, "time": 244}, {"pitches": [-1], "duration": 16, "time": 276}, {"pitches": [52, 54, 59, 60], "duration": 8, "time": 292}, {"pitches": [-1], "duration": 40, "time": 300}, {"pitches": [52, 57, 59, 62], "duration": 32, "time": 340}, {"pitches": [52, 57, 59, 62], "duration": 16, "time": 372}, {"pitches": [-1], "duration": 48, "time": 388}, {"pitches": [52, 57, 59, 62], "duration": 8, "time": 436}, {"pitches": [-1], "duration": 24, "time": 444}, {"pitches": [52, 57, 59, 62], "duration": 24, "time": 468}, {"pitches": [-1], "duration": 40, "time": 492}, {"pitches": [52, 55, 59, 62], "duration": 32, "time": 532}, {"pitches": [-1], "duration": 16, "time": 564}, {"pitches": [52, 55, 59, 62], "duration": 8, "time": 580}, {"pitches": [-1], "duration": 64, "time": 588}, {"pitches": [52, 54, 59, 60], "duration": 8, "time": 652}, {"pitches": [-1], "duration": 40, "time": 660}, {"pitches": [52, 54, 59, 60], "duration": 8, "time": 700}, {"pitches": [-1], "duration": 40, "time": 708}, {"pitches": [52, 57, 59, 62], "duration": 8, "time": 748}, {"pitches": [-1], "duration": 40, "time": 756}, {"pitches": [52, 57, 59, 62], "duration": 8, "time": 796}, {"pitches": [-1], "duration": 16, "time": 804}, {"pitches": [52, 57, 59, 62], "duration": 32, "time": 820}, {"pitches": [-1], "duration": 16, "time": 852}, {"pitches": [52, 57, 59, 62], "duration": 8, "time": 868}, {"pitches": [-1], "duration": 40, "time": 876}, {"pitches": [51, 55, 59, 62], "duration": 8, "time": 916}, {"pitches": [-1], "duration": 16, "time": 924}, {"pitches": [51, 55, 59, 62], "duration": 8, "time": 940}, {"pitches": [-1], "duration": 16, "time": 948}, {"pitches": [55, 62], "duration": 8, "time": 964}, {"pitches": [-1], "duration": 16, "time": 972}, {"pitches": [55, 62], "duration": 8, "time": 988}, {"pitches": [-1], "duration": 16, "time": 996}, {"pitches": [55, 56, 60, 63], "duration": 8, "time": 1012}, {"pitches": [-1], "duration": 16, "time": 1020}, {"pitches": [55, 56, 60, 63], "duration": 8, "time": 1036}, {"pitches": [-1], "duration": 16, "time": 1044}, {"pitches": [55, 56, 60, 63], "duration": 8, "time": 1060}, {"pitches": [-1], "duration": 16, "time": 1068}, {"pitches": [55, 56, 60, 63], "duration": 8, "time": 1084}, {"pitches": [-1], "duration": 40, "time": 1092}, {"pitches": [53, 58, 59], "duration": 8, "time": 1132}, {"pitches": [-1], "duration": 40, "time": 1140}, {"pitches": [53, 58, 59], "duration": 8, "time": 1180}, {"pitches": [-1], "duration": 40, "time": 1188}, {"pitches": [55, 57, 62, 63], "duration": 8, "time": 1228}, {"pitches": [-1], "duration": 40, "time": 1236}, {"pitches": [55, 57, 62, 63], "duration": 8, "time": 1276}, {"pitches": [-1], "duration": 16, "time": 1284}, {"pitches": [51, 55, 57, 62], "duration": 8, "time": 1300}, {"pitches": [-1], "duration": 16, "time": 1308}, {"pitches": [51, 55, 57, 62], "duration": 8, "time": 1324}, {"pitches": [-1], "duration": 16, "time": 1332}, {"pitches": [55, 57, 62, 63], "duration": 8, "time": 1348}, {"pitches": [-1], "duration": 16, "time": 1356}, {"pitches": [55, 57, 62, 63], "duration": 8, "time": 1372}, {"pitches": [-1], "duration": 16, "time": 1380}, {"pitches": [55, 60, 63], "duration": 8, "time": 1396}, {"pitches": [-1], "duration": 16, "time": 1404}, {"pitches": [55, 60, 63], "duration": 8, "time": 1420}, {"pitches": [-1], "duration": 16, "time": 1428}, {"pitches": [52, 54, 59, 60], "duration": 8, "time": 1444}, {"pitches": [-1], "duration": 16, "time": 1452}, {"pitches": [52, 54, 59, 60], "duration": 8, "time": 1468}, {"pitches": [-1], "duration": 16, "time": 1476}, {"pitches": [53, 58, 59], "duration": 8, "time": 1492}, {"pitches": [-1], "duration": 16, "time": 1500}, {"pitches": [53, 58, 59], "duration": 8, "time": 1516}, {"pitches": [-1], "duration": 16, "time": 1524}, {"pitches": [53, 58, 59], "duration": 8, "time": 1540}, {"pitches": [-1], "duration": 16, "time": 1548}, {"pitches": [55, 57, 62, 63], "duration": 32, "time": 1564}, {"pitches": [-1], "duration": 16, "time": 1596}, {"pitches": [55, 57, 62, 63], "duration": 8, "time": 1612}, {"pitches": [-1], "duration": 16, "time": 1620}, {"pitches": [55, 57, 62, 63], "duration": 8, "time": 1636}, {"pitches": [-1], "duration": 40, "time": 1644}, {"pitches": [51, 55, 57, 62], "duration": 32, "time": 1684}, {"pitches": [-1], "duration": 16, "time": 1716}, {"pitches": [51, 55, 57, 62], "duration": 8, "time": 1732}], "basses": [{"pitch": 43, "duration": 24}, {"pitch": 43, "duration": 24}, {"pitch": 50, "duration": 24}, {"pitch": 47, "duration": 24}, {"pitch": 36, "duration": 24}, {"pitch": 24, "duration": 24}, {"pitch": 31, "duration": 24}, {"pitch": 37, "duration": 24}, {"pitch": 38, "duration": 24}, {"pitch": 45, "duration": 24}, {"pitch": 50, "duration": 24}, {"pitch": 44, "duration": 24}, {"pitch": 43, "duration": 24}, {"pitch": 38, "duration": 24}, {"pitch": 31, "duration": 24}, {"pitch": 32, "duration": 24}, {"pitch": 43, "duration": 24}, {"pitch": 50, "duration": 24}, {"pitch": 43, "duration": 24}, {"pitch": 35, "duration": 24}, {"pitch": 24, "duration": 24}, {"pitch": 31, "duration": 24}, {"pitch": 36, "duration": 24}, {"pitch": 37, "duration": 24}, {"pitch": 38, "duration": 24}, {"pitch": 45, "duration": 24}, {"pitch": 50, "duration": 24}, {"pitch": 44, "duration": 24}, {"pitch": 43, "duration": 24}, {"pitch": 38, "duration": 24}, {"pitch": 31, "duration": 24}, {"pitch": 32, "duration": 24}, {"pitch": 43, "duration": 24}, {"pitch": 50, "duration": 24}, {"pitch": 43, "duration": 24}, {"pitch": 37, "duration": 24}, {"pitch": 36, "duration": 24}, {"pitch": 25, "duration": 24}, {"pitch": 24, "duration": 24}, {"pitch": 30, "duration": 24}, {"pitch": 41, "duration": 24}, {"pitch": 42, "duration": 24}, {"pitch": 41, "duration": 24}, {"pitch": 30, "duration": 24}, {"pitch": 31, "duration": 24}, {"pitch": 38, "duration": 24}, {"pitch": 43, "duration": 24}, {"pitch": 49, "duration": 24}, {"pitch": 48, "duration": 24}, {"pitch": 43, "duration": 24}, {"pitch": 36, "duration": 24}, {"pitch": 25, "duration": 24}, {"pitch": 24, "duration": 24}, {"pitch": 25, "duration": 24}, {"pitch": 36, "duration": 24}, {"pitch": 40, "duration": 24}, {"pitch": 41, "duration": 24}, {"pitch": 51, "duration": 24}, {"pitch": 50, "duration": 24}, {"pitch": 45, "duration": 24}, {"pitch": 43, "duration": 24}, {"pitch": 38, "duration": 24}, {"pitch": 31, "duration": 24}, {"pitch": 35, "duration": 24}, {"pitch": 36, "duration": 24}, {"pitch": 48, "duration": 24}, {"pitch": 43, "duration": 24}, {"pitch": 35, "duration": 24}, {"pitch": 24, "duration": 24}, {"pitch": 36, "duration": 24}, {"pitch": 48, "duration": 24}, {"pitch": 48, "duration": 24}, {"pitch": 48, "duration": 24}]}], "time_signatures": [{"numerator": 4, "denominator": 4, "time": 0}], "chord_symbols": [[55, "major", null], [48, "major", null], [50, "major", null], [55, "major", null], [55, "major", null], [48, "major", null], [50, "major", null], [55, "major", null], [55, "major", null], [48, "minor", null], [48, "minor", null], [53, "minor", null], [53, "minor", null], [55, "major", null], [48, "minor", null], [48, "minor", null], [48, "minor", null], [53, "minor", null], [50, "major", null], [55, "major", null], [48, "minor", null], [48, "minor", null]], "tempos": [{"qpm": 120, "time": 0}], "beats": [{"time": 0, "is_downbeat": true}, {"time": 24, "is_downbeat": false}, {"time": 36, "is_downbeat": true}, {"time": 60, "is_downbeat": false}, {"time": 84, "is_downbeat": false}, {"time": 108, "is_downbeat": false}, {"time": 132, "is_downbeat": true}, {"time": 156, "is_downbeat": false}, {"time": 180, "is_downbeat": false}, {"time": 204, "is_downbeat": false}, {"time": 228, "is_downbeat": true}, {"time": 252, "is_downbeat": false}, {"time": 276, "is_downbeat": false}, {"time": 300, "is_downbeat": false}, {"time": 324, "is_downbeat": true}, {"time": 348, "is_downbeat": false}, {"time": 372, "is_downbeat": false}, {"time": 396, "is_downbeat": false}, {"time": 420, "is_downbeat": true}, {"time": 444, "is_downbeat": false}, {"time": 468, "is_downbeat": false}, {"time": 492, "is_downbeat": false}, {"time": 516, "is_downbeat": true}, {"time": 540, "is_downbeat": false}, {"time": 564, "is_downbeat": false}, {"time": 588, "is_downbeat": false}, {"time": 612, "is_downbeat": true}, {"time": 636, "is_downbeat": false}, {"time": 660, "is_downbeat": false}, {"time": 684, "is_downbeat": false}, {"time": 708, "is_downbeat": true}, {"time": 732, "is_downbeat": false}, {"time": 756, "is_downbeat": false}, {"time": 780, "is_downbeat": false}, {"time": 804, "is_downbeat": true}, {"time": 828, "is_downbeat": false}, {"time": 852, "is_downbeat": false}, {"time": 876, "is_downbeat": false}, {"time": 900, "is_downbeat": true}, {"time": 924, "is_downbeat": false}, {"time": 948, "is_downbeat": false}, {"time": 972, "is_downbeat": false}, {"time": 996, "is_downbeat": true}, {"time": 1020, "is_downbeat": false}, {"time": 1044, "is_downbeat": false}, {"time": 1068, "is_downbeat": false}, {"time": 1092, "is_downbeat": true}, {"time": 1116, "is_downbeat": false}, {"time": 1140, "is_downbeat": false}, {"time": 1164, "is_downbeat": false}, {"time": 1188, "is_downbeat": true}, {"time": 1212, "is_downbeat": false}, {"time": 1236, "is_downbeat": false}, {"time": 1260, "is_downbeat": false}, {"time": 1284, "is_downbeat": true}, {"time": 1308, "is_downbeat": false}, {"time": 1332, "is_downbeat": false}, {"time": 1356, "is_downbeat": false}, {"time": 1380, "is_downbeat": true}, {"time": 1404, "is_downbeat": false}, {"time": 1428, "is_downbeat": false}, {"time": 1452, "is_downbeat": false}, {"time": 1476, "is_downbeat": true}, {"time": 1500, "is_downbeat": false}, {"time": 1524, "is_downbeat": false}, {"time": 1548, "is_downbeat": false}, {"time": 1572, "is_downbeat": true}, {"time": 1596, "is_downbeat": false}, {"time": 1620, "is_downbeat": false}, {"time": 1644, "is_downbeat": false}, {"time": 1668, "is_downbeat": true}, {"time": 1692, "is_downbeat": false}, {"time": 1716, "is_downbeat": false}, {"time": 1740, "is_downbeat": false}]}