{"metadata": {"title": "fradley-reel"}, "tracks": [{"notes": [{"pitch": 67, "duration": 12}, {"pitch": 72, "duration": 16}, {"pitch": 74, "duration": 8}, {"pitch": 76, "duration": 16}, {"pitch": 72, "duration": 8}, {"pitch": 69, "duration": 16}, {"pitch": 72, "duration": 8}, {"pitch": 65, "duration": 24}, {"pitch": 72, "duration": 16}, {"pitch": 74, "duration": 8}, {"pitch": 76, "duration": 16}, {"pitch": 72, "duration": 8}, {"pitch": 71, "duration": 16}, {"pitch": 74, "duration": 8}, {"pitch": 74, "duration": 24}, {"pitch": 76, "duration": 16}, {"pitch": 74, "duration": 8}, {"pitch": 72, "duration": 16}, {"pitch": 76, "duration": 8}, {"pitch": 74, "duration": 16}, {"pitch": 72, "duration": 8}, {"pitch": 74, "duration": 16}, {"pitch": 72, "duration": 8}, {"pitch": 71, "duration": 16}, {"pitch": 72, "duration": 8}, {"pitch": 74, "duration": 16}, {"pitch": 79, "duration": 8}, {"pitch": 76, "duration": 16}, {"pitch": 72, "duration": 8}, {"pitch": 72, "duration": 16}, {"pitch": 71, "duration": 8}, {"pitch": 72, "duration": 24}, {"pitch": 69, "duration": 16}, {"pitch": 72, "duration": 8}, {"pitch": 74, "duration": 16}, {"pitch": 71, "duration": 8}, {"pitch": 67, "duration": 16}, {"pitch": 71, "duration": 8}, {"pitch": 72, "duration": 24}, {"pitch": 69, "duration": 16}, {"pitch": 72, "duration": 8}, {"pitch": 71, "duration": 16}, {"pitch": 74, "duration": 8}, {"pitch": 79, "duration": 16}, {"pitch": 74, "duration": 8}, {"pitch": 72, "duration": 24}, {"pitch": 69, "duration": 16}, {"pitch": 72, "duration": 8}, {"pitch": 71, "duration": 16}, {"pitch": 74, "duration": 8}, {"pitch": 79, "duration": 16}, {"pitch": 74, "duration": 8}, {"pitch": 76, "duration": 16}, {"pitch": 72, "duration": 8}, {"pitch": 69, "duration": 16}, {"pitch": 78, "duration": 8}, {"pitch": 79, "duration": 16}, {"pitch": 74, "duration": 8}, {"pitch": 71, "duration": 16}, {"pitch": 67, "duration": 8}, {"pitch": 72, "duration": 16}, {"pitch": 69, "duration": 8}, {"pitch": 69, "duration": 8}, {"pitch": 69, "duration": 8}, {"pitch": 69, "duration": 8}, {"pitch": 69, "duration": 16}, {"pitch": 71, "duration": 8}, {"pitch": 72, "duration": 16}, {"pitch": 74, "duration": 8}, {"pitch": 76, "duration": 16}, {"pitch": 74, "duration": 8}, {"pitch": 76, "duration": 16}, {"pitch": 78, "duration": 8}, {"pitch": 79, "duration": 16}, {"pitch": 74, "duration": 8}, {"pitch": 71, "duration": 16}, {"pitch": 67, "duration": 8}, {"pitch": 72, "duration": 16}, {"pitch": 69, "duration": 8}, {"pitch": 69, "duration": 8}, {"pitch": 69, "duration": 8}, {"pitch": 69, "duration": 8}, {"pitch": 69, "duration": 16}, {"pitch": 71, "duration": 8}, {"pitch": 72, "duration": 16}, {"pitch": 74, "duration": 8}, {"pitch": 76, "duration": 16}, {"pitch": 71, "duration": 8}, {"pitch": 68, "duration": 16}, {"pitch": 71, "duration": 8}, {"pitch": 64, "duration": 16}, {"pitch": 71, "duration": 8}, {"pitch": 67, "duration": 16}, {"pitch": 76, "duration": 8}, {"pitch": 72, "duration": 16}, {"pitch": 69, "duration": 8}, {"pitch": 69, "duration": 8}, {"pitch": 69, "duration": 8}, {"pitch": 69, "duration": 8}, {"pitch": 69, "duration": 16}, {"pitch": 71, "duration": 8}, {"pitch": 72, "duration": 16}, {"pitch": 74, "duration": 8}, {"pitch": 76, "duration": 16}, {"pitch": 74, "duration": 8}, {"pitch": 76, "duration": 16}, {"pitch": 78, "duration": 8}, {"pitch": 79, "duration": 16}, {"pitch": 81, "duration": 8}, {"pitch": 83, "duration": 16}, {"pitch": 79, "duration": 8}, {"pitch": 78, "duration": 16}, {"pitch": 76, "duration": 8}, {"pitch": 74, "duration": 16}, {"pitch": 76, "duration": 8}, {"pitch": 78, "duration": 16}, {"pitch": 79, "duration": 8}, {"pitch": 81, "duration": 16}, {"pitch": 83, "duration": 8}, {"pitch": 84, "duration": 16}, {"pitch": 81, "duration": 8}, {"pitch": 78, "duration": 16}, {"pitch": 74, "duration": 8}, {"pitch": 79, "duration": 48}], "voicings": [{"pitches": [57, 62, 64, 67], "duration": 8, "time": 28}, {"pitches": [-1], "duration": 16, "time": 36}, {"pitches": [57, 62, 64, 67], "duration": 8, "time": 52}, {"pitches": [-1], "duration": 16, "time": 60}, {"pitches": [52, 55, 57, 60], "duration": 8, "time": 76}, {"pitches": [-1], "duration": 16, "time": 84}, {"pitches": [52, 55, 57, 60], "duration": 8, "time": 100}, {"pitches": [-1], "duration": 16, "time": 108}, {"pitches": [52, 55, 57], "duration": 8, "time": 124}, {"pitches": [-1], "duration": 16, "time": 132}, {"pitches": [52, 55, 57], "duration": 8, "time": 148}, {"pitches": [-1], "duration": 16, "time": 156}, {"pitches": [52, 53, 57, 59], "duration": 8, "time": 172}, {"pitches": [-1], "duration": 16, "time": 180}, {"pitches": [52, 53, 57, 59], "duration": 8, "time": 196}, {"pitches": [-1], "duration": 40, "time": 204}, {"pitches": [52, 55, 57, 62], "duration": 8, "time": 244}, {"pitches": [-1], "duration": 40, "time": 252}, {"pitches": [52, 53, 57, 59], "duration": 32, "time": 292}, {"pitches": [-1], "duration": 16, "time": 324}, {"pitches": [52, 53, 57, 59], "duration": 8, "time": 340}, {"pitches": [-1], "duration": 16, "time": 348}, {"pitches": [52, 55, 62], "duration": 8, "time": 364}, {"pitches": [-1], "duration": 40, "time": 372}, {"pitches": [52, 54, 60], "duration": 8, "time": 412}, {"pitches": [-1], "duration": 24, "time": 420}, {"pitches": [52, 53, 57], "duration": 24, "time": 444}, {"pitches": [-1], "duration": 64, "time": 468}, {"pitches": [52, 59, 60], "duration": 8, "time": 532}, {"pitches": [-1], "duration": 40, "time": 540}, {"pitches": [53, 57, 59], "duration": 8, "time": 580}, {"pitches": [-1], "duration": 40, "time": 588}, {"pitches": [52, 54, 60], "duration": 8, "time": 628}, {"pitches": [-1], "duration": 40, "time": 636}, {"pitches": [52, 57, 59], "duration": 8, "time": 676}, {"pitches": [-1], "duration": 16, "time": 684}, {"pitches": [52, 54, 59, 60], "duration": 8, "time": 700}, {"pitches": [-1], "duration": 16, "time": 708}, {"pitches": [52, 54, 59, 60], "duration": 8, "time": 724}, {"pitches": [-1], "duration": 16, "time": 732}, {"pitches": [52, 53, 57, 59], "duration": 8, "time": 748}, {"pitches": [-1], "duration": 16, "time": 756}, {"pitches": [52, 53, 57, 59], "duration": 8, "time": 772}, {"pitches": [-1], "duration": 16, "time": 780}, {"pitches": [52, 55, 59], "duration": 8, "time": 796}, {"pitches": [-1], "duration": 16, "time": 804}, {"pitches": [52, 55, 59], "duration": 8, "time": 820}, {"pitches": [-1], "duration": 16, "time": 828}, {"pitches": [52, 55, 59], "duration": 8, "time": 844}, {"pitches": [-1], "duration": 16, "time": 852}, {"pitches": [52, 55, 59], "duration": 8, "time": 868}, {"pitches": [-1], "duration": 40, "time": 876}, {"pitches": [54, 59, 60], "duration": 8, "time": 916}, {"pitches": [-1], "duration": 40, "time": 924}, {"pitches": [52, 53, 57, 59], "duration": 8, "time": 964}, {"pitches": [-1], "duration": 40, "time": 972}, {"pitches": [48, 52, 55, 59], "duration": 8, "time": 1012}, {"pitches": [-1], "duration": 40, "time": 1020}, {"pitches": [48, 52, 55, 59], "duration": 8, "time": 1060}, {"pitches": [-1], "duration": 16, "time": 1068}, {"pitches": [50, 55, 60], "duration": 32, "time": 1084}, {"pitches": [-1], "duration": 16, "time": 1116}, {"pitches": [50, 55, 60], "duration": 8, "time": 1132}, {"pitches": [-1], "duration": 40, "time": 1140}, {"pitches": [48, 52, 54, 59], "duration": 32, "time": 1180}, {"pitches": [-1], "duration": 16, "time": 1212}, {"pitches": [48, 52, 54, 59], "duration": 8, "time": 1228}, {"pitches": [-1], "duration": 40, "time": 1236}, {"pitches": [52, 59, 60], "duration": 32, "time": 1276}, {"pitches": [-1], "duration": 16, "time": 1308}, {"pitches": [52, 53, 57], "duration": 8, "time": 1324}, {"pitches": [-1], "duration": 40, "time": 1332}, {"pitches": [52, 54, 59, 60], "duration": 32, "time": 1372}, {"pitches": [-1], "duration": 16, "time": 1404}, {"pitches": [52, 54, 59, 60], "duration": 8, "time": 1420}, {"pitches": [-1], "duration": 40, "time": 1428}, {"pitches": [52, 54, 59, 60], "duration": 32, "time": 1468}, {"pitches": [52, 53, 57], "duration": 16, "time": 1500}], "basses": [{"pitch": 48, "duration": 24}, {"pitch": 48, "duration": 24}, {"pitch": 41, "duration": 24}, {"pitch": 37, "duration": 24}, {"pitch": 36, "duration": 24}, {"pitch": 30, "duration": 24}, {"pitch": 31, "duration": 24}, {"pitch": 37, "duration": 24}, {"pitch": 48, "duration": 24}, {"pitch": 43, "duration": 24}, {"pitch": 38, "duration": 24}, {"pitch": 33, "duration": 24}, {"pitch": 31, "duration": 24}, {"pitch": 25, "duration": 24}, {"pitch": 24, "duration": 24}, {"pitch": 27, "duration": 24}, {"pitch": 38, "duration": 24}, {"pitch": 42, "duration": 24}, {"pitch": 43, "duration": 24}, {"pitch": 49, "duration": 24}, {"pitch": 50, "duration": 24}, {"pitch": 44, "duration": 24}, {"pitch": 43, "duration": 24}, {"pitch": 39, "duration": 24}, {"pitch": 38, "duration": 24}, {"pitch": 32, "duration": 24}, {"pitch": 31, "duration": 24}, {"pitch": 26, "duration": 24}, {"pitch": 26, "duration": 24}, {"pitch": 26, "duration": 24}, {"pitch": 31, "duration": 24}, {"pitch": 34, "duration": 24}, {"pitch": 45, "duration": 24}, {"pitch": 45, "duration": 24}, {"pitch": 45, "duration": 24}, {"pitch": 51, "duration": 24}, {"pitch": 50, "duration": 24}, {"pitch": 42, "duration": 24}, {"pitch": 31, "duration": 24}, {"pitch": 34, "duration": 24}, {"pitch": 45, "duration": 24}, {"pitch": 45, "duration": 24}, {"pitch": 45, "duration": 24}, {"pitch": 41, "duration": 24}, {"pitch": 40, "duration": 24}, {"pitch": 28, "duration": 24}, {"pitch": 35, "duration": 24}, {"pitch": 46, "duration": 24}, {"pitch": 45, "duration": 24}, {"pitch": 40, "duration": 24}, {"pitch": 33, "duration": 24}, {"pitch": 27, "duration": 24}, {"pitch": 26, "duration": 24}, {"pitch": 32, "duration": 24}, {"pitch": 43, "duration": 24}, {"pitch": 51, "duration": 24}, {"pitch": 50, "duration": 24}, {"pitch": 45, "duration": 24}, {"pitch": 38, "duration": 24}, {"pitch": 27, "duration": 24}, {"pitch": 26, "duration": 24}, {"pitch": 33, "duration": 24}, {"pitch": 43, "duration": 24}, {"pitch": 43, "duration": 24}, {"pitch": 43, "duration": 24}]}], "time_signatures": [{"numerator": 4, "denominator": 4, "time": 0}], "chord_symbols": [[48, "major-2", null], [53, "major", null], [48, "major", null], [55, "major", null], [48, "major", null], [50, "major", null], [55, "major", null], [48, "major", null], [50, "major", null], [55, "major", null], [50, "major", null], [55, "major", null], [50, "major", null], [55, "major", null], [50, "major", null], [55, "major", null], [45, "minor", null], [50, "major", null], [55, "major", null], [45, "minor", null], [52, "dominant-seventh", null], [45, "minor", null], [50, "major", null], [55, "major", null], [50, "major", null], [50, "major", null], [55, "major", null]], "tempos": [{"qpm": 120, "time": 0}], "beats": [{"time": 0, "is_downbeat": true}, {"time": 12, "is_downbeat": true}, {"time": 36, "is_downbeat": false}, {"time": 60, "is_downbeat": false}, {"time": 84, "is_downbeat": false}, {"time": 108, "is_downbeat": true}, {"time": 132, "is_downbeat": false}, {"time": 156, "is_downbeat": false}, {"time": 180, "is_downbeat": false}, {"time": 204, "is_downbeat": true}, {"time": 228, "is_downbeat": false}, {"time": 252, "is_downbeat": false}, {"time": 276, "is_downbeat": false}, {"time": 300, "is_downbeat": true}, {"time": 324, "is_downbeat": false}, {"time": 348, "is_downbeat": false}, {"time": 372, "is_downbeat": false}, {"time": 396, "is_downbeat": true}, {"time": 420, "is_downbeat": false}, {"time": 444, "is_downbeat": false}, {"time": 468, "is_downbeat": false}, {"time": 492, "is_downbeat": true}, {"time": 516, "is_downbeat": false}, {"time": 540, "is_downbeat": false}, {"time": 564, "is_downbeat": false}, {"time": 588, "is_downbeat": true}, {"time": 612, "is_downbeat": false}, {"time": 636, "is_downbeat": false}, {"time": 660, "is_downbeat": false}, {"time": 684, "is_downbeat": true}, {"time": 708, "is_downbeat": false}, {"time": 732, "is_downbeat": false}, {"time": 756, "is_downbeat": false}, {"time": 780, "is_downbeat": true}, {"time": 804, "is_downbeat": false}, {"time": 828, "is_downbeat": false}, {"time": 852, "is_downbeat": false}, {"time": 876, "is_downbeat": true}, {"time": 900, "is_downbeat": false}, {"time": 924, "is_downbeat": false}, {"time": 948, "is_downbeat": false}, {"time": 972, "is_downbeat": true}, {"time": 996, "is_downbeat": false}, {"time": 1020, "is_downbeat": false}, {"time": 1044, "is_downbeat": false}, {"time": 1068, "is_downbeat": true}, {"time": 1092, "is_downbeat": false}, {"time": 1116, "is_downbeat": false}, {"time": 1140, "is_downbeat": false}, {"time": 1164, "is_downbeat": true}, {"time": 1188, "is_downbeat": false}, {"time": 1212, "is_downbeat": false}, {"time": 1236, "is_downbeat": false}, {"time": 1260, "is_downbeat": true}, {"time": 1284, "is_downbeat": false}, {"time": 1308, "is_downbeat": false}, {"time": 1332, "is_downbeat": false}, {"time": 1356, "is_downbeat": true}, {"time": 1380, "is_downbeat": false}, {"time": 1404, "is_downbeat": false}, {"time": 1428, "is_downbeat": false}, {"time": 1452, "is_downbeat": true}, {"time": 1476, "is_downbeat": false}, {"time": 1500, "is_downbeat": false}, {"time": 1524, "is_downbeat": false}]}