{"metadata": {"title": "stepping-stone"}, "tracks": [{"notes": [{"pitch": 76, "duration": 48}, {"pitch": 74, "duration": 24}, {"pitch": 71, "duration": 40}, {"pitch": 69, "duration": 8}, {"pitch": 67, "duration": 24}, {"pitch": 69, "duration": 48}, {"pitch": 71, "duration": 24}, {"pitch": 64, "duration": 72}, {"pitch": 69, "duration": 48}, {"pitch": 71, "duration": 24}, {"pitch": 64, "duration": 48}, {"pitch": 66, "duration": 24}, {"pitch": 67, "duration": 24}, {"pitch": 71, "duration": 24}, {"pitch": 76, "duration": 24}, {"pitch": 74, "duration": 72}, {"pitch": 76, "duration": 48}, {"pitch": 74, "duration": 24}, {"pitch": 71, "duration": 40}, {"pitch": 69, "duration": 8}, {"pitch": 67, "duration": 24}, {"pitch": 69, "duration": 48}, {"pitch": 71, "duration": 24}, {"pitch": 64, "duration": 72}, {"pitch": 69, "duration": 48}, {"pitch": 71, "duration": 24}, {"pitch": 64, "duration": 48}, {"pitch": 66, "duration": 24}, {"pitch": 67, "duration": 144}, {"pitch": 79, "duration": 40}, {"pitch": 78, "duration": 8}, {"pitch": 76, "duration": 24}, {"pitch": 78, "duration": 48}, {"pitch": 74, "duration": 24}, {"pitch": 76, "duration": 40}, {"pitch": 74, "duration": 8}, {"pitch": 72, "duration": 24}, {"pitch": 74, "duration": 48}, {"pitch": 71, "duration": 24}, {"pitch": 72, "duration": 48}, {"pitch": 76, "duration": 24}, {"pitch": 74, "duration": 48}, {"pitch": 71, "duration": 24}, {"pitch": 71, "duration": 48}, {"pitch": 64, "duration": 24}, {"pitch": 71, "duration": 16}, {"pitch": 74, "duration": 56}, {"pitch": 79, "duration": 40}, {"pitch": 78, "duration": 8}, {"pitch": 76, "duration": 24}, {"pitch": 78, "duration": 48}, {"pitch": 74, "duration": 24}, {"pitch": 76, "duration": 40}, {"pitch": 74, "duration": 8}, {"pitch": 72, "duration": 24}, {"pitch": 74, "duration": 48}, {"pitch": 71, "duration": 24}, {"pitch": 72, "duration": 48}, {"pitch": 76, "duration": 24}, {"pitch": 76, "duration": 40}, {"pitch": 74, "duration": 8}, {"pitch": 72, "duration": 24}, {"pitch": 71, "duration": 24}, {"pitch": 72, "duration": 24}, {"pitch": 69, "duration": 24}, {"pitch": 67, "duration": 72}], "voicings": [{"pitches": [57, 59, 62, 64], "duration": 36, "time": 0}, {"pitches": [57, 59, 62, 64], "duration": 36, "time": 36}, {"pitches": [57, 59, 62, 64], "duration": 24, "time": 72}, {"pitches": [-1], "duration": 16, "time": 96}, {"pitches": [57, 59, 62, 64], "duration": 8, "time": 112}, {"pitches": [-1], "duration": 24, "time": 120}, {"pitches": [52, 55, 59, 60], "duration": 24, "time": 144}, {"pitches": [-1], "duration": 16, "time": 168}, {"pitches": [52, 55, 59, 60], "duration": 8, "time": 184}, {"pitches": [-1], "duration": 24, "time": 192}, {"pitches": [52, 55, 59, 60], "duration": 24, "time": 216}, {"pitches": [-1], "duration": 16, "time": 240}, {"pitches": [52, 55, 59, 60], "duration": 8, "time": 256}, {"pitches": [-1], "duration": 24, "time": 264}, {"pitches": [52, 55, 59, 62], "duration": 24, "time": 288}, {"pitches": [-1], "duration": 16, "time": 312}, {"pitches": [52, 55, 59, 62], "duration": 8, "time": 328}, {"pitches": [-1], "duration": 24, "time": 336}, {"pitches": [54, 59, 60], "duration": 36, "time": 360}, {"pitches": [54, 59, 60], "duration": 36, "time": 396}, {"pitches": [-1], "duration": 16, "time": 432}, {"pitches": [57, 59, 62], "duration": 24, "time": 448}, {"pitches": [-1], "duration": 8, "time": 472}, {"pitches": [57, 59, 62], "duration": 16, "time": 480}, {"pitches": [-1], "duration": 8, "time": 496}, {"pitches": [52, 54, 59], "duration": 36, "time": 504}, {"pitches": [52, 54, 59], "duration": 36, "time": 540}, {"pitches": [52, 57, 59, 62], "duration": 24, "time": 576}, {"pitches": [-1], "duration": 16, "time": 600}, {"pitches": [52, 57, 59, 62], "duration": 8, "time": 616}, {"pitches": [-1], "duration": 48, "time": 624}, {"pitches": [52, 57, 59, 62], "duration": 48, "time": 672}, {"pitches": [48, 52, 55, 59], "duration": 36, "time": 720}, {"pitches": [48, 52, 55, 59], "duration": 36, "time": 756}, {"pitches": [48, 52, 55, 59], "duration": 36, "time": 792}, {"pitches": [48, 52, 55, 59], "duration": 36, "time": 828}, {"pitches": [52, 55, 59, 62], "duration": 36, "time": 864}, {"pitches": [52, 55, 59, 62], "duration": 36, "time": 900}, {"pitches": [52, 54, 59], "duration": 24, "time": 936}, {"pitches": [-1], "duration": 16, "time": 960}, {"pitches": [52, 54, 59], "duration": 8, "time": 976}, {"pitches": [-1], "duration": 24, "time": 984}, {"pitches": [52, 57, 59, 62], "duration": 24, "time": 1008}, {"pitches": [-1], "duration": 16, "time": 1032}, {"pitches": [52, 57, 59, 62], "duration": 8, "time": 1048}, {"pitches": [-1], "duration": 24, "time": 1056}, {"pitches": [52, 57, 59, 62], "duration": 36, "time": 1080}, {"pitches": [52, 57, 59, 62], "duration": 36, "time": 1116}, {"pitches": [-1], "duration": 16, "time": 1152}, {"pitches": [54, 55, 59, 62], "duration": 24, "time": 1168}, {"pitches": [-1], "duration": 8, "time": 1192}, {"pitches": [54, 55, 59, 62], "duration": 16, "time": 1200}, {"pitches": [-1], "duration": 32, "time": 1216}, {"pitches": [52, 54, 59], "duration": 24, "time": 1248}, {"pitches": [-1], "duration": 16, "time": 1272}, {"pitches": [52, 54, 59], "duration": 8, "time": 1288}, {"pitches": [52, 55, 59, 62], "duration": 24, "time": 1296}, {"pitches": [-1], "duration": 16, "time": 1320}, {"pitches": [52, 55, 59, 62], "duration": 8, "time": 1336}, {"pitches": [-1], "duration": 24, "time": 1344}, {"pitches": [52, 57, 59, 62], "duration": 36, "time": 1368}, {"pitches": [52, 57, 59, 62], "duration": 36, "time": 1404}, {"pitches": [52, 55, 59, 62], "duration": 24, "time": 1440}, {"pitches": [-1], "duration": 16, "time": 1464}, {"pitches": [52, 55, 59, 62], "duration": 8, "time": 1480}, {"pitches": [-1], "duration": 48, "time": 1488}, {"pitches": [52, 57, 59, 62], "duration": 48, "time": 1536}, {"pitches": [48, 52, 59], "duration": 36, "time": 1584}, {"pitches": [48, 52, 59], "duration": 36, "time": 1620}, {"pitches": [52, 54, 59, 60], "duration": 24, "time": 1656}, {"pitches": [-1], "duration": 16, "time": 1680}, {"pitches": [52, 54, 59, 60], "duration": 8, "time": 1696}, {"pitches": [-1], "duration": 24, "time": 1704}, {"pitches": [54, 55, 59, 62], "duration": 36, "time": 1728}, {"pitches": [54, 55, 59, 62], "duration": 36, "time": 1764}, {"pitches": [52, 54, 59, 60], "duration": 24, "time": 1800}, {"pitches": [-1], "duration": 16, "time": 1824}, {"pitches": [52, 54, 59, 60], "duration": 8, "time": 1840}, {"pitches": [-1], "duration": 48, "time": 1848}, {"pitches": [52, 55, 59, 62], "duration": 48, "time": 1896}, {"pitches": [-1], "duration": 24, "time": 1944}, {"pitches": [55, 56, 60, 62], "duration": 48, "time": 1968}, {"pitches": [-1], "duration": 16, "time": 2016}, {"pitches": [52, 54, 59, 60], "duration": 24, "time": 2032}, {"pitches": [-1], "duration": 8, "time": 2056}, {"pitches": [52, 54, 59, 60], "duration": 16, "time": 2064}, {"pitches": [-1], "duration": 32, "time": 2080}, {"pitches": [52, 55, 57, 62], "duration": 48, "time": 2112}, {"pitches": [-1], "duration": 24, "time": 2160}, {"pitches": [52, 59, 60], "duration": 24, "time": 2184}, {"pitches": [-1], "duration": 16, "time": 2208}, {"pitches": [52, 59, 60], "duration": 8, "time": 2224}, {"pitches": [-1], "duration": 24, "time": 2232}, {"pitches": [52, 53, 57, 59], "duration": 24, "time": 2256}, {"pitches": [-1], "duration": 16, "time": 2280}, {"pitches": [52, 53, 57, 59], "duration": 8, "time": 2296}], "basses": [{"pitch": 43, "duration": 24}, {"pitch": 43, "duration": 24}, {"pitch": 50, "duration": 24}, {"pitch": 43, "duration": 24}, {"pitch": 31, "duration": 24}, {"pitch": 26, "duration": 24}, {"pitch": 33, "duration": 24}, {"pitch": 40, "duration": 24}, {"pitch": 52, "duration": 24}, {"pitch": 45, "duration": 24}, {"pitch": 40, "duration": 24}, {"pitch": 33, "duration": 24}, {"pitch": 24, "duration": 24}, {"pitch": 31, "duration": 24}, {"pitch": 39, "duration": 24}, {"pitch": 50, "duration": 24}, {"pitch": 50, "duration": 24}, {"pitch": 50, "duration": 24}, {"pitch": 43, "duration": 24}, {"pitch": 31, "duration": 24}, {"pitch": 27, "duration": 24}, {"pitch": 26, "duration": 24}, {"pitch": 26, "duration": 24}, {"pitch": 26, "duration": 24}, {"pitch": 31, "duration": 24}, {"pitch": 38, "duration": 24}, {"pitch": 42, "duration": 24}, {"pitch": 43, "duration": 24}, {"pitch": 43, "duration": 24}, {"pitch": 43, "duration": 24}, {"pitch": 45, "duration": 24}, {"pitch": 52, "duration": 24}, {"pitch": 46, "duration": 24}, {"pitch": 45, "duration": 24}, {"pitch": 33, "duration": 24}, {"pitch": 28, "duration": 24}, {"pitch": 24, "duration": 24}, {"pitch": 31, "duration": 24}, {"pitch": 39, "duration": 24}, {"pitch": 50, "duration": 24}, {"pitch": 45, "duration": 24}, {"pitch": 44, "duration": 24}, {"pitch": 43, "duration": 24}, {"pitch": 38, "duration": 24}, {"pitch": 30, "duration": 24}, {"pitch": 31, "duration": 24}, {"pitch": 38, "duration": 24}, {"pitch": 43, "duration": 24}, {"pitch": 52, "duration": 24}, {"pitch": 47, "duration": 24}, {"pitch": 37, "duration": 24}, {"pitch": 26, "duration": 24}, {"pitch": 26, "duration": 24}, {"pitch": 26, "duration": 24}, {"pitch": 36, "duration": 24}, {"pitch": 48, "duration": 24}, {"pitch": 42, "duration": 24}, {"pitch": 31, "duration": 24}, {"pitch": 26, "duration": 24}, {"pitch": 25, "duration": 24}, {"pitch": 24, "duration": 24}, {"pitch": 36, "duration": 24}, {"pitch": 42, "duration": 24}, {"pitch": 43, "duration": 24}, {"pitch": 50, "duration": 24}, {"pitch": 46, "duration": 24}, {"pitch": 45, "duration": 24}, {"pitch": 40, "duration": 24}, {"pitch": 39, "duration": 24}, {"pitch": 38, "duration": 24}, {"pitch": 33, "duration": 24}, {"pitch": 29, "duration": 24}, {"pitch": 28, "duration": 24}, {"pitch": 28, "duration": 24}, {"pitch": 28, "duration": 24}, {"pitch": 38, "duration": 24}, {"pitch": 45, "duration": 24}, {"pitch": 49, "duration": 24}, {"pitch": 48, "duration": 24}, {"pitch": 43, "duration": 24}, {"pitch": 39, "duration": 24}, {"pitch": 28, "duration": 24}, {"pitch": 35, "duration": 24}, {"pitch": 46, "duration": 24}, {"pitch": 45, "duration": 24}, {"pitch": 33, "duration": 24}, {"pitch": 35, "duration": 24}, {"pitch": 36, "duration": 24}, {"pitch": 43, "duration": 24}, {"pitch": 43, "duration": 24}, {"pitch": 50, "duration": 24}, {"pitch": 45, "duration": 24}, {"pitch": 42, "duration": 24}, {"pitch": 31, "duration": 24}, {"pitch": 31, "duration": 24}, {"pitch": 43, "duration": 24}, {"pitch": 43, "duration": 24}]}], "time_signatures": [{"numerator": 3, "denominator": 4, "time": 0}], "chord_symbols": [[55, "major", null], [45, "minor", null], [48, "major", null], [50, "major", null], [55, "major", null], [50, "major", null], [55, "major", null], [45, "minor", null], [48, "major", null], [50, "major", null], [55, "major", null], [52, "minor", null], [50, "major", null], [48, "major", null], [55, "major", null], [48, "major", null], [55, "major", null], [45, "minor", null], [50, "major", null], [52, "minor", null], [50, "major", null], [48, "major", null], [52, "major", null], [45, "minor", null], [48, "major", null], [50, "major", null], [55, "major", null]], "tempos": [{"qpm": 120, "time": 0}], "beats": [{"time": 0, "is_downbeat": true}, {"time": 24, "is_downbeat": false}, {"time": 48, "is_downbeat": false}, {"time": 72, "is_downbeat": true}, {"time": 96, "is_downbeat": false}, {"time": 120, "is_downbeat": false}, {"time": 144, "is_downbeat": true}, {"time": 168, "is_downbeat": false}, {"time": 192, "is_downbeat": false}, {"time": 216, "is_downbeat": true}, {"time": 240, "is_downbeat": false}, {"time": 264, "is_downbeat": false}, {"time": 288, "is_downbeat": true}, {"time": 312, "is_downbeat": false}, {"time": 336, "is_downbeat": false}, {"time": 360, "is_downbeat": true}, {"time": 384, "is_downbeat": false}, {"time": 408, "is_downbeat": false}, {"time": 432, "is_downbeat": true}, {"time": 456, "is_downbeat": false}, {"time": 480, "is_downbeat": false}, {"time": 504, "is_downbeat": true}, {"time": 528, "is_downbeat": false}, {"time": 552, "is_downbeat": false}, {"time": 576, "is_downbeat": true}, {"time": 600, "is_downbeat": false}, {"time": 624, "is_downbeat": false}, {"time": 648, "is_downbeat": true}, {"time": 672, "is_downbeat": false}, {"time": 696, "is_downbeat": false}, {"time": 720, "is_downbeat": true}, {"time": 744, "is_downbeat": false}, {"time": 768, "is_downbeat": false}, {"time": 792, "is_downbeat": true}, {"time": 816, "is_downbeat": false}, {"time": 840, "is_downbeat": false}, {"time": 864, "is_downbeat": true}, {"time": 888, "is_downbeat": false}, {"time": 912, "is_downbeat": false}, {"time": 936, "is_downbeat": true}, {"time": 960, "is_downbeat": false}, {"time": 984, "is_downbeat": false}, {"time": 1008, "is_downbeat": true}, {"time": 1032, "is_downbeat": false}, {"time": 1056, "is_downbeat": false}, {"time": 1080, "is_downbeat": true}, {"time": 1104, "is_downbeat": false}, {"time": 1128, "is_downbeat": false}, {"time": 1152, "is_downbeat": true}, {"time": 1176, "is_downbeat": false}, {"time": 1200, "is_downbeat": false}, {"time": 1224, "is_downbeat": true}, {"time": 1248, "is_downbeat": false}, {"time": 1272, "is_downbeat": false}, {"time": 1296, "is_downbeat": true}, {"time": 1320, "is_downbeat": false}, {"time": 1344, "is_downbeat": false}, {"time": 1368, "is_downbeat": true}, {"time": 1392, "is_downbeat": false}, {"time": 1416, "is_downbeat": false}, {"time": 1440, "is_downbeat": true}, {"time": 1464, "is_downbeat": false}, {"time": 1488, "is_downbeat": false}, {"time": 1512, "is_downbeat": true}, {"time": 1536, "is_downbeat": false}, {"time": 1560, "is_downbeat": false}, {"time": 1584, "is_downbeat": true}, {"time": 1608, "is_downbeat": false}, {"time": 1632, "is_downbeat": false}, {"time": 1656, "is_downbeat": true}, {"time": 1680, "is_downbeat": false}, {"time": 1704, "is_downbeat": false}, {"time": 1728, "is_downbeat": true}, {"time": 1752, "is_downbeat": false}, {"time": 1776, "is_downbeat": false}, {"time": 1800, "is_downbeat": true}, {"time": 1824, "is_downbeat": false}, {"time": 1848, "is_downbeat": false}, {"time": 1872, "is_downbeat": true}, {"time": 1896, "is_downbeat": false}, {"time": 1920, "is_downbeat": false}, {"time": 1944, "is_downbeat": true}, {"time": 1968, "is_downbeat": false}, {"time": 1992, "is_downbeat": false}, {"time": 2016, "is_downbeat": true}, {"time": 2040, "is_downbeat": false}, {"time": 2064, "is_downbeat": false}, {"time": 2088, "is_downbeat": true}, {"time": 2112, "is_downbeat": false}, {"time": 2136, "is_downbeat": false}, {"time": 2160, "is_downbeat": true}, {"time": 2184, "is_downbeat": false}, {"time": 2208, "is_downbeat": false}, {"time": 2232, "is_downbeat": true}, {"time": 2256, "is_downbeat": false}, {"time": 2280, "is_downbeat": false}]}