{"metadata": {"title": "the-blackbird"}, "tracks": [{"notes": [{"pitch": 62, "duration": 8}, {"pitch": 66, "duration": 8}, {"pitch": 69, "duration": 8}, {"pitch": 71, "duration": 24}, {"pitch": 69, "duration": 16}, {"pitch": 66, "duration": 8}, {"pitch": 69, "duration": 24}, {"pitch": 71, "duration": 16}, {"pitch": 72, "duration": 8}, {"pitch": 74, "duration": 16}, {"pitch": 72, "duration": 8}, {"pitch": 74, "duration": 16}, {"pitch": 66, "duration": 8}, {"pitch": 67, "duration": 24}, {"pitch": 66, "duration": 16}, {"pitch": 67, "duration": 8}, {"pitch": 69, "duration": 24}, {"pitch": 78, "duration": 16}, {"pitch": 76, "duration": 8}, {"pitch": 74, "duration": 16}, {"pitch": 71, "duration": 8}, {"pitch": 69, "duration": 16}, {"pitch": 67, "duration": 8}, {"pitch": 66, "duration": 24}, {"pitch": 62, "duration": 24}, {"pitch": 62, "duration": 24}, {"pitch": 62, "duration": 8}, {"pitch": 66, "duration": 8}, {"pitch": 69, "duration": 8}, {"pitch": 71, "duration": 24}, {"pitch": 69, "duration": 16}, {"pitch": 66, "duration": 8}, {"pitch": 69, "duration": 24}, {"pitch": 71, "duration": 16}, {"pitch": 72, "duration": 8}, {"pitch": 74, "duration": 16}, {"pitch": 72, "duration": 8}, {"pitch": 74, "duration": 16}, {"pitch": 66, "duration": 8}, {"pitch": 67, "duration": 24}, {"pitch": 66, "duration": 16}, {"pitch": 67, "duration": 8}, {"pitch": 69, "duration": 24}, {"pitch": 78, "duration": 16}, {"pitch": 76, "duration": 8}, {"pitch": 74, "duration": 16}, {"pitch": 71, "duration": 8}, {"pitch": 69, "duration": 16}, {"pitch": 67, "duration": 8}, {"pitch": 66, "duration": 24}, {"pitch": 62, "duration": 24}, {"pitch": 62, "duration": 48}, {"pitch": 74, "duration": 16}, {"pitch": 76, "duration": 8}, {"pitch": 78, "duration": 16}, {"pitch": 79, "duration": 8}, {"pitch": 81, "duration": 24}, {"pitch": 81, "duration": 16}, {"pitch": 78, "duration": 8}, {"pitch": 79, "duration": 16}, {"pitch": 78, "duration": 8}, {"pitch": 79, "duration": 16}, {"pitch": 81, "duration": 8}, {"pitch": 79, "duration": 8}, {"pitch": 81, "duration": 8}, {"pitch": 79, "duration": 8}, {"pitch": 78, "duration": 16}, {"pitch": 76, "duration": 8}, {"pitch": 74, "duration": 16}, {"pitch": 76, "duration": 8}, {"pitch": 78, "duration": 16}, {"pitch": 79, "duration": 8}, {"pitch": 81, "duration": 16}, {"pitch": 83, "duration": 8}, {"pitch": 81, "duration": 16}, {"pitch": 79, "duration": 8}, {"pitch": 78, "duration": 24}, {"pitch": 74, "duration": 24}, {"pitch": 74, "duration": 24}, {"pitch": 78, "duration": 16}, {"pitch": 79, "duration": 8}, {"pitch": 81, "duration": 24}, {"pitch": 78, "duration": 16}, {"pitch": 74, "duration": 8}, {"pitch": 79, "duration": 24}, {"pitch": 78, "duration": 16}, {"pitch": 76, "duration": 8}, {"pitch": 74, "duration": 16}, {"pitch": 72, "duration": 8}, {"pitch": 74, "duration": 16}, {"pitch": 71, "duration": 8}, {"pitch": 79, "duration": 24}, {"pitch": 78, "duration": 16}, {"pitch": 76, "duration": 8}, {"pitch": 74, "duration": 24}, {"pitch": 69, "duration": 24}, {"pitch": 69, "duration": 16}, {"pitch": 71, "duration": 8}, {"pitch": 69, "duration": 16}, {"pitch": 67, "duration": 8}, {"pitch": 66, "duration": 24}, {"pitch": 62, "duration": 24}, {"pitch": 62, "duration": 24}], "voicings": [{"pitches": [52, 54, 57, 59], "duration": 32, "time": 40}, {"pitches": [52, 54, 57, 59], "duration": 16, "time": 72}, {"pitches": [-1], "duration": 48, "time": 88}, {"pitches": [50, 54, 57, 61], "duration": 32, "time": 136}, {"pitches": [54, 55, 59, 61], "duration": 16, "time": 168}, {"pitches": [-1], "duration": 48, "time": 184}, {"pitches": [52, 54, 57, 59], "duration": 32, "time": 232}, {"pitches": [54, 55, 59, 61], "duration": 16, "time": 264}, {"pitches": [-1], "duration": 72, "time": 280}, {"pitches": [52, 54, 59], "duration": 8, "time": 352}, {"pitches": [-1], "duration": 40, "time": 360}, {"pitches": [54, 59, 61], "duration": 8, "time": 400}, {"pitches": [-1], "duration": 40, "time": 408}, {"pitches": [52, 54, 57, 59], "duration": 8, "time": 448}, {"pitches": [-1], "duration": 40, "time": 456}, {"pitches": [52, 54, 57, 59], "duration": 8, "time": 496}, {"pitches": [-1], "duration": 40, "time": 504}, {"pitches": [54, 57, 61], "duration": 8, "time": 544}, {"pitches": [-1], "duration": 40, "time": 552}, {"pitches": [52, 54, 57, 59], "duration": 24, "time": 592}, {"pitches": [52, 54, 57, 59], "duration": 24, "time": 616}, {"pitches": [-1], "duration": 24, "time": 640}, {"pitches": [54, 55, 59], "duration": 8, "time": 664}, {"pitches": [-1], "duration": 40, "time": 672}, {"pitches": [52, 54, 59], "duration": 32, "time": 712}, {"pitches": [-1], "duration": 16, "time": 744}, {"pitches": [49, 54, 55, 59], "duration": 8, "time": 760}, {"pitches": [-1], "duration": 40, "time": 768}, {"pitches": [52, 54, 57, 59], "duration": 8, "time": 808}, {"pitches": [-1], "duration": 24, "time": 816}, {"pitches": [52, 54, 57, 59], "duration": 24, "time": 840}, {"pitches": [-1], "duration": 40, "time": 864}, {"pitches": [54, 57, 59, 62], "duration": 32, "time": 904}, {"pitches": [54, 55, 59, 61], "duration": 16, "time": 936}, {"pitches": [-1], "duration": 48, "time": 952}, {"pitches": [57, 59], "duration": 8, "time": 1000}, {"pitches": [-1], "duration": 24, "time": 1008}, {"pitches": [54, 55, 59, 61], "duration": 24, "time": 1032}, {"pitches": [-1], "duration": 64, "time": 1056}, {"pitches": [54, 57, 59], "duration": 8, "time": 1120}, {"pitches": [-1], "duration": 40, "time": 1128}, {"pitches": [54, 55, 59, 61], "duration": 8, "time": 1168}, {"pitches": [-1], "duration": 40, "time": 1176}, {"pitches": [52, 54, 59], "duration": 8, "time": 1216}, {"pitches": [-1], "duration": 40, "time": 1224}, {"pitches": [54, 57, 59, 62], "duration": 8, "time": 1264}, {"pitches": [-1], "duration": 16, "time": 1272}, {"pitches": [52, 54, 57, 59], "duration": 8, "time": 1288}, {"pitches": [-1], "duration": 16, "time": 1296}, {"pitches": [52, 54, 57, 59], "duration": 8, "time": 1312}, {"pitches": [-1], "duration": 16, "time": 1320}, {"pitches": [54, 57, 59, 62], "duration": 8, "time": 1336}, {"pitches": [-1], "duration": 16, "time": 1344}, {"pitches": [52, 57, 59], "duration": 32, "time": 1360}, {"pitches": [-1], "duration": 16, "time": 1392}, {"pitches": [52, 57, 59], "duration": 8, "time": 1408}, {"pitches": [-1], "duration": 16, "time": 1416}, {"pitches": [54, 55, 59, 61], "duration": 8, "time": 1432}, {"pitches": [-1], "duration": 24, "time": 1440}, {"pitches": [54, 57, 59], "duration": 24, "time": 1464}, {"pitches": [-1], "duration": 16, "time": 1488}, {"pitches": [54, 57, 59], "duration": 8, "time": 1504}, {"pitches": [-1], "duration": 16, "time": 1512}, {"pitches": [54, 57, 59], "duration": 8, "time": 1528}], "basses": [{"pitch": 50, "duration": 24}, {"pitch": 50, "duration": 24}, {"pitch": 45, "duration": 24}, {"pitch": 36, "duration": 24}, {"pitch": 35, "duration": 24}, {"pitch": 34, "duration": 24}, {"pitch": 33, "duration": 24}, {"pitch": 27, "duration": 24}, {"pitch": 26, "duration": 24}, {"pitch": 34, "duration": 24}, {"pitch": 45, "duration": 24}, {"pitch": 49, "duration": 24}, {"pitch": 50, "duration": 24}, {"pitch": 44, "duration": 24}, {"pitch": 33, "duration": 24}, {"pitch": 25, "duration": 24}, {"pitch": 26, "duration": 24}, {"pitch": 33, "duration": 24}, {"pitch": 38, "duration": 24}, {"pitch": 45, "duration": 24}, {"pitch": 47, "duration": 24}, {"pitch": 42, "duration": 24}, {"pitch": 33, "duration": 24}, {"pitch": 25, "duration": 24}, {"pitch": 26, "duration": 24}, {"pitch": 32, "duration": 24}, {"pitch": 33, "duration": 24}, {"pitch": 39, "duration": 24}, {"pitch": 50, "duration": 24}, {"pitch": 44, "duration": 24}, {"pitch": 33, "duration": 24}, {"pitch": 27, "duration": 24}, {"pitch": 26, "duration": 24}, {"pitch": 26, "duration": 24}, {"pitch": 26, "duration": 24}, {"pitch": 32, "duration": 24}, {"pitch": 43, "duration": 24}, {"pitch": 46, "duration": 24}, {"pitch": 45, "duration": 24}, {"pitch": 39, "duration": 24}, {"pitch": 38, "duration": 24}, {"pitch": 33, "duration": 24}, {"pitch": 33, "duration": 24}, {"pitch": 33, "duration": 24}, {"pitch": 38, "duration": 24}, {"pitch": 46, "duration": 24}, {"pitch": 45, "duration": 24}, {"pitch": 40, "duration": 24}, {"pitch": 38, "duration": 24}, {"pitch": 30, "duration": 24}, {"pitch": 31, "duration": 24}, {"pitch": 37, "duration": 24}, {"pitch": 38, "duration": 24}, {"pitch": 44, "duration": 24}, {"pitch": 43, "duration": 24}, {"pitch": 38, "duration": 24}, {"pitch": 26, "duration": 24}, {"pitch": 32, "duration": 24}, {"pitch": 33, "duration": 24}, {"pitch": 39, "duration": 24}, {"pitch": 50, "duration": 24}, {"pitch": 50, "duration": 24}, {"pitch": 50, "duration": 24}, {"pitch": 50, "duration": 24}]}], "time_signatures": [{"numerator": 4, "denominator": 4, "time": 0}], "chord_symbols": [[50, "major", null], [47, "minor", null], [45, "dominant-seventh", null], [50, "major", null], [45, "dominant-seventh", null], [50, "major", null], [45, "dominant-seventh", null], [50, "major", null], [47, "minor", null], [45, "dominant-seventh", null], [50, "major", null], [45, "dominant-seventh", null], [50, "major", null], [45, "dominant-seventh", null], [50, "major", null], [55, "major", null], [45, "dominant-seventh", null], [50, "major", null], [45, "dominant-seventh", null], [50, "major", null], [45, "dominant-seventh", null], [50, "major", null], [55, "major", null], [50, "major", null], [55, "major", null], [50, "major", null], [45, "dominant-seventh", null], [50, "major", null]], "tempos": [{"qpm": 120, "time": 0}], "beats": [{"time": 0, "is_downbeat": true}, {"time": 24, "is_downbeat": true}, {"time": 48, "is_downbeat": false}, {"time": 72, "is_downbeat": false}, {"time": 96, "is_downbeat": false}, {"time": 120, "is_downbeat": true}, {"time": 144, "is_downbeat": false}, {"time": 168, "is_downbeat": false}, {"time": 192, "is_downbeat": false}, {"time": 216, "is_downbeat": true}, {"time": 240, "is_downbeat": false}, {"time": 264, "is_downbeat": false}, {"time": 288, "is_downbeat": false}, {"time": 312, "is_downbeat": true}, {"time": 336, "is_downbeat": false}, {"time": 360, "is_downbeat": false}, {"time": 384, "is_downbeat": false}, {"time": 408, "is_downbeat": true}, {"time": 432, "is_downbeat": false}, {"time": 456, "is_downbeat": false}, {"time": 480, "is_downbeat": false}, {"time": 504, "is_downbeat": true}, {"time": 528, "is_downbeat": false}, {"time": 552, "is_downbeat": false}, {"time": 576, "is_downbeat": false}, {"time": 600, "is_downbeat": true}, {"time": 624, "is_downbeat": false}, {"time": 648, "is_downbeat": false}, {"time": 672, "is_downbeat": false}, {"time": 696, "is_downbeat": true}, {"time": 720, "is_downbeat": false}, {"time": 744, "is_downbeat": false}, {"time": 768, "is_downbeat": false}, {"time": 792, "is_downbeat": true}, {"time": 816, "is_downbeat": false}, {"time": 840, "is_downbeat": false}, {"time": 864, "is_downbeat": false}, {"time": 888, "is_downbeat": true}, {"time": 912, "is_downbeat": false}, {"time": 936, "is_downbeat": false}, {"time": 960, "is_downbeat": false}, {"time": 984, "is_downbeat": true}, {"time": 1008, "is_downbeat": false}, {"time": 1032, "is_downbeat": false}, {"time": 1056, "is_downbeat": false}, {"time": 1080, "is_downbeat": true}, {"time": 1104, "is_downbeat": false}, {"time": 1128, "is_downbeat": false}, {"time": 1152, "is_downbeat": false}, {"time": 1176, "is_downbeat": true}, {"time": 1200, "is_downbeat": false}, {"time": 1224, "is_downbeat": false}, {"time": 1248, "is_downbeat": false}, {"time": 1272, "is_downbeat": true}, {"time": 1296, "is_downbeat": false}, {"time": 1320, "is_downbeat": false}, {"time": 1344, "is_downbeat": false}, {"time": 1368, "is_downbeat": true}, {"time": 1392, "is_downbeat": false}, {"time": 1416, "is_downbeat": false}, {"time": 1440, "is_downbeat": false}, {"time": 1464, "is_downbeat": true}, {"time": 1488, "is_downbeat": false}, {"time": 1512, "is_downbeat": false}, {"time": 1536, "is_downbeat": false}]}