{"metadata": {"title": "londonderry-hornpipe"}, "tracks": [{"notes": [{"pitch": 69, "duration": 16}, {"pitch": 67, "duration": 8}, {"pitch": 66, "duration": 24}, {"pitch": 69, "duration": 16}, {"pitch": 74, "duration": 8}, {"pitch": 78, "duration": 16}, {"pitch": 74, "duration": 8}, {"pitch": 69, "duration": 16}, {"pitch": 66, "duration": 8}, {"pitch": 67, "duration": 24}, {"pitch": 71, "duration": 16}, {"pitch": 74, "duration": 8}, {"pitch": 79, "duration": 16}, {"pitch": 74, "duration": 8}, {"pitch": 71, "duration": 16}, {"pitch": 67, "duration": 8}, {"pitch": 66, "duration": 24}, {"pitch": 69, "duration": 16}, {"pitch": 74, "duration": 8}, {"pitch": 78, "duration": 16}, {"pitch": 74, "duration": 8}, {"pitch": 69, "duration": 16}, {"pitch": 66, "duration": 8}, {"pitch": 64, "duration": 24}, {"pitch": 67, "duration": 16}, {"pitch": 71, "duration": 8}, {"pitch": 76, "duration": 8}, {"pitch": 74, "duration": 8}, {"pitch": 73, "duration": 8}, {"pitch": 69, "duration": 16}, {"pitch": 67, "duration": 8}, {"pitch": 66, "duration": 24}, {"pitch": 69, "duration": 16}, {"pitch": 74, "duration": 8}, {"pitch": 78, "duration": 16}, {"pitch": 74, "duration": 8}, {"pitch": 69, "duration": 16}, {"pitch": 66, "duration": 8}, {"pitch": 67, "duration": 24}, {"pitch": 71, "duration": 16}, {"pitch": 74, "duration": 8}, {"pitch": 79, "duration": 24}, {"pitch": 81, "duration": 16}, {"pitch": 79, "duration": 8}, {"pitch": 78, "duration": 16}, {"pitch": 81, "duration": 8}, {"pitch": 78, "duration": 16}, {"pitch": 74, "duration": 8}, {"pitch": 71, "duration": 16}, {"pitch": 79, "duration": 8}, {"pitch": 76, "duration": 16}, {"pitch": 73, "duration": 8}, {"pitch": 74, "duration": 24}, {"pitch": 78, "duration": 24}, {"pitch": 74, "duration": 24}, {"pitch": 78, "duration": 16}, {"pitch": 79, "duration": 8}, {"pitch": 81, "duration": 24}, {"pitch": 78, "duration": 16}, {"pitch": 74, "duration": 8}, {"pitch": 69, "duration": 16}, {"pitch": 74, "duration": 8}, {"pitch": 78, "duration": 16}, {"pitch": 81, "duration": 8}, {"pitch": 79, "duration": 24}, {"pitch": 76, "duration": 16}, {"pitch": 73, "duration": 8}, {"pitch": 69, "duration": 16}, {"pitch": 73, "duration": 8}, {"pitch": 76, "duration": 16}, {"pitch": 79, "duration": 8}, {"pitch": 81, "duration": 24}, {"pitch": 78, "duration": 16}, {"pitch": 74, "duration": 8}, {"pitch": 69, "duration": 16}, {"pitch": 74, "duration": 8}, {"pitch": 79, "duration": 16}, {"pitch": 78, "duration": 8}, {"pitch": 76, "duration": 8}, {"pitch": 78, "duration": 8}, {"pitch": 74, "duration": 8}, {"pitch": 73, "duration": 8}, {"pitch": 74, "duration": 8}, {"pitch": 71, "duration": 8}, {"pitch": 69, "duration": 24}, {"pitch": 78, "duration": 16}, {"pitch": 79, "duration": 8}, {"pitch": 81, "duration": 24}, {"pitch": 78, "duration": 16}, {"pitch": 74, "duration": 8}, {"pitch": 69, "duration": 16}, {"pitch": 74, "duration": 8}, {"pitch": 78, "duration": 16}, {"pitch": 81, "duration": 8}, {"pitch": 79, "duration": 16}, {"pitch": 76, "duration": 8}, {"pitch": 73, "duration": 16}, {"pitch": 76, "duration": 8}, {"pitch": 79, "duration": 24}, {"pitch": 81, "duration": 16}, {"pitch": 79, "duration": 8}, {"pitch": 78, "duration": 16}, {"pitch": 81, "duration": 8}, {"pitch": 78, "duration": 16}, {"pitch": 74, "duration": 8}, {"pitch": 71, "duration": 16}, {"pitch": 79, "duration": 8}, {"pitch": 76, "duration": 16}, {"pitch": 73, "duration": 8}, {"pitch": 74, "duration": 24}, {"pitch": 78, "duration": 24}, {"pitch": 74, "duration": 24}, {"pitch": 69, "duration": 16}, {"pitch": 67, "duration": 8}, {"pitch": 66, "duration": 8}, {"pitch": 64, "duration": 8}, {"pitch": 62, "duration": 8}, {"pitch": 69, "duration": 16}, {"pitch": 62, "duration": 8}, {"pitch": 71, "duration": 16}, {"pitch": 62, "duration": 8}, {"pitch": 69, "duration": 16}, {"pitch": 62, "duration": 8}, {"pitch": 74, "duration": 16}, {"pitch": 73, "duration": 8}, {"pitch": 74, "duration": 16}, {"pitch": 78, "duration": 8}, {"pitch": 76, "duration": 16}, {"pitch": 73, "duration": 8}, {"pitch": 69, "duration": 16}, {"pitch": 67, "duration": 8}, {"pitch": 66, "duration": 8}, {"pitch": 64, "duration": 8}, {"pitch": 62, "duration": 8}, {"pitch": 69, "duration": 16}, {"pitch": 62, "duration": 8}, {"pitch": 71, "duration": 16}, {"pitch": 62, "duration": 8}, {"pitch": 69, "duration": 16}, {"pitch": 62, "duration": 8}, {"pitch": 64, "duration": 16}, {"pitch": 67, "duration": 8}, {"pitch": 66, "duration": 16}, {"pitch": 69, "duration": 8}, {"pitch": 67, "duration": 16}, {"pitch": 71, "duration": 8}, {"pitch": 69, "duration": 16}, {"pitch": 67, "duration": 8}, {"pitch": 66, "duration": 8}, {"pitch": 64, "duration": 8}, {"pitch": 62, "duration": 8}, {"pitch": 69, "duration": 16}, {"pitch": 62, "duration": 8}, {"pitch": 71, "duration": 16}, {"pitch": 62, "duration": 8}, {"pitch": 69, "duration": 16}, {"pitch": 62, "duration": 8}, {"pitch": 74, "duration": 16}, {"pitch": 73, "duration": 8}, {"pitch": 74, "duration": 16}, {"pitch": 78, "duration": 8}, {"pitch": 76, "duration": 16}, {"pitch": 74, "duration": 8}, {"pitch": 76, "duration": 16}, {"pitch": 79, "duration": 8}, {"pitch": 78, "duration": 8}, {"pitch": 81, "duration": 8}, {"pitch": 78, "duration": 8}, {"pitch": 74, "duration": 16}, {"pitch": 78, "duration": 8}, {"pitch": 79, "duration": 16}, {"pitch": 76, "duration": 8}, {"pitch": 73, "duration": 16}, {"pitch": 76, "duration": 8}, {"pitch": 74, "duration": 16}, {"pitch": 78, "duration": 8}, {"pitch": 76, "duration": 8}, {"pitch": 74, "duration": 8}, {"pitch": 73, "duration": 8}, {"pitch": 74, "duration": 24}, {"pitch": 78, "duration": 8}, {"pitch": 79, "duration": 8}, {"pitch": 80, "duration": 8}, {"pitch": 81, "duration": 16}, {"pitch": 80, "duration": 8}, {"pitch": 81, "duration": 16}, {"pitch": 83, "duration": 8}, {"pitch": 81, "duration": 16}, {"pitch": 78, "duration": 8}, {"pitch": 74, "duration": 16}, {"pitch": 78, "duration": 8}, {"pitch": 79, "duration": 16}, {"pitch": 78, "duration": 8}, {"pitch": 79, "duration": 16}, {"pitch": 81, "duration": 8}, {"pitch": 79, "duration": 16}, {"pitch": 76, "duration": 8}, {"pitch": 73, "duration": 16}, {"pitch": 76, "duration": 8}, {"pitch": 81, "duration": 16}, {"pitch": 80, "duration": 8}, {"pitch": 81, "duration": 16}, {"pitch": 83, "duration": 8}, {"pitch": 81, "duration": 16}, {"pitch": 78, "duration": 8}, {"pitch": 74, "duration": 16}, {"pitch": 78, "duration": 8}, {"pitch": 76, "duration": 8}, {"pitch": 78, "duration": 8}, {"pitch": 74, "duration": 8}, {"pitch": 73, "duration": 8}, {"pitch": 74, "duration": 8}, {"pitch": 71, "duration": 8}, {"pitch": 69, "duration": 24}, {"pitch": 78, "duration": 8}, {"pitch": 79, "duration": 8}, {"pitch": 80, "duration": 8}, {"pitch": 81, "duration": 16}, {"pitch": 80, "duration": 8}, {"pitch": 81, "duration": 16}, {"pitch": 83, "duration": 8}, {"pitch": 81, "duration": 16}, {"pitch": 78, "duration": 8}, {"pitch": 74, "duration": 16}, {"pitch": 78, "duration": 8}, {"pitch": 79, "duration": 16}, {"pitch": 78, "duration": 8}, {"pitch": 76, "duration": 16}, {"pitch": 78, "duration": 8}, {"pitch": 79, "duration": 16}, {"pitch": 83, "duration": 8}, {"pitch": 81, "duration": 16}, {"pitch": 79, "duration": 8}, {"pitch": 74, "duration": 16}, {"pitch": 73, "duration": 8}, {"pitch": 74, "duration": 16}, {"pitch": 78, "duration": 8}, {"pitch": 76, "duration": 16}, {"pitch": 74, "duration": 8}, {"pitch": 76, "duration": 16}, {"pitch": 79, "duration": 8}, {"pitch": 78, "duration": 8}, {"pitch": 81, "duration": 8}, {"pitch": 78, "duration": 8}, {"pitch": 74, "duration": 16}, {"pitch": 78, "duration": 8}, {"pitch": 79, "duration": 16}, {"pitch": 76, "duration": 8}, {"pitch": 73, "duration": 16}, {"pitch": 76, "duration": 8}, {"pitch": 78, "duration": 16}, {"pitch": 79, "duration": 8}, {"pitch": 81, "duration": 8}, {"pitch": 81, "duration": 8}, {"pitch": 81, "duration": 8}, {"pitch": 78, "duration": 16}, {"pitch": 74, "duration": 8}, {"pitch": 69, "duration": 16}, {"pitch": 74, "duration": 8}, {"pitch": 78, "duration": 16}, {"pitch": 74, "duration": 8}, {"pitch": 79, "duration": 8}, {"pitch": 79, "duration": 8}, {"pitch": 79, "duration": 8}, {"pitch": 76, "duration": 16}, {"pitch": 73, "duration": 8}, {"pitch": 69, "duration": 16}, {"pitch": 73, "duration": 8}, {"pitch": 76, "duration": 16}, {"pitch": 73, "duration": 8}, {"pitch": 78, "duration": 16}, {"pitch": 74, "duration": 8}, {"pitch": 79, "duration": 16}, {"pitch": 76, "duration": 8}, {"pitch": 81, "duration": 16}, {"pitch": 78, "duration": 8}, {"pitch": 83, "duration": 16}, {"pitch": 79, "duration": 8}, {"pitch": 76, "duration": 16}, {"pitch": 73, "duration": 8}, {"pitch": 74, "duration": 16}, {"pitch": 71, "duration": 8}, {"pitch": 69, "duration": 24}, {"pitch": 78, "duration": 16}, {"pitch": 79, "duration": 8}, {"pitch": 81, "duration": 8}, {"pitch": 81, "duration": 8}, {"pitch": 81, "duration": 8}, {"pitch": 78, "duration": 16}, {"pitch": 74, "duration": 8}, {"pitch": 69, "duration": 16}, {"pitch": 74, "duration": 8}, {"pitch": 78, "duration": 16}, {"pitch": 74, "duration": 8}, {"pitch": 79, "duration": 8}, {"pitch": 79, "duration": 8}, {"pitch": 79, "duration": 8}, {"pitch": 76, "duration": 16}, {"pitch": 73, "duration": 8}, {"pitch": 69, "duration": 24}, {"pitch": 81, "duration": 16}, {"pitch": 79, "duration": 8}, {"pitch": 78, "duration": 16}, {"pitch": 74, "duration": 8}, {"pitch": 69, "duration": 16}, {"pitch": 66, "duration": 8}, {"pitch": 64, "duration": 16}, {"pitch": 79, "duration": 8}, {"pitch": 76, "duration": 16}, {"pitch": 73, "duration": 8}, {"pitch": 74, "duration": 24}, {"pitch": 78, "duration": 24}, {"pitch": 74, "duration": 24}, {"pitch": 66, "duration": 16}, {"pitch": 67, "duration": 8}, {"pitch": 69, "duration": 16}, {"pitch": 66, "duration": 8}, {"pitch": 69, "duration": 16}, {"pitch": 74, "duration": 8}, {"pitch": 78, "duration": 16}, {"pitch": 76, "duration": 8}, {"pitch": 74, "duration": 16}, {"pitch": 73, "duration": 8}, {"pitch": 71, "duration": 16}, {"pitch": 67, "duration": 8}, {"pitch": 71, "duration": 16}, {"pitch": 76, "duration": 8}, {"pitch": 79, "duration": 16}, {"pitch": 78, "duration": 8}, {"pitch": 76, "duration": 16}, {"pitch": 74, "duration": 8}, {"pitch": 73, "duration": 16}, {"pitch": 69, "duration": 8}, {"pitch": 73, "duration": 16}, {"pitch": 76, "duration": 8}, {"pitch": 81, "duration": 16}, {"pitch": 79, "duration": 8}, {"pitch": 78, "duration": 16}, {"pitch": 76, "duration": 8}, {"pitch": 78, "duration": 16}, {"pitch": 73, "duration": 8}, {"pitch": 74, "duration": 16}, {"pitch": 71, "duration": 8}, {"pitch": 69, "duration": 24}, {"pitch": 66, "duration": 16}, {"pitch": 67, "duration": 8}, {"pitch": 69, "duration": 16}, {"pitch": 66, "duration": 8}, {"pitch": 69, "duration": 16}, {"pitch": 74, "duration": 8}, {"pitch": 78, "duration": 16}, {"pitch": 76, "duration": 8}, {"pitch": 74, "duration": 16}, {"pitch": 73, "duration": 8}, {"pitch": 71, "duration": 16}, {"pitch": 67, "duration": 8}, {"pitch": 71, "duration": 16}, {"pitch": 76, "duration": 8}, {"pitch": 79, "duration": 24}, {"pitch": 81, "duration": 16}, {"pitch": 79, "duration": 8}, {"pitch": 78, "duration": 16}, {"pitch": 81, "duration": 8}, {"pitch": 78, "duration": 16}, {"pitch": 74, "duration": 8}, {"pitch": 71, "duration": 16}, {"pitch": 79, "duration": 8}, {"pitch": 76, "duration": 16}, {"pitch": 73, "duration": 8}, {"pitch": 74, "duration": 24}, {"pitch": 78, "duration": 24}, {"pitch": 74, "duration": 24}], "voicings": [{"pitches": [57, 62, 67, 67, 67, 67, 67, 67, 67, 76], "duration": 8, "time": 40}, {"pitches": [-1], "duration": 24, "time": 48}, {"pitches": [57, 62, 67, 67, 67, 67, 67, 67, 67, 76], "duration": 24, "time": 72}, {"pitches": [-1], "duration": 40, "time": 96}, {"pitches": [54, 57, 59, 62], "duration": 32, "time": 136}, {"pitches": [54, 57, 59, 62], "duration": 16, "time": 168}, {"pitches": [-1], "duration": 48, "time": 184}, {"pitches": [52, 54, 59], "duration": 8, "time": 232}, {"pitches": [-1], "duration": 16, "time": 240}, {"pitches": [52, 54, 59], "duration": 8, "time": 256}, {"pitches": [-1], "duration": 16, "time": 264}, {"pitches": [52, 54, 59], "duration": 8, "time": 280}, {"pitches": [-1], "duration": 16, "time": 288}, {"pitches": [54, 55, 59, 62], "duration": 32, "time": 304}, {"pitches": [-1], "duration": 16, "time": 336}, {"pitches": [54, 55, 59, 62], "duration": 8, "time": 352}, {"pitches": [-1], "duration": 64, "time": 360}, {"pitches": [52, 54, 57, 59], "duration": 32, "time": 424}, {"pitches": [52, 54, 57, 59], "duration": 16, "time": 456}, {"pitches": [-1], "duration": 48, "time": 472}, {"pitches": [54, 57, 59, 62], "duration": 32, "time": 520}, {"pitches": [54, 57, 59, 62], "duration": 16, "time": 552}, {"pitches": [-1], "duration": 48, "time": 568}, {"pitches": [52, 54, 57, 59], "duration": 32, "time": 616}, {"pitches": [-1], "duration": 16, "time": 648}, {"pitches": [54, 55, 59, 61], "duration": 8, "time": 664}, {"pitches": [-1], "duration": 40, "time": 672}, {"pitches": [52, 54, 57, 59], "duration": 8, "time": 712}, {"pitches": [-1], "duration": 16, "time": 720}, {"pitches": [52, 54, 57, 59], "duration": 8, "time": 736}, {"pitches": [-1], "duration": 16, "time": 744}, {"pitches": [52, 54, 57, 59], "duration": 8, "time": 760}, {"pitches": [-1], "duration": 16, "time": 768}, {"pitches": [52, 54, 57, 59], "duration": 8, "time": 784}, {"pitches": [-1], "duration": 16, "time": 792}, {"pitches": [52, 54, 57, 59], "duration": 8, "time": 808}, {"pitches": [-1], "duration": 16, "time": 816}, {"pitches": [52, 54, 57, 59], "duration": 8, "time": 832}, {"pitches": [-1], "duration": 16, "time": 840}, {"pitches": [52, 54, 57, 59], "duration": 8, "time": 856}, {"pitches": [-1], "duration": 16, "time": 864}, {"pitches": [52, 54, 57, 59], "duration": 8, "time": 880}, {"pitches": [-1], "duration": 16, "time": 888}, {"pitches": [54, 55, 59, 62], "duration": 32, "time": 904}, {"pitches": [54, 55, 59, 61], "duration": 16, "time": 936}, {"pitches": [-1], "duration": 48, "time": 952}, {"pitches": [52, 54, 57, 59], "duration": 8, "time": 1000}, {"pitches": [-1], "duration": 24, "time": 1008}, {"pitches": [52, 54, 57, 59], "duration": 24, "time": 1032}, {"pitches": [-1], "duration": 40, "time": 1056}, {"pitches": [54, 56, 61, 62], "duration": 32, "time": 1096}, {"pitches": [-1], "duration": 16, "time": 1128}, {"pitches": [55, 59, 61], "duration": 8, "time": 1144}, {"pitches": [-1], "duration": 40, "time": 1152}, {"pitches": [52, 54, 57, 59], "duration": 32, "time": 1192}, {"pitches": [-1], "duration": 16, "time": 1224}, {"pitches": [52, 54, 57, 59], "duration": 8, "time": 1240}, {"pitches": [-1], "duration": 64, "time": 1248}, {"pitches": [54, 59], "duration": 8, "time": 1312}, {"pitches": [-1], "duration": 40, "time": 1320}, {"pitches": [54, 55, 59], "duration": 8, "time": 1360}, {"pitches": [-1], "duration": 40, "time": 1368}, {"pitches": [54, 57, 59], "duration": 8, "time": 1408}, {"pitches": [-1], "duration": 40, "time": 1416}, {"pitches": [49, 54, 55], "duration": 8, "time": 1456}, {"pitches": [-1], "duration": 40, "time": 1464}, {"pitches": [52, 54, 57, 59], "duration": 8, "time": 1504}, {"pitches": [-1], "duration": 40, "time": 1512}, {"pitches": [52, 54, 57, 59], "duration": 8, "time": 1552}, {"pitches": [-1], "duration": 40, "time": 1560}, {"pitches": [52, 54, 57, 59], "duration": 8, "time": 1600}, {"pitches": [-1], "duration": 40, "time": 1608}, {"pitches": [52, 54, 57, 59], "duration": 8, "time": 1648}, {"pitches": [-1], "duration": 16, "time": 1656}, {"pitches": [52, 54, 57, 59], "duration": 32, "time": 1672}, {"pitches": [-1], "duration": 16, "time": 1704}, {"pitches": [49, 54, 55, 59], "duration": 8, "time": 1720}, {"pitches": [-1], "duration": 40, "time": 1728}, {"pitches": [54, 59], "duration": 32, "time": 1768}, {"pitches": [-1], "duration": 16, "time": 1800}, {"pitches": [54, 59], "duration": 8, "time": 1816}, {"pitches": [-1], "duration": 40, "time": 1824}, {"pitches": [54, 57, 59, 62], "duration": 8, "time": 1864}, {"pitches": [-1], "duration": 24, "time": 1872}, {"pitches": [54, 55, 61], "duration": 24, "time": 1896}, {"pitches": [-1], "duration": 40, "time": 1920}, {"pitches": [54, 57, 59], "duration": 8, "time": 1960}, {"pitches": [-1], "duration": 16, "time": 1968}, {"pitches": [54, 57, 59], "duration": 8, "time": 1984}, {"pitches": [-1], "duration": 16, "time": 1992}, {"pitches": [54, 57, 59], "duration": 8, "time": 2008}, {"pitches": [-1], "duration": 16, "time": 2016}, {"pitches": [54, 57, 59], "duration": 8, "time": 2032}, {"pitches": [-1], "duration": 16, "time": 2040}, {"pitches": [52, 54, 59], "duration": 8, "time": 2056}, {"pitches": [-1], "duration": 16, "time": 2064}, {"pitches": [52, 54, 59], "duration": 8, "time": 2080}, {"pitches": [-1], "duration": 16, "time": 2088}, {"pitches": [49, 54, 55, 59], "duration": 8, "time": 2104}, {"pitches": [-1], "duration": 16, "time": 2112}, {"pitches": [49, 54, 55, 59], "duration": 8, "time": 2128}, {"pitches": [-1], "duration": 40, "time": 2136}, {"pitches": [52, 54, 57, 59], "duration": 8, "time": 2176}, {"pitches": [-1], "duration": 40, "time": 2184}, {"pitches": [49, 54, 55, 59], "duration": 8, "time": 2224}, {"pitches": [-1], "duration": 40, "time": 2232}, {"pitches": [52, 54, 57, 59], "duration": 8, "time": 2272}, {"pitches": [-1], "duration": 40, "time": 2280}, {"pitches": [52, 54, 57, 59], "duration": 8, "time": 2320}, {"pitches": [-1], "duration": 40, "time": 2328}, {"pitches": [52, 54, 57, 59], "duration": 8, "time": 2368}, {"pitches": [-1], "duration": 40, "time": 2376}, {"pitches": [52, 54, 57, 59], "duration": 8, "time": 2416}, {"pitches": [-1], "duration": 40, "time": 2424}, {"pitches": [55, 59, 62], "duration": 8, "time": 2464}, {"pitches": [-1], "duration": 40, "time": 2472}, {"pitches": [49, 54, 55, 59], "duration": 8, "time": 2512}, {"pitches": [-1], "duration": 40, "time": 2520}, {"pitches": [52, 57], "duration": 8, "time": 2560}, {"pitches": [-1], "duration": 40, "time": 2568}, {"pitches": [52, 57], "duration": 8, "time": 2608}, {"pitches": [-1], "duration": 40, "time": 2616}, {"pitches": [54, 56, 61], "duration": 8, "time": 2656}, {"pitches": [-1], "duration": 40, "time": 2664}, {"pitches": [49, 54, 55, 59], "duration": 8, "time": 2704}, {"pitches": [-1], "duration": 16, "time": 2712}, {"pitches": [52, 54, 57, 59], "duration": 32, "time": 2728}, {"pitches": [-1], "duration": 16, "time": 2760}, {"pitches": [52, 54, 57, 59], "duration": 8, "time": 2776}, {"pitches": [-1], "duration": 40, "time": 2784}, {"pitches": [54, 57, 59, 62], "duration": 32, "time": 2824}, {"pitches": [-1], "duration": 16, "time": 2856}, {"pitches": [55, 59, 61], "duration": 8, "time": 2872}, {"pitches": [-1], "duration": 40, "time": 2880}, {"pitches": [54, 57, 59], "duration": 32, "time": 2920}, {"pitches": [-1], "duration": 16, "time": 2952}, {"pitches": [54, 55, 59, 61], "duration": 8, "time": 2968}, {"pitches": [-1], "duration": 40, "time": 2976}, {"pitches": [52, 54, 57, 59], "duration": 32, "time": 3016}, {"pitches": [-1], "duration": 16, "time": 3048}, {"pitches": [54, 55, 59, 61], "duration": 8, "time": 3064}, {"pitches": [-1], "duration": 40, "time": 3072}, {"pitches": [54, 55, 59, 61], "duration": 8, "time": 3112}, {"pitches": [-1], "duration": 24, "time": 3120}, {"pitches": [52, 54, 57, 59], "duration": 24, "time": 3144}, {"pitches": [-1], "duration": 40, "time": 3168}, {"pitches": [52, 54, 57, 59], "duration": 8, "time": 3208}, {"pitches": [-1], "duration": 16, "time": 3216}, {"pitches": [54, 55, 62], "duration": 8, "time": 3232}, {"pitches": [-1], "duration": 16, "time": 3240}, {"pitches": [54, 55, 62], "duration": 8, "time": 3256}, {"pitches": [-1], "duration": 16, "time": 3264}, {"pitches": [49, 54, 55, 59], "duration": 8, "time": 3280}, {"pitches": [-1], "duration": 16, "time": 3288}, {"pitches": [49, 54, 55, 59], "duration": 8, "time": 3304}, {"pitches": [-1], "duration": 16, "time": 3312}, {"pitches": [52, 54, 57, 59], "duration": 8, "time": 3328}, {"pitches": [-1], "duration": 16, "time": 3336}, {"pitches": [52, 54, 57, 59], "duration": 8, "time": 3352}, {"pitches": [-1], "duration": 16, "time": 3360}, {"pitches": [52, 54, 57, 59], "duration": 8, "time": 3376}, {"pitches": [-1], "duration": 16, "time": 3384}, {"pitches": [52, 54, 57, 59], "duration": 8, "time": 3400}, {"pitches": [-1], "duration": 24, "time": 3408}, {"pitches": [50, 56, 61], "duration": 24, "time": 3432}, {"pitches": [-1], "duration": 40, "time": 3456}, {"pitches": [49, 54, 55, 59], "duration": 8, "time": 3496}, {"pitches": [-1], "duration": 16, "time": 3504}, {"pitches": [52, 54, 57, 59], "duration": 8, "time": 3520}, {"pitches": [-1], "duration": 16, "time": 3528}, {"pitches": [52, 54, 57, 59], "duration": 8, "time": 3544}, {"pitches": [-1], "duration": 16, "time": 3552}, {"pitches": [52, 54, 57, 59], "duration": 8, "time": 3568}, {"pitches": [-1], "duration": 16, "time": 3576}, {"pitches": [52, 54, 57, 59], "duration": 8, "time": 3592}, {"pitches": [-1], "duration": 16, "time": 3600}, {"pitches": [54, 55, 59, 62], "duration": 8, "time": 3616}, {"pitches": [-1], "duration": 16, "time": 3624}, {"pitches": [54, 55, 59, 62], "duration": 8, "time": 3640}, {"pitches": [-1], "duration": 16, "time": 3648}, {"pitches": [54, 55, 59, 61], "duration": 8, "time": 3664}, {"pitches": [-1], "duration": 40, "time": 3672}, {"pitches": [52, 54, 57], "duration": 8, "time": 3712}, {"pitches": [-1], "duration": 40, "time": 3720}, {"pitches": [54, 55, 59, 61], "duration": 8, "time": 3760}, {"pitches": [-1], "duration": 40, "time": 3768}, {"pitches": [52, 54, 57, 59], "duration": 8, "time": 3808}, {"pitches": [-1], "duration": 40, "time": 3816}, {"pitches": [52, 54, 57, 59], "duration": 8, "time": 3856}, {"pitches": [-1], "duration": 40, "time": 3864}, {"pitches": [54, 59], "duration": 8, "time": 3904}, {"pitches": [-1], "duration": 40, "time": 3912}, {"pitches": [54, 59], "duration": 8, "time": 3952}, {"pitches": [-1], "duration": 40, "time": 3960}, {"pitches": [54, 57, 59, 62], "duration": 8, "time": 4000}, {"pitches": [-1], "duration": 40, "time": 4008}, {"pitches": [54, 55, 59, 62], "duration": 8, "time": 4048}, {"pitches": [-1], "duration": 16, "time": 4056}, {"pitches": [49, 54, 55, 59], "duration": 32, "time": 4072}, {"pitches": [49, 54, 55, 59], "duration": 16, "time": 4104}, {"pitches": [-1], "duration": 72, "time": 4120}, {"pitches": [52, 54, 57, 59], "duration": 8, "time": 4192}, {"pitches": [-1], "duration": 40, "time": 4200}, {"pitches": [49, 54, 55, 59], "duration": 8, "time": 4240}, {"pitches": [-1], "duration": 40, "time": 4248}, {"pitches": [52, 57, 59], "duration": 8, "time": 4288}, {"pitches": [-1], "duration": 40, "time": 4296}, {"pitches": [52, 57, 59], "duration": 8, "time": 4336}, {"pitches": [-1], "duration": 16, "time": 4344}, {"pitches": [54, 57, 59, 62], "duration": 32, "time": 4360}, {"pitches": [54, 57, 59, 62], "duration": 16, "time": 4392}, {"pitches": [-1], "duration": 48, "time": 4408}, {"pitches": [52, 54, 57, 59], "duration": 32, "time": 4456}, {"pitches": [-1], "duration": 16, "time": 4488}, {"pitches": [52, 54, 57, 59], "duration": 8, "time": 4504}, {"pitches": [-1], "duration": 40, "time": 4512}, {"pitches": [55, 59, 61], "duration": 8, "time": 4552}, {"pitches": [-1], "duration": 16, "time": 4560}, {"pitches": [52, 54, 57, 59], "duration": 8, "time": 4576}, {"pitches": [-1], "duration": 16, "time": 4584}, {"pitches": [52, 54, 57, 59], "duration": 8, "time": 4600}], "basses": [{"pitch": 50, "duration": 24}, {"pitch": 50, "duration": 24}, {"pitch": 45, "duration": 24}, {"pitch": 42, "duration": 24}, {"pitch": 31, "duration": 24}, {"pitch": 26, "duration": 24}, {"pitch": 31, "duration": 24}, {"pitch": 39, "duration": 24}, {"pitch": 50, "duration": 24}, {"pitch": 45, "duration": 24}, {"pitch": 38, "duration": 24}, {"pitch": 29, "duration": 24}, {"pitch": 28, "duration": 24}, {"pitch": 34, "duration": 24}, {"pitch": 45, "duration": 24}, {"pitch": 51, "duration": 24}, {"pitch": 50, "duration": 24}, {"pitch": 45, "duration": 24}, {"pitch": 38, "duration": 24}, {"pitch": 30, "duration": 24}, {"pitch": 31, "duration": 24}, {"pitch": 38, "duration": 24}, {"pitch": 43, "duration": 24}, {"pitch": 50, "duration": 24}, {"pitch": 50, "duration": 24}, {"pitch": 50, "duration": 24}, {"pitch": 45, "duration": 24}, {"pitch": 39, "duration": 24}, {"pitch": 38, "duration": 24}, {"pitch": 26, "duration": 24}, {"pitch": 33, "duration": 24}, {"pitch": 39, "duration": 24}, {"pitch": 50, "duration": 24}, {"pitch": 45, "duration": 24}, {"pitch": 38, "duration": 24}, {"pitch": 29, "duration": 24}, {"pitch": 28, "duration": 24}, {"pitch": 32, "duration": 24}, {"pitch": 33, "duration": 24}, {"pitch": 39, "duration": 24}, {"pitch": 50, "duration": 24}, {"pitch": 45, "duration": 24}, {"pitch": 38, "duration": 24}, {"pitch": 30, "duration": 24}, {"pitch": 31, "duration": 24}, {"pitch": 40, "duration": 24}, {"pitch": 45, "duration": 24}, {"pitch": 51, "duration": 24}, {"pitch": 50, "duration": 24}, {"pitch": 38, "duration": 24}, {"pitch": 33, "duration": 24}, {"pitch": 27, "duration": 24}, {"pitch": 28, "duration": 24}, {"pitch": 32, "duration": 24}, {"pitch": 33, "duration": 24}, {"pitch": 37, "duration": 24}, {"pitch": 38, "duration": 24}, {"pitch": 44, "duration": 24}, {"pitch": 45, "duration": 24}, {"pitch": 51, "duration": 24}, {"pitch": 50, "duration": 24}, {"pitch": 38, "duration": 24}, {"pitch": 33, "duration": 24}, {"pitch": 27, "duration": 24}, {"pitch": 26, "duration": 24}, {"pitch": 33, "duration": 24}, {"pitch": 38, "duration": 24}, {"pitch": 49, "duration": 24}, {"pitch": 50, "duration": 24}, {"pitch": 44, "duration": 24}, {"pitch": 33, "duration": 24}, {"pitch": 25, "duration": 24}, {"pitch": 26, "duration": 24}, {"pitch": 38, "duration": 24}, {"pitch": 45, "duration": 24}, {"pitch": 44, "duration": 24}, {"pitch": 43, "duration": 24}, {"pitch": 38, "duration": 24}, {"pitch": 33, "duration": 24}, {"pitch": 25, "duration": 24}, {"pitch": 26, "duration": 24}, {"pitch": 33, "duration": 24}, {"pitch": 38, "duration": 24}, {"pitch": 45, "duration": 24}, {"pitch": 50, "duration": 24}, {"pitch": 46, "duration": 24}, {"pitch": 45, "duration": 24}, {"pitch": 39, "duration": 24}, {"pitch": 38, "duration": 24}, {"pitch": 32, "duration": 24}, {"pitch": 33, "duration": 24}, {"pitch": 39, "duration": 24}, {"pitch": 50, "duration": 24}, {"pitch": 45, "duration": 24}, {"pitch": 38, "duration": 24}, {"pitch": 27, "duration": 24}, {"pitch": 26, "duration": 24}, {"pitch": 33, "duration": 24}, {"pitch": 38, "duration": 24}, {"pitch": 41, "duration": 24}, {"pitch": 52, "duration": 24}, {"pitch": 46, "duration": 24}, {"pitch": 45, "duration": 24}, {"pitch": 39, "duration": 24}, {"pitch": 38, "duration": 24}, {"pitch": 33, "duration": 24}, {"pitch": 26, "duration": 24}, {"pitch": 32, "duration": 24}, {"pitch": 43, "duration": 24}, {"pitch": 52, "duration": 24}, {"pitch": 45, "duration": 24}, {"pitch": 39, "duration": 24}, {"pitch": 38, "duration": 24}, {"pitch": 33, "duration": 24}, {"pitch": 26, "duration": 24}, {"pitch": 33, "duration": 24}, {"pitch": 43, "duration": 24}, {"pitch": 50, "duration": 24}, {"pitch": 45, "duration": 24}, {"pitch": 40, "duration": 24}, {"pitch": 38, "duration": 24}, {"pitch": 33, "duration": 24}, {"pitch": 33, "duration": 24}, {"pitch": 33, "duration": 24}, {"pitch": 38, "duration": 24}, {"pitch": 46, "duration": 24}, {"pitch": 45, "duration": 24}, {"pitch": 40, "duration": 24}, {"pitch": 33, "duration": 24}, {"pitch": 26, "duration": 24}, {"pitch": 26, "duration": 24}, {"pitch": 26, "duration": 24}, {"pitch": 27, "duration": 24}, {"pitch": 28, "duration": 24}, {"pitch": 34, "duration": 24}, {"pitch": 45, "duration": 24}, {"pitch": 52, "duration": 24}, {"pitch": 50, "duration": 24}, {"pitch": 45, "duration": 24}, {"pitch": 38, "duration": 24}, {"pitch": 34, "duration": 24}, {"pitch": 33, "duration": 24}, {"pitch": 28, "duration": 24}, {"pitch": 33, "duration": 24}, {"pitch": 39, "duration": 24}, {"pitch": 50, "duration": 24}, {"pitch": 50, "duration": 24}, {"pitch": 50, "duration": 24}, {"pitch": 41, "duration": 24}, {"pitch": 40, "duration": 24}, {"pitch": 32, "duration": 24}, {"pitch": 33, "duration": 24}, {"pitch": 39, "duration": 24}, {"pitch": 50, "duration": 24}, {"pitch": 45, "duration": 24}, {"pitch": 33, "duration": 24}, {"pitch": 28, "duration": 24}, {"pitch": 26, "duration": 24}, {"pitch": 33, "duration": 24}, {"pitch": 38, "duration": 24}, {"pitch": 39, "duration": 24}, {"pitch": 50, "duration": 24}, {"pitch": 45, "duration": 24}, {"pitch": 38, "duration": 24}, {"pitch": 32, "duration": 24}, {"pitch": 31, "duration": 24}, {"pitch": 29, "duration": 24}, {"pitch": 28, "duration": 24}, {"pitch": 32, "duration": 24}, {"pitch": 33, "duration": 24}, {"pitch": 40, "duration": 24}, {"pitch": 45, "duration": 24}, {"pitch": 49, "duration": 24}, {"pitch": 50, "duration": 24}, {"pitch": 46, "duration": 24}, {"pitch": 45, "duration": 24}, {"pitch": 39, "duration": 24}, {"pitch": 38, "duration": 24}, {"pitch": 26, "duration": 24}, {"pitch": 33, "duration": 24}, {"pitch": 44, "duration": 24}, {"pitch": 43, "duration": 24}, {"pitch": 41, "duration": 24}, {"pitch": 40, "duration": 24}, {"pitch": 37, "duration": 24}, {"pitch": 26, "duration": 24}, {"pitch": 34, "duration": 24}, {"pitch": 45, "duration": 24}, {"pitch": 51, "duration": 24}, {"pitch": 50, "duration": 24}, {"pitch": 38, "duration": 24}, {"pitch": 26, "duration": 24}, {"pitch": 26, "duration": 24}]}], "time_signatures": [{"numerator": 4, "denominator": 4, "time": 0}], "chord_symbols": [[50, "major-11", null], [55, "major", null], [50, "major", null], [52, "minor", null], [45, "dominant-seventh", null], [50, "major", null], [55, "major", null], [50, "major", null], [45, "dominant-seventh", null], [50, "major", null], [50, "major", null], [52, "minor", null], [45, "dominant-seventh", null], [50, "major", null], [55, "major", null], [52, "dominant-seventh", null], [45, "dominant-seventh", null], [50, "major", null], [52, "minor", null], [45, "dominant-seventh", null], [50, "major", null], [45, "dominant-seventh", null], [50, "major", null], [50, "major", null], [50, "major", null], [45, "dominant-seventh", null], [50, "major", null], [55, "major", null], [45, "dominant-seventh", null], [50, "major", null], [50, "major", null], [45, "dominant-seventh", null], [50, "major", null], [45, "dominant-seventh", null], [50, "major", null], [50, "major", null], [52, "minor", null], [45, "dominant-seventh", null], [50, "major", null], [55, "major", null], [52, "dominant-seventh", null], [45, "dominant-seventh", null], [50, "major", null], [55, "major", null], [45, "dominant-seventh", null], [50, "major", null], [45, "dominant-seventh", null], [50, "major", null], [45, "dominant-seventh", null], [50, "major", null], [52, "minor", null], [45, "dominant-seventh", null], [50, "major", null], [45, "major", null], [52, "dominant-seventh", null], [45, "dominant-seventh", null], [50, "major", null], [52, "minor", null], [45, "dominant-seventh", null], [50, "major", null], [45, "dominant-seventh", null], [50, "major", null], [50, "major", null], [55, "major", null], [52, "minor", null], [45, "dominant-seventh", null], [50, "major", null], [45, "dominant-seventh", null], [50, "major", null], [55, "major", null], [52, "minor", null], [50, "major", null], [45, "dominant-seventh", null], [50, "major", null]], "tempos": [{"qpm": 120, "time": 0}], "beats": [{"time": 0, "is_downbeat": true}, {"time": 24, "is_downbeat": true}, {"time": 48, "is_downbeat": false}, {"time": 72, "is_downbeat": false}, {"time": 96, "is_downbeat": false}, {"time": 120, "is_downbeat": true}, {"time": 144, "is_downbeat": false}, {"time": 168, "is_downbeat": false}, {"time": 192, "is_downbeat": false}, {"time": 216, "is_downbeat": true}, {"time": 240, "is_downbeat": false}, {"time": 264, "is_downbeat": false}, {"time": 288, "is_downbeat": false}, {"time": 312, "is_downbeat": true}, {"time": 336, "is_downbeat": false}, {"time": 360, "is_downbeat": false}, {"time": 384, "is_downbeat": false}, {"time": 408, "is_downbeat": true}, {"time": 432, "is_downbeat": false}, {"time": 456, "is_downbeat": false}, {"time": 480, "is_downbeat": false}, {"time": 504, "is_downbeat": true}, {"time": 528, "is_downbeat": false}, {"time": 552, "is_downbeat": false}, {"time": 576, "is_downbeat": false}, {"time": 600, "is_downbeat": true}, {"time": 624, "is_downbeat": false}, {"time": 648, "is_downbeat": false}, {"time": 672, "is_downbeat": false}, {"time": 696, "is_downbeat": true}, {"time": 720, "is_downbeat": false}, {"time": 744, "is_downbeat": false}, {"time": 768, "is_downbeat": true}, {"time": 792, "is_downbeat": true}, {"time": 816, "is_downbeat": false}, {"time": 840, "is_downbeat": false}, {"time": 864, "is_downbeat": false}, {"time": 888, "is_downbeat": true}, {"time": 912, "is_downbeat": false}, {"time": 936, "is_downbeat": false}, {"time": 960, "is_downbeat": false}, {"time": 984, "is_downbeat": true}, {"time": 1008, "is_downbeat": false}, {"time": 1032, "is_downbeat": false}, {"time": 1056, "is_downbeat": false}, {"time": 1080, "is_downbeat": true}, {"time": 1104, "is_downbeat": false}, {"time": 1128, "is_downbeat": false}, {"time": 1152, "is_downbeat": false}, {"time": 1176, "is_downbeat": true}, {"time": 1200, "is_downbeat": false}, {"time": 1224, "is_downbeat": false}, {"time": 1248, "is_downbeat": false}, {"time": 1272, "is_downbeat": true}, {"time": 1296, "is_downbeat": false}, {"time": 1320, "is_downbeat": false}, {"time": 1344, "is_downbeat": false}, {"time": 1368, "is_downbeat": true}, {"time": 1392, "is_downbeat": false}, {"time": 1416, "is_downbeat": false}, {"time": 1440, "is_downbeat": false}, {"time": 1464, "is_downbeat": true}, {"time": 1488, "is_downbeat": false}, {"time": 1512, "is_downbeat": false}, {"time": 1536, "is_downbeat": true}, {"time": 1560, "is_downbeat": true}, {"time": 1584, "is_downbeat": false}, {"time": 1608, "is_downbeat": false}, {"time": 1632, "is_downbeat": false}, {"time": 1656, "is_downbeat": true}, {"time": 1680, "is_downbeat": false}, {"time": 1704, "is_downbeat": false}, {"time": 1728, "is_downbeat": false}, {"time": 1752, "is_downbeat": true}, {"time": 1776, "is_downbeat": false}, {"time": 1800, "is_downbeat": false}, {"time": 1824, "is_downbeat": false}, {"time": 1848, "is_downbeat": true}, {"time": 1872, "is_downbeat": false}, {"time": 1896, "is_downbeat": false}, {"time": 1920, "is_downbeat": false}, {"time": 1944, "is_downbeat": true}, {"time": 1968, "is_downbeat": false}, {"time": 1992, "is_downbeat": false}, {"time": 2016, "is_downbeat": false}, {"time": 2040, "is_downbeat": true}, {"time": 2064, "is_downbeat": false}, {"time": 2088, "is_downbeat": false}, {"time": 2112, "is_downbeat": false}, {"time": 2136, "is_downbeat": true}, {"time": 2160, "is_downbeat": false}, {"time": 2184, "is_downbeat": false}, {"time": 2208, "is_downbeat": false}, {"time": 2232, "is_downbeat": true}, {"time": 2256, "is_downbeat": false}, {"time": 2280, "is_downbeat": false}, {"time": 2304, "is_downbeat": true}, {"time": 2328, "is_downbeat": true}, {"time": 2352, "is_downbeat": false}, {"time": 2376, "is_downbeat": false}, {"time": 2400, "is_downbeat": false}, {"time": 2424, "is_downbeat": true}, {"time": 2448, "is_downbeat": false}, {"time": 2472, "is_downbeat": false}, {"time": 2496, "is_downbeat": false}, {"time": 2520, "is_downbeat": true}, {"time": 2544, "is_downbeat": false}, {"time": 2568, "is_downbeat": false}, {"time": 2592, "is_downbeat": false}, {"time": 2616, "is_downbeat": true}, {"time": 2640, "is_downbeat": false}, {"time": 2664, "is_downbeat": false}, {"time": 2688, "is_downbeat": false}, {"time": 2712, "is_downbeat": true}, {"time": 2736, "is_downbeat": false}, {"time": 2760, "is_downbeat": false}, {"time": 2784, "is_downbeat": false}, {"time": 2808, "is_downbeat": true}, {"time": 2832, "is_downbeat": false}, {"time": 2856, "is_downbeat": false}, {"time": 2880, "is_downbeat": false}, {"time": 2904, "is_downbeat": true}, {"time": 2928, "is_downbeat": false}, {"time": 2952, "is_downbeat": false}, {"time": 2976, "is_downbeat": false}, {"time": 3000, "is_downbeat": true}, {"time": 3024, "is_downbeat": false}, {"time": 3048, "is_downbeat": false}, {"time": 3072, "is_downbeat": false}, {"time": 3096, "is_downbeat": true}, {"time": 3120, "is_downbeat": true}, {"time": 3144, "is_downbeat": false}, {"time": 3168, "is_downbeat": false}, {"time": 3192, "is_downbeat": false}, {"time": 3216, "is_downbeat": true}, {"time": 3240, "is_downbeat": false}, {"time": 3264, "is_downbeat": false}, {"time": 3288, "is_downbeat": false}, {"time": 3312, "is_downbeat": true}, {"time": 3336, "is_downbeat": false}, {"time": 3360, "is_downbeat": false}, {"time": 3384, "is_downbeat": false}, {"time": 3408, "is_downbeat": true}, {"time": 3432, "is_downbeat": false}, {"time": 3456, "is_downbeat": false}, {"time": 3480, "is_downbeat": false}, {"time": 3504, "is_downbeat": true}, {"time": 3528, "is_downbeat": false}, {"time": 3552, "is_downbeat": false}, {"time": 3576, "is_downbeat": false}, {"time": 3600, "is_downbeat": true}, {"time": 3624, "is_downbeat": false}, {"time": 3648, "is_downbeat": false}, {"time": 3672, "is_downbeat": false}, {"time": 3696, "is_downbeat": true}, {"time": 3720, "is_downbeat": false}, {"time": 3744, "is_downbeat": false}, {"time": 3768, "is_downbeat": false}, {"time": 3792, "is_downbeat": true}, {"time": 3816, "is_downbeat": false}, {"time": 3840, "is_downbeat": false}, {"time": 3864, "is_downbeat": true}, {"time": 3888, "is_downbeat": true}, {"time": 3912, "is_downbeat": false}, {"time": 3936, "is_downbeat": false}, {"time": 3960, "is_downbeat": false}, {"time": 3984, "is_downbeat": true}, {"time": 4008, "is_downbeat": false}, {"time": 4032, "is_downbeat": false}, {"time": 4056, "is_downbeat": false}, {"time": 4080, "is_downbeat": true}, {"time": 4104, "is_downbeat": false}, {"time": 4128, "is_downbeat": false}, {"time": 4152, "is_downbeat": false}, {"time": 4176, "is_downbeat": true}, {"time": 4200, "is_downbeat": false}, {"time": 4224, "is_downbeat": false}, {"time": 4248, "is_downbeat": false}, {"time": 4272, "is_downbeat": true}, {"time": 4296, "is_downbeat": false}, {"time": 4320, "is_downbeat": false}, {"time": 4344, "is_downbeat": false}, {"time": 4368, "is_downbeat": true}, {"time": 4392, "is_downbeat": false}, {"time": 4416, "is_downbeat": false}, {"time": 4440, "is_downbeat": false}, {"time": 4464, "is_downbeat": true}, {"time": 4488, "is_downbeat": false}, {"time": 4512, "is_downbeat": false}, {"time": 4536, "is_downbeat": false}, {"time": 4560, "is_downbeat": true}, {"time": 4584, "is_downbeat": false}, {"time": 4608, "is_downbeat": false}, {"time": 4632, "is_downbeat": false}]}