{"metadata": {"title": "phillibelula"}, "tracks": [{"notes": [{"pitch": 78, "duration": 16}, {"pitch": 76, "duration": 8}, {"pitch": 74, "duration": 16}, {"pitch": 73, "duration": 8}, {"pitch": 74, "duration": 16}, {"pitch": 71, "duration": 8}, {"pitch": 69, "duration": 24}, {"pitch": 67, "duration": 16}, {"pitch": 66, "duration": 8}, {"pitch": 64, "duration": 16}, {"pitch": 64, "duration": 8}, {"pitch": 66, "duration": 16}, {"pitch": 67, "duration": 8}, {"pitch": 69, "duration": 24}, {"pitch": 71, "duration": 16}, {"pitch": 73, "duration": 8}, {"pitch": 74, "duration": 16}, {"pitch": 71, "duration": 8}, {"pitch": 69, "duration": 16}, {"pitch": 69, "duration": 8}, {"pitch": 74, "duration": 16}, {"pitch": 74, "duration": 8}, {"pitch": 76, "duration": 16}, {"pitch": 73, "duration": 8}, {"pitch": 74, "duration": 24}, {"pitch": 78, "duration": 24}, {"pitch": 74, "duration": 24}, {"pitch": 74, "duration": 16}, {"pitch": 76, "duration": 8}, {"pitch": 78, "duration": 24}, {"pitch": 78, "duration": 24}, {"pitch": 78, "duration": 24}, {"pitch": 79, "duration": 16}, {"pitch": 78, "duration": 8}, {"pitch": 79, "duration": 16}, {"pitch": 78, "duration": 8}, {"pitch": 76, "duration": 24}, {"pitch": 76, "duration": 48}, {"pitch": 74, "duration": 24}, {"pitch": 74, "duration": 24}, {"pitch": 74, "duration": 24}, {"pitch": 76, "duration": 16}, {"pitch": 74, "duration": 8}, {"pitch": 73, "duration": 16}, {"pitch": 71, "duration": 8}, {"pitch": 69, "duration": 24}, {"pitch": 69, "duration": 24}, {"pitch": 71, "duration": 16}, {"pitch": 73, "duration": 8}, {"pitch": 74, "duration": 16}, {"pitch": 74, "duration": 8}, {"pitch": 73, "duration": 8}, {"pitch": 71, "duration": 8}, {"pitch": 69, "duration": 8}, {"pitch": 71, "duration": 16}, {"pitch": 73, "duration": 8}, {"pitch": 74, "duration": 16}, {"pitch": 69, "duration": 8}, {"pitch": 74, "duration": 8}, {"pitch": 76, "duration": 8}, {"pitch": 74, "duration": 8}, {"pitch": 73, "duration": 8}, {"pitch": 71, "duration": 8}, {"pitch": 69, "duration": 8}, {"pitch": 71, "duration": 16}, {"pitch": 73, "duration": 8}, {"pitch": 74, "duration": 16}, {"pitch": 78, "duration": 8}, {"pitch": 76, "duration": 24}, {"pitch": 76, "duration": 8}, {"pitch": 78, "duration": 8}, {"pitch": 79, "duration": 8}, {"pitch": 81, "duration": 24}, {"pitch": 69, "duration": 8}, {"pitch": 71, "duration": 8}, {"pitch": 73, "duration": 8}, {"pitch": 74, "duration": 24}, {"pitch": 78, "duration": 24}, {"pitch": 74, "duration": 24}], "voicings": [{"pitches": [57, 61, 64, 67, 71, 77, 78], "duration": 32, "time": 40}, {"pitches": [-1], "duration": 16, "time": 72}, {"pitches": [57, 61, 64, 67, 71, 77, 78], "duration": 8, "time": 88}, {"pitches": [-1], "duration": 40, "time": 96}, {"pitches": [54, 57, 59, 62], "duration": 8, "time": 136}, {"pitches": [-1], "duration": 24, "time": 144}, {"pitches": [54, 55, 59], "duration": 24, "time": 168}, {"pitches": [-1], "duration": 40, "time": 192}, {"pitches": [52, 54, 57], "duration": 32, "time": 232}, {"pitches": [55, 59, 61], "duration": 16, "time": 264}, {"pitches": [-1], "duration": 48, "time": 280}, {"pitches": [52, 54, 57, 59], "duration": 32, "time": 328}, {"pitches": [52, 54, 57, 59], "duration": 16, "time": 360}, {"pitches": [-1], "duration": 48, "time": 376}, {"pitches": [52, 54, 57, 59], "duration": 8, "time": 424}, {"pitches": [-1], "duration": 24, "time": 432}, {"pitches": [50, 54, 57, 61], "duration": 24, "time": 456}, {"pitches": [-1], "duration": 64, "time": 480}, {"pitches": [54, 55, 59, 62], "duration": 8, "time": 544}, {"pitches": [-1], "duration": 40, "time": 552}, {"pitches": [49, 54, 55, 59], "duration": 8, "time": 592}, {"pitches": [-1], "duration": 40, "time": 600}, {"pitches": [49, 54, 55, 59], "duration": 8, "time": 640}, {"pitches": [-1], "duration": 40, "time": 648}, {"pitches": [50, 52, 55, 56, 60], "duration": 8, "time": 688}, {"pitches": [-1], "duration": 16, "time": 696}, {"pitches": [49, 54, 55, 59], "duration": 8, "time": 712}, {"pitches": [-1], "duration": 24, "time": 720}, {"pitches": [52, 58, 62], "duration": 24, "time": 744}, {"pitches": [-1], "duration": 40, "time": 768}, {"pitches": [52, 54, 57], "duration": 32, "time": 808}, {"pitches": [-1], "duration": 16, "time": 840}, {"pitches": [54, 57, 59, 62], "duration": 8, "time": 856}, {"pitches": [-1], "duration": 64, "time": 864}, {"pitches": [52, 54, 59], "duration": 8, "time": 928}, {"pitches": [-1], "duration": 40, "time": 936}, {"pitches": [52, 57, 61], "duration": 8, "time": 976}, {"pitches": [-1], "duration": 40, "time": 984}, {"pitches": [54, 55, 62], "duration": 8, "time": 1024}, {"pitches": [-1], "duration": 40, "time": 1032}, {"pitches": [49, 54, 55, 59], "duration": 8, "time": 1072}, {"pitches": [-1], "duration": 16, "time": 1080}, {"pitches": [54, 57, 59], "duration": 32, "time": 1096}, {"pitches": [-1], "duration": 16, "time": 1128}, {"pitches": [54, 57, 59], "duration": 8, "time": 1144}], "basses": [{"pitch": 50, "duration": 24}, {"pitch": 50, "duration": 24}, {"pitch": 45, "duration": 24}, {"pitch": 44, "duration": 24}, {"pitch": 43, "duration": 24}, {"pitch": 32, "duration": 24}, {"pitch": 33, "duration": 24}, {"pitch": 37, "duration": 24}, {"pitch": 38, "duration": 24}, {"pitch": 44, "duration": 24}, {"pitch": 45, "duration": 24}, {"pitch": 49, "duration": 24}, {"pitch": 50, "duration": 24}, {"pitch": 50, "duration": 24}, {"pitch": 50, "duration": 24}, {"pitch": 51, "duration": 24}, {"pitch": 50, "duration": 24}, {"pitch": 48, "duration": 24}, {"pitch": 47, "duration": 24}, {"pitch": 42, "duration": 24}, {"pitch": 40, "duration": 24}, {"pitch": 35, "duration": 24}, {"pitch": 33, "duration": 24}, {"pitch": 28, "duration": 24}, {"pitch": 33, "duration": 24}, {"pitch": 45, "duration": 24}, {"pitch": 44, "duration": 24}, {"pitch": 34, "duration": 24}, {"pitch": 33, "duration": 24}, {"pitch": 31, "duration": 24}, {"pitch": 30, "duration": 24}, {"pitch": 28, "duration": 24}, {"pitch": 26, "duration": 24}, {"pitch": 33, "duration": 24}, {"pitch": 43, "duration": 24}, {"pitch": 51, "duration": 24}, {"pitch": 50, "duration": 24}, {"pitch": 42, "duration": 24}, {"pitch": 31, "duration": 24}, {"pitch": 29, "duration": 24}, {"pitch": 28, "duration": 24}, {"pitch": 34, "duration": 24}, {"pitch": 45, "duration": 24}, {"pitch": 49, "duration": 24}, {"pitch": 50, "duration": 24}, {"pitch": 50, "duration": 24}, {"pitch": 50, "duration": 24}, {"pitch": 50, "duration": 24}]}], "time_signatures": [{"numerator": 4, "denominator": 4, "time": 0}], "chord_symbols": [[50, "major-13th", null], [55, "major", null], [45, "dominant-seventh", null], [50, "major", null], [45, "dominant-seventh", null], [50, "major", null], [50, "major", null], [47, "minor", null], [52, "minor", null], [45, "major", null], [44, "augmented-major-#11", null], [45, "dominant-seventh", null], [55, "major", null], [54, "major", null], [52, "major", null], [50, "major", null], [55, "major", null], [50, "major", null], [55, "major", null], [42, "augmented-major-seventh", 53], [52, "minor", null], [45, "dominant-seventh", null], [50, "major", null]], "tempos": [{"qpm": 120, "time": 0}], "beats": [{"time": 0, "is_downbeat": true}, {"time": 24, "is_downbeat": true}, {"time": 48, "is_downbeat": false}, {"time": 72, "is_downbeat": false}, {"time": 96, "is_downbeat": false}, {"time": 120, "is_downbeat": true}, {"time": 144, "is_downbeat": false}, {"time": 168, "is_downbeat": false}, {"time": 192, "is_downbeat": false}, {"time": 216, "is_downbeat": true}, {"time": 240, "is_downbeat": false}, {"time": 264, "is_downbeat": false}, {"time": 288, "is_downbeat": false}, {"time": 312, "is_downbeat": true}, {"time": 336, "is_downbeat": false}, {"time": 360, "is_downbeat": false}, {"time": 384, "is_downbeat": true}, {"time": 408, "is_downbeat": true}, {"time": 432, "is_downbeat": false}, {"time": 456, "is_downbeat": false}, {"time": 480, "is_downbeat": false}, {"time": 504, "is_downbeat": true}, {"time": 528, "is_downbeat": false}, {"time": 552, "is_downbeat": false}, {"time": 576, "is_downbeat": false}, {"time": 600, "is_downbeat": true}, {"time": 624, "is_downbeat": false}, {"time": 648, "is_downbeat": false}, {"time": 672, "is_downbeat": false}, {"time": 696, "is_downbeat": true}, {"time": 720, "is_downbeat": false}, {"time": 744, "is_downbeat": false}, {"time": 768, "is_downbeat": false}, {"time": 792, "is_downbeat": true}, {"time": 816, "is_downbeat": false}, {"time": 840, "is_downbeat": false}, {"time": 864, "is_downbeat": false}, {"time": 888, "is_downbeat": true}, {"time": 912, "is_downbeat": false}, {"time": 936, "is_downbeat": false}, {"time": 960, "is_downbeat": false}, {"time": 984, "is_downbeat": true}, {"time": 1008, "is_downbeat": false}, {"time": 1032, "is_downbeat": false}, {"time": 1056, "is_downbeat": false}, {"time": 1080, "is_downbeat": true}, {"time": 1104, "is_downbeat": false}, {"time": 1128, "is_downbeat": false}, {"time": 1152, "is_downbeat": false}]}