{"metadata": {"title": "fieldtown-processional"}, "tracks": [{"notes": [{"pitch": 67, "duration": 16}, {"pitch": 69, "duration": 8}, {"pitch": 71, "duration": 24}, {"pitch": 69, "duration": 24}, {"pitch": 71, "duration": 24}, {"pitch": 67, "duration": 24}, {"pitch": 69, "duration": 24}, {"pitch": 69, "duration": 24}, {"pitch": 69, "duration": 48}, {"pitch": 72, "duration": 24}, {"pitch": 71, "duration": 16}, {"pitch": 72, "duration": 8}, {"pitch": 69, "duration": 24}, {"pitch": 72, "duration": 24}, {"pitch": 71, "duration": 24}, {"pitch": 67, "duration": 24}, {"pitch": 67, "duration": 48}, {"pitch": 71, "duration": 16}, {"pitch": 72, "duration": 8}, {"pitch": 74, "duration": 24}, {"pitch": 76, "duration": 24}, {"pitch": 78, "duration": 24}, {"pitch": 79, "duration": 24}, {"pitch": 74, "duration": 24}, {"pitch": 76, "duration": 24}, {"pitch": 72, "duration": 24}, {"pitch": 71, "duration": 24}, {"pitch": 67, "duration": 24}, {"pitch": 69, "duration": 24}, {"pitch": 66, "duration": 24}, {"pitch": 67, "duration": 48}, {"pitch": 67, "duration": 24}, {"pitch": 74, "duration": 24}, {"pitch": 79, "duration": 48}, {"pitch": 79, "duration": 24}, {"pitch": 78, "duration": 24}, {"pitch": 78, "duration": 24}, {"pitch": 76, "duration": 24}, {"pitch": 76, "duration": 48}, {"pitch": 81, "duration": 40}, {"pitch": 83, "duration": 8}, {"pitch": 81, "duration": 24}, {"pitch": 79, "duration": 24}, {"pitch": 78, "duration": 24}, {"pitch": 74, "duration": 24}, {"pitch": 74, "duration": 48}, {"pitch": 79, "duration": 24}, {"pitch": 78, "duration": 24}, {"pitch": 79, "duration": 24}, {"pitch": 78, "duration": 24}, {"pitch": 76, "duration": 24}, {"pitch": 74, "duration": 24}, {"pitch": 76, "duration": 24}, {"pitch": 79, "duration": 24}, {"pitch": 78, "duration": 24}, {"pitch": 74, "duration": 24}, {"pitch": 76, "duration": 24}, {"pitch": 73, "duration": 24}, {"pitch": 74, "duration": 24}, {"pitch": 72, "duration": 24}, {"pitch": 71, "duration": 24}, {"pitch": 69, "duration": 24}], "voicings": [{"pitches": [57, 59, 62, 64], "duration": 8, "time": 64}, {"pitches": [-1], "duration": 40, "time": 72}, {"pitches": [57, 59, 62, 64], "duration": 8, "time": 112}, {"pitches": [-1], "duration": 40, "time": 120}, {"pitches": [52, 55, 59], "duration": 8, "time": 160}, {"pitches": [-1], "duration": 40, "time": 168}, {"pitches": [52, 55, 59], "duration": 8, "time": 208}, {"pitches": [-1], "duration": 16, "time": 216}, {"pitches": [52, 59, 60], "duration": 8, "time": 232}, {"pitches": [-1], "duration": 16, "time": 240}, {"pitches": [52, 59, 60], "duration": 8, "time": 256}, {"pitches": [-1], "duration": 16, "time": 264}, {"pitches": [52, 59, 60], "duration": 8, "time": 280}, {"pitches": [-1], "duration": 16, "time": 288}, {"pitches": [52, 59, 60], "duration": 8, "time": 304}, {"pitches": [-1], "duration": 16, "time": 312}, {"pitches": [52, 57, 59, 62], "duration": 8, "time": 328}, {"pitches": [-1], "duration": 16, "time": 336}, {"pitches": [52, 57, 59, 62], "duration": 8, "time": 352}, {"pitches": [-1], "duration": 16, "time": 360}, {"pitches": [52, 54, 60], "duration": 8, "time": 376}, {"pitches": [-1], "duration": 16, "time": 384}, {"pitches": [52, 54, 60], "duration": 8, "time": 400}, {"pitches": [-1], "duration": 16, "time": 408}, {"pitches": [52, 57, 59, 62], "duration": 32, "time": 424}, {"pitches": [-1], "duration": 16, "time": 456}, {"pitches": [52, 55, 59], "duration": 8, "time": 472}, {"pitches": [-1], "duration": 64, "time": 480}, {"pitches": [52, 57, 59, 62], "duration": 8, "time": 544}, {"pitches": [-1], "duration": 40, "time": 552}, {"pitches": [52, 55, 59, 62], "duration": 8, "time": 592}, {"pitches": [-1], "duration": 40, "time": 600}, {"pitches": [52, 59], "duration": 8, "time": 640}, {"pitches": [-1], "duration": 40, "time": 648}, {"pitches": [52, 54, 59, 60], "duration": 8, "time": 688}, {"pitches": [-1], "duration": 16, "time": 696}, {"pitches": [52, 57, 59, 62], "duration": 32, "time": 712}, {"pitches": [52, 57, 59, 62], "duration": 16, "time": 744}, {"pitches": [-1], "duration": 48, "time": 760}, {"pitches": [52, 57, 59, 62], "duration": 8, "time": 808}, {"pitches": [-1], "duration": 16, "time": 816}, {"pitches": [52, 57, 59, 62], "duration": 8, "time": 832}, {"pitches": [-1], "duration": 16, "time": 840}, {"pitches": [52, 57, 59, 62], "duration": 8, "time": 856}, {"pitches": [-1], "duration": 16, "time": 864}, {"pitches": [52, 55, 59, 62], "duration": 32, "time": 880}, {"pitches": [-1], "duration": 16, "time": 912}, {"pitches": [52, 55, 59, 62], "duration": 8, "time": 928}, {"pitches": [-1], "duration": 48, "time": 936}, {"pitches": [54, 55, 59, 61], "duration": 24, "time": 984}, {"pitches": [-1], "duration": 16, "time": 1008}, {"pitches": [54, 55, 59, 61], "duration": 8, "time": 1024}, {"pitches": [-1], "duration": 48, "time": 1032}, {"pitches": [52, 54, 59, 60], "duration": 24, "time": 1080}, {"pitches": [-1], "duration": 16, "time": 1104}, {"pitches": [52, 54, 59, 60], "duration": 8, "time": 1120}, {"pitches": [-1], "duration": 64, "time": 1128}, {"pitches": [52, 57, 62], "duration": 32, "time": 1192}, {"pitches": [52, 57, 62], "duration": 16, "time": 1224}, {"pitches": [-1], "duration": 72, "time": 1240}, {"pitches": [52, 59, 62], "duration": 8, "time": 1312}, {"pitches": [-1], "duration": 40, "time": 1320}, {"pitches": [52, 59, 62], "duration": 8, "time": 1360}, {"pitches": [-1], "duration": 40, "time": 1368}, {"pitches": [52, 54, 59, 60], "duration": 8, "time": 1408}, {"pitches": [-1], "duration": 40, "time": 1416}, {"pitches": [49, 54, 55, 59], "duration": 8, "time": 1456}, {"pitches": [-1], "duration": 16, "time": 1464}, {"pitches": [52, 54, 59, 60], "duration": 32, "time": 1480}, {"pitches": [-1], "duration": 16, "time": 1512}, {"pitches": [52, 54, 59, 60], "duration": 8, "time": 1528}], "basses": [{"pitch": 43, "duration": 24}, {"pitch": 43, "duration": 24}, {"pitch": 50, "duration": 24}, {"pitch": 50, "duration": 24}, {"pitch": 45, "duration": 24}, {"pitch": 40, "duration": 24}, {"pitch": 33, "duration": 24}, {"pitch": 28, "duration": 24}, {"pitch": 26, "duration": 24}, {"pitch": 33, "duration": 24}, {"pitch": 38, "duration": 24}, {"pitch": 42, "duration": 24}, {"pitch": 43, "duration": 24}, {"pitch": 51, "duration": 24}, {"pitch": 50, "duration": 24}, {"pitch": 42, "duration": 24}, {"pitch": 31, "duration": 24}, {"pitch": 25, "duration": 24}, {"pitch": 24, "duration": 24}, {"pitch": 31, "duration": 24}, {"pitch": 43, "duration": 24}, {"pitch": 49, "duration": 24}, {"pitch": 48, "duration": 24}, {"pitch": 42, "duration": 24}, {"pitch": 31, "duration": 24}, {"pitch": 25, "duration": 24}, {"pitch": 26, "duration": 24}, {"pitch": 33, "duration": 24}, {"pitch": 43, "duration": 24}, {"pitch": 50, "duration": 24}, {"pitch": 43, "duration": 24}, {"pitch": 38, "duration": 24}, {"pitch": 31, "duration": 24}, {"pitch": 31, "duration": 24}, {"pitch": 31, "duration": 24}, {"pitch": 35, "duration": 24}, {"pitch": 36, "duration": 24}, {"pitch": 43, "duration": 24}, {"pitch": 48, "duration": 24}, {"pitch": 43, "duration": 24}, {"pitch": 33, "duration": 24}, {"pitch": 28, "duration": 24}, {"pitch": 33, "duration": 24}, {"pitch": 39, "duration": 24}, {"pitch": 50, "duration": 24}, {"pitch": 50, "duration": 24}, {"pitch": 50, "duration": 24}, {"pitch": 44, "duration": 24}, {"pitch": 43, "duration": 24}, {"pitch": 38, "duration": 24}, {"pitch": 31, "duration": 24}, {"pitch": 35, "duration": 24}, {"pitch": 36, "duration": 24}, {"pitch": 48, "duration": 24}, {"pitch": 43, "duration": 24}, {"pitch": 37, "duration": 24}, {"pitch": 26, "duration": 24}, {"pitch": 33, "duration": 24}, {"pitch": 45, "duration": 24}, {"pitch": 51, "duration": 24}, {"pitch": 50, "duration": 24}, {"pitch": 38, "duration": 24}, {"pitch": 26, "duration": 24}, {"pitch": 26, "duration": 24}, {"pitch": 50, "duration": 24}]}], "time_signatures": [{"numerator": 4, "denominator": 4, "time": 0}], "chord_symbols": [[55, "major", null], [45, "minor", null], [50, "dominant-seventh", null], [55, "major", null], [50, "dominant-seventh", null], [55, "major", null], [48, "major", null], [55, "major", null], [48, "major", null], [55, "major", null], [50, "dominant-seventh", null], [55, "major", null], [55, "major", null], [48, "major", null], [45, "dominant-seventh", null], [50, "dominant-seventh", null], [55, "major", null], [48, "major", null], [50, "major", null], [45, "dominant-seventh", null], [50, "dominant-seventh", null]], "tempos": [{"qpm": 120, "time": 0}], "beats": [{"time": 0, "is_downbeat": true}, {"time": 24, "is_downbeat": true}, {"time": 48, "is_downbeat": false}, {"time": 72, "is_downbeat": false}, {"time": 96, "is_downbeat": false}, {"time": 120, "is_downbeat": true}, {"time": 144, "is_downbeat": false}, {"time": 168, "is_downbeat": false}, {"time": 192, "is_downbeat": false}, {"time": 216, "is_downbeat": true}, {"time": 240, "is_downbeat": false}, {"time": 264, "is_downbeat": false}, {"time": 288, "is_downbeat": false}, {"time": 312, "is_downbeat": true}, {"time": 336, "is_downbeat": false}, {"time": 360, "is_downbeat": false}, {"time": 384, "is_downbeat": false}, {"time": 408, "is_downbeat": true}, {"time": 432, "is_downbeat": false}, {"time": 456, "is_downbeat": false}, {"time": 480, "is_downbeat": false}, {"time": 504, "is_downbeat": true}, {"time": 528, "is_downbeat": false}, {"time": 552, "is_downbeat": false}, {"time": 576, "is_downbeat": false}, {"time": 600, "is_downbeat": true}, {"time": 624, "is_downbeat": false}, {"time": 648, "is_downbeat": false}, {"time": 672, "is_downbeat": false}, {"time": 696, "is_downbeat": true}, {"time": 720, "is_downbeat": false}, {"time": 744, "is_downbeat": false}, {"time": 768, "is_downbeat": true}, {"time": 792, "is_downbeat": true}, {"time": 816, "is_downbeat": false}, {"time": 840, "is_downbeat": false}, {"time": 864, "is_downbeat": false}, {"time": 888, "is_downbeat": true}, {"time": 912, "is_downbeat": false}, {"time": 936, "is_downbeat": false}, {"time": 960, "is_downbeat": false}, {"time": 984, "is_downbeat": true}, {"time": 1008, "is_downbeat": false}, {"time": 1032, "is_downbeat": false}, {"time": 1056, "is_downbeat": false}, {"time": 1080, "is_downbeat": true}, {"time": 1104, "is_downbeat": false}, {"time": 1128, "is_downbeat": false}, {"time": 1152, "is_downbeat": false}, {"time": 1176, "is_downbeat": true}, {"time": 1200, "is_downbeat": false}, {"time": 1224, "is_downbeat": false}, {"time": 1248, "is_downbeat": false}, {"time": 1272, "is_downbeat": true}, {"time": 1296, "is_downbeat": false}, {"time": 1320, "is_downbeat": false}, {"time": 1344, "is_downbeat": false}, {"time": 1368, "is_downbeat": true}, {"time": 1392, "is_downbeat": false}, {"time": 1416, "is_downbeat": false}, {"time": 1440, "is_downbeat": false}, {"time": 1464, "is_downbeat": true}, {"time": 1488, "is_downbeat": false}, {"time": 1512, "is_downbeat": false}, {"time": 1536, "is_downbeat": false}]}