{"metadata": {"title": "the-alderman-s-hat"}, "tracks": [{"notes": [{"pitch": 62, "duration": 24}, {"pitch": 67, "duration": 24}, {"pitch": 70, "duration": 48}, {"pitch": 67, "duration": 24}, {"pitch": 66, "duration": 24}, {"pitch": 74, "duration": 48}, {"pitch": 62, "duration": 24}, {"pitch": 67, "duration": 24}, {"pitch": 70, "duration": 48}, {"pitch": 67, "duration": 24}, {"pitch": 66, "duration": 24}, {"pitch": 69, "duration": 48}, {"pitch": 62, "duration": 24}, {"pitch": 67, "duration": 24}, {"pitch": 70, "duration": 48}, {"pitch": 67, "duration": 24}, {"pitch": 66, "duration": 24}, {"pitch": 79, "duration": 48}, {"pitch": 72, "duration": 24}, {"pitch": 70, "duration": 48}, {"pitch": 69, "duration": 48}, {"pitch": 67, "duration": 72}, {"pitch": 74, "duration": 24}, {"pitch": 74, "duration": 24}, {"pitch": 79, "duration": 48}, {"pitch": 74, "duration": 24}, {"pitch": 79, "duration": 24}, {"pitch": 82, "duration": 48}, {"pitch": 74, "duration": 24}, {"pitch": 72, "duration": 24}, {"pitch": 77, "duration": 48}, {"pitch": 72, "duration": 24}, {"pitch": 77, "duration": 24}, {"pitch": 81, "duration": 48}, {"pitch": 72, "duration": 24}, {"pitch": 70, "duration": 24}, {"pitch": 75, "duration": 48}, {"pitch": 74, "duration": 16}, {"pitch": 72, "duration": 8}, {"pitch": 74, "duration": 24}, {"pitch": 79, "duration": 48}, {"pitch": 72, "duration": 24}, {"pitch": 70, "duration": 48}, {"pitch": 69, "duration": 48}, {"pitch": 67, "duration": 72}], "voicings": [{"pitches": [52, 57, 58], "duration": 8, "time": 64}, {"pitches": [-1], "duration": 40, "time": 72}, {"pitches": [52, 57, 58], "duration": 8, "time": 112}, {"pitches": [-1], "duration": 40, "time": 120}, {"pitches": [53, 54, 58, 60], "duration": 8, "time": 160}, {"pitches": [-1], "duration": 40, "time": 168}, {"pitches": [53, 54, 58, 60], "duration": 8, "time": 208}, {"pitches": [-1], "duration": 16, "time": 216}, {"pitches": [52, 57, 58, 62], "duration": 32, "time": 232}, {"pitches": [-1], "duration": 16, "time": 264}, {"pitches": [52, 57, 58, 62], "duration": 8, "time": 280}, {"pitches": [-1], "duration": 40, "time": 288}, {"pitches": [54, 58, 60], "duration": 8, "time": 328}, {"pitches": [-1], "duration": 16, "time": 336}, {"pitches": [54, 58, 60], "duration": 8, "time": 352}, {"pitches": [-1], "duration": 16, "time": 360}, {"pitches": [54, 58, 60], "duration": 8, "time": 376}, {"pitches": [-1], "duration": 16, "time": 384}, {"pitches": [54, 58, 60], "duration": 8, "time": 400}, {"pitches": [-1], "duration": 16, "time": 408}, {"pitches": [52, 57, 58, 62], "duration": 8, "time": 424}, {"pitches": [-1], "duration": 16, "time": 432}, {"pitches": [52, 57, 58, 62], "duration": 8, "time": 448}, {"pitches": [-1], "duration": 16, "time": 456}, {"pitches": [52, 57, 58, 62], "duration": 8, "time": 472}, {"pitches": [-1], "duration": 16, "time": 480}, {"pitches": [52, 57, 58, 62], "duration": 8, "time": 496}, {"pitches": [-1], "duration": 40, "time": 504}, {"pitches": [53, 54, 58], "duration": 8, "time": 544}, {"pitches": [-1], "duration": 40, "time": 552}, {"pitches": [55, 58, 62], "duration": 8, "time": 592}, {"pitches": [-1], "duration": 40, "time": 600}, {"pitches": [52, 53, 57, 59], "duration": 8, "time": 640}, {"pitches": [-1], "duration": 40, "time": 648}, {"pitches": [54, 58, 60], "duration": 8, "time": 688}, {"pitches": [-1], "duration": 16, "time": 696}, {"pitches": [52, 57, 58, 62], "duration": 8, "time": 712}, {"pitches": [-1], "duration": 24, "time": 720}, {"pitches": [52, 57, 58, 62], "duration": 24, "time": 744}, {"pitches": [-1], "duration": 40, "time": 768}, {"pitches": [52, 57, 58, 62], "duration": 8, "time": 808}, {"pitches": [-1], "duration": 24, "time": 816}, {"pitches": [52, 57, 58, 62], "duration": 24, "time": 840}, {"pitches": [-1], "duration": 40, "time": 864}, {"pitches": [52, 57, 58], "duration": 8, "time": 904}, {"pitches": [-1], "duration": 16, "time": 912}, {"pitches": [52, 57, 58], "duration": 8, "time": 928}, {"pitches": [-1], "duration": 16, "time": 936}, {"pitches": [52, 57, 58], "duration": 8, "time": 952}, {"pitches": [-1], "duration": 16, "time": 960}, {"pitches": [52, 57, 58], "duration": 8, "time": 976}, {"pitches": [-1], "duration": 16, "time": 984}, {"pitches": [53, 57, 60], "duration": 8, "time": 1000}, {"pitches": [-1], "duration": 16, "time": 1008}, {"pitches": [53, 57, 60], "duration": 8, "time": 1024}, {"pitches": [-1], "duration": 16, "time": 1032}, {"pitches": [53, 57, 60], "duration": 8, "time": 1048}, {"pitches": [-1], "duration": 16, "time": 1056}, {"pitches": [53, 57, 60], "duration": 8, "time": 1072}, {"pitches": [-1], "duration": 16, "time": 1080}, {"pitches": [53, 57, 60], "duration": 32, "time": 1096}, {"pitches": [53, 57, 60], "duration": 16, "time": 1128}, {"pitches": [-1], "duration": 48, "time": 1144}, {"pitches": [53, 55, 60, 61], "duration": 8, "time": 1192}, {"pitches": [-1], "duration": 24, "time": 1200}, {"pitches": [53, 55, 60, 61], "duration": 24, "time": 1224}, {"pitches": [-1], "duration": 64, "time": 1248}, {"pitches": [57, 58, 62], "duration": 8, "time": 1312}, {"pitches": [-1], "duration": 40, "time": 1320}, {"pitches": [55, 58, 62, 63], "duration": 8, "time": 1360}, {"pitches": [-1], "duration": 40, "time": 1368}, {"pitches": [52, 53, 57, 59], "duration": 8, "time": 1408}, {"pitches": [-1], "duration": 40, "time": 1416}, {"pitches": [54, 58, 60], "duration": 8, "time": 1456}, {"pitches": [-1], "duration": 16, "time": 1464}, {"pitches": [52, 57, 58, 62], "duration": 32, "time": 1480}, {"pitches": [52, 57, 58, 62], "duration": 16, "time": 1512}], "basses": [{"pitch": 43, "duration": 24}, {"pitch": 43, "duration": 24}, {"pitch": 50, "duration": 24}, {"pitch": 51, "duration": 24}, {"pitch": 50, "duration": 24}, {"pitch": 45, "duration": 24}, {"pitch": 38, "duration": 24}, {"pitch": 32, "duration": 24}, {"pitch": 31, "duration": 24}, {"pitch": 26, "duration": 24}, {"pitch": 31, "duration": 24}, {"pitch": 38, "duration": 24}, {"pitch": 50, "duration": 24}, {"pitch": 45, "duration": 24}, {"pitch": 38, "duration": 24}, {"pitch": 32, "duration": 24}, {"pitch": 31, "duration": 24}, {"pitch": 26, "duration": 24}, {"pitch": 31, "duration": 24}, {"pitch": 37, "duration": 24}, {"pitch": 38, "duration": 24}, {"pitch": 49, "duration": 24}, {"pitch": 48, "duration": 24}, {"pitch": 37, "duration": 24}, {"pitch": 26, "duration": 24}, {"pitch": 25, "duration": 24}, {"pitch": 26, "duration": 24}, {"pitch": 32, "duration": 24}, {"pitch": 43, "duration": 24}, {"pitch": 43, "duration": 24}, {"pitch": 43, "duration": 24}, {"pitch": 42, "duration": 24}, {"pitch": 31, "duration": 24}, {"pitch": 26, "duration": 24}, {"pitch": 31, "duration": 24}, {"pitch": 32, "duration": 24}, {"pitch": 43, "duration": 24}, {"pitch": 50, "duration": 24}, {"pitch": 43, "duration": 24}, {"pitch": 40, "duration": 24}, {"pitch": 29, "duration": 24}, {"pitch": 29, "duration": 24}, {"pitch": 29, "duration": 24}, {"pitch": 40, "duration": 24}, {"pitch": 41, "duration": 24}, {"pitch": 41, "duration": 24}, {"pitch": 41, "duration": 24}, {"pitch": 48, "duration": 24}, {"pitch": 51, "duration": 24}, {"pitch": 51, "duration": 24}, {"pitch": 51, "duration": 24}, {"pitch": 42, "duration": 24}, {"pitch": 31, "duration": 24}, {"pitch": 25, "duration": 24}, {"pitch": 24, "duration": 24}, {"pitch": 27, "duration": 24}, {"pitch": 38, "duration": 24}, {"pitch": 39, "duration": 24}, {"pitch": 50, "duration": 24}, {"pitch": 42, "duration": 24}, {"pitch": 31, "duration": 24}, {"pitch": 31, "duration": 24}, {"pitch": 43, "duration": 24}, {"pitch": 43, "duration": 24}]}], "time_signatures": [{"numerator": 4, "denominator": 4, "time": 0}], "chord_symbols": [[55, "minor", null], [50, "dominant-seventh", null], [55, "minor", null], [50, "dominant-seventh", null], [55, "minor", null], [50, "major", null], [48, "minor", null], [43, "minor", 50], [50, "dominant-seventh", null], [55, "minor", null], [55, "minor", null], [55, "minor", null], [53, "major", null], [53, "major", null], [51, "major", null], [55, "minor", null], [48, "minor", null], [43, "minor", 50], [50, "dominant-seventh", null], [55, "minor", null]], "tempos": [{"qpm": 120, "time": 0}], "beats": [{"time": 0, "is_downbeat": true}, {"time": 24, "is_downbeat": true}, {"time": 48, "is_downbeat": false}, {"time": 72, "is_downbeat": false}, {"time": 96, "is_downbeat": false}, {"time": 120, "is_downbeat": true}, {"time": 144, "is_downbeat": false}, {"time": 168, "is_downbeat": false}, {"time": 192, "is_downbeat": false}, {"time": 216, "is_downbeat": true}, {"time": 240, "is_downbeat": false}, {"time": 264, "is_downbeat": false}, {"time": 288, "is_downbeat": false}, {"time": 312, "is_downbeat": true}, {"time": 336, "is_downbeat": false}, {"time": 360, "is_downbeat": false}, {"time": 384, "is_downbeat": false}, {"time": 408, "is_downbeat": true}, {"time": 432, "is_downbeat": false}, {"time": 456, "is_downbeat": false}, {"time": 480, "is_downbeat": false}, {"time": 504, "is_downbeat": true}, {"time": 528, "is_downbeat": false}, {"time": 552, "is_downbeat": false}, {"time": 576, "is_downbeat": false}, {"time": 600, "is_downbeat": true}, {"time": 624, "is_downbeat": false}, {"time": 648, "is_downbeat": false}, {"time": 672, "is_downbeat": false}, {"time": 696, "is_downbeat": true}, {"time": 720, "is_downbeat": false}, {"time": 744, "is_downbeat": false}, {"time": 768, "is_downbeat": true}, {"time": 792, "is_downbeat": true}, {"time": 816, "is_downbeat": false}, {"time": 840, "is_downbeat": false}, {"time": 864, "is_downbeat": false}, {"time": 888, "is_downbeat": true}, {"time": 912, "is_downbeat": false}, {"time": 936, "is_downbeat": false}, {"time": 960, "is_downbeat": false}, {"time": 984, "is_downbeat": true}, {"time": 1008, "is_downbeat": false}, {"time": 1032, "is_downbeat": false}, {"time": 1056, "is_downbeat": false}, {"time": 1080, "is_downbeat": true}, {"time": 1104, "is_downbeat": false}, {"time": 1128, "is_downbeat": false}, {"time": 1152, "is_downbeat": false}, {"time": 1176, "is_downbeat": true}, {"time": 1200, "is_downbeat": false}, {"time": 1224, "is_downbeat": false}, {"time": 1248, "is_downbeat": false}, {"time": 1272, "is_downbeat": true}, {"time": 1296, "is_downbeat": false}, {"time": 1320, "is_downbeat": false}, {"time": 1344, "is_downbeat": false}, {"time": 1368, "is_downbeat": true}, {"time": 1392, "is_downbeat": false}, {"time": 1416, "is_downbeat": false}, {"time": 1440, "is_downbeat": false}, {"time": 1464, "is_downbeat": true}, {"time": 1488, "is_downbeat": false}, {"time": 1512, "is_downbeat": false}, {"time": 1536, "is_downbeat": false}]}