{"metadata": {"title": "staines-morris"}, "tracks": [{"notes": [{"pitch": 69, "duration": 24}, {"pitch": 74, "duration": 24}, {"pitch": 71, "duration": 24}, {"pitch": 73, "duration": 24}, {"pitch": 74, "duration": 24}, {"pitch": 72, "duration": 16}, {"pitch": 70, "duration": 8}, {"pitch": 69, "duration": 40}, {"pitch": 70, "duration": 8}, {"pitch": 72, "duration": 16}, {"pitch": 74, "duration": 8}, {"pitch": 72, "duration": 16}, {"pitch": 70, "duration": 8}, {"pitch": 69, "duration": 24}, {"pitch": 67, "duration": 16}, {"pitch": 65, "duration": 8}, {"pitch": 64, "duration": 16}, {"pitch": 62, "duration": 8}, {"pitch": 64, "duration": 16}, {"pitch": 65, "duration": 8}, {"pitch": 62, "duration": 48}, {"pitch": 65, "duration": 16}, {"pitch": 67, "duration": 8}, {"pitch": 69, "duration": 16}, {"pitch": 70, "duration": 8}, {"pitch": 69, "duration": 24}, {"pitch": 67, "duration": 16}, {"pitch": 65, "duration": 8}, {"pitch": 64, "duration": 16}, {"pitch": 62, "duration": 8}, {"pitch": 64, "duration": 16}, {"pitch": 65, "duration": 8}, {"pitch": 62, "duration": 48}, {"pitch": 65, "duration": 24}, {"pitch": 65, "duration": 24}, {"pitch": 60, "duration": 24}, {"pitch": 60, "duration": 24}, {"pitch": 62, "duration": 16}, {"pitch": 64, "duration": 8}, {"pitch": 65, "duration": 16}, {"pitch": 67, "duration": 8}, {"pitch": 69, "duration": 40}, {"pitch": 70, "duration": 8}, {"pitch": 72, "duration": 16}, {"pitch": 74, "duration": 8}, {"pitch": 72, "duration": 16}, {"pitch": 70, "duration": 8}, {"pitch": 69, "duration": 24}, {"pitch": 67, "duration": 16}, {"pitch": 65, "duration": 8}, {"pitch": 64, "duration": 16}, {"pitch": 62, "duration": 8}, {"pitch": 64, "duration": 16}, {"pitch": 65, "duration": 8}, {"pitch": 62, "duration": 48}], "voicings": [{"pitches": [52, 53, 57], "duration": 8, "time": 16}, {"pitches": [-1], "duration": 16, "time": 24}, {"pitches": [52, 53, 57], "duration": 8, "time": 40}, {"pitches": [-1], "duration": 16, "time": 48}, {"pitches": [53, 55, 60], "duration": 8, "time": 64}, {"pitches": [-1], "duration": 16, "time": 72}, {"pitches": [53, 55, 60], "duration": 8, "time": 88}, {"pitches": [-1], "duration": 16, "time": 96}, {"pitches": [53, 57, 58, 62], "duration": 8, "time": 112}, {"pitches": [-1], "duration": 16, "time": 120}, {"pitches": [53, 57, 58, 62], "duration": 8, "time": 136}, {"pitches": [-1], "duration": 16, "time": 144}, {"pitches": [52, 53, 57, 59], "duration": 8, "time": 160}, {"pitches": [-1], "duration": 16, "time": 168}, {"pitches": [52, 53, 57, 59], "duration": 8, "time": 184}, {"pitches": [-1], "duration": 16, "time": 192}, {"pitches": [52, 53, 57], "duration": 32, "time": 208}, {"pitches": [-1], "duration": 16, "time": 240}, {"pitches": [53, 57, 58, 62], "duration": 8, "time": 256}, {"pitches": [-1], "duration": 64, "time": 264}, {"pitches": [53, 55, 60, 61], "duration": 8, "time": 328}, {"pitches": [-1], "duration": 40, "time": 336}, {"pitches": [52, 53, 57, 59], "duration": 8, "time": 376}, {"pitches": [-1], "duration": 40, "time": 384}, {"pitches": [55, 57, 60, 62], "duration": 8, "time": 424}, {"pitches": [-1], "duration": 40, "time": 432}, {"pitches": [55, 57, 60, 62], "duration": 8, "time": 472}, {"pitches": [-1], "duration": 16, "time": 480}, {"pitches": [52, 55, 57, 62], "duration": 32, "time": 496}, {"pitches": [-1], "duration": 16, "time": 528}, {"pitches": [52, 53, 57, 60], "duration": 8, "time": 544}, {"pitches": [-1], "duration": 40, "time": 552}, {"pitches": [52, 55, 57, 60], "duration": 8, "time": 592}, {"pitches": [-1], "duration": 24, "time": 600}, {"pitches": [52, 55, 57, 60], "duration": 24, "time": 624}, {"pitches": [-1], "duration": 40, "time": 648}, {"pitches": [55, 56, 60, 62], "duration": 8, "time": 688}, {"pitches": [-1], "duration": 24, "time": 696}, {"pitches": [57, 60, 62], "duration": 24, "time": 720}, {"pitches": [-1], "duration": 40, "time": 744}, {"pitches": [52, 53, 59], "duration": 8, "time": 784}, {"pitches": [-1], "duration": 16, "time": 792}, {"pitches": [52, 53, 59], "duration": 8, "time": 808}, {"pitches": [-1], "duration": 16, "time": 816}, {"pitches": [53, 57, 62], "duration": 8, "time": 832}, {"pitches": [-1], "duration": 16, "time": 840}, {"pitches": [53, 57, 62], "duration": 8, "time": 856}, {"pitches": [-1], "duration": 16, "time": 864}, {"pitches": [53, 60, 61], "duration": 8, "time": 880}, {"pitches": [-1], "duration": 16, "time": 888}, {"pitches": [53, 60, 61], "duration": 8, "time": 904}, {"pitches": [-1], "duration": 16, "time": 912}, {"pitches": [52, 53, 59], "duration": 8, "time": 928}, {"pitches": [-1], "duration": 16, "time": 936}, {"pitches": [52, 53, 59], "duration": 8, "time": 952}], "basses": [{"pitch": 50, "duration": 24}, {"pitch": 50, "duration": 24}, {"pitch": 45, "duration": 24}, {"pitch": 44, "duration": 24}, {"pitch": 43, "duration": 24}, {"pitch": 38, "duration": 24}, {"pitch": 26, "duration": 24}, {"pitch": 27, "duration": 24}, {"pitch": 38, "duration": 24}, {"pitch": 45, "duration": 24}, {"pitch": 43, "duration": 24}, {"pitch": 38, "duration": 24}, {"pitch": 33, "duration": 24}, {"pitch": 25, "duration": 24}, {"pitch": 26, "duration": 24}, {"pitch": 30, "duration": 24}, {"pitch": 41, "duration": 24}, {"pitch": 41, "duration": 24}, {"pitch": 41, "duration": 24}, {"pitch": 47, "duration": 24}, {"pitch": 48, "duration": 24}, {"pitch": 51, "duration": 24}, {"pitch": 50, "duration": 24}, {"pitch": 40, "duration": 24}, {"pitch": 29, "duration": 24}, {"pitch": 24, "duration": 24}, {"pitch": 29, "duration": 24}, {"pitch": 35, "duration": 24}, {"pitch": 46, "duration": 24}, {"pitch": 42, "duration": 24}, {"pitch": 41, "duration": 24}, {"pitch": 37, "duration": 24}, {"pitch": 26, "duration": 24}, {"pitch": 32, "duration": 24}, {"pitch": 43, "duration": 24}, {"pitch": 44, "duration": 24}, {"pitch": 45, "duration": 24}, {"pitch": 52, "duration": 24}, {"pitch": 50, "duration": 24}, {"pitch": 38, "duration": 24}, {"pitch": 26, "duration": 24}]}], "time_signatures": [{"numerator": 4, "denominator": 4, "time": 0}], "chord_symbols": [[50, "minor", null], [45, "major", null], [55, "minor", null], [50, "minor", null], [50, "minor", null], [55, "minor", null], [45, "dominant-seventh", null], [50, "minor", null], [53, "major", null], [48, "major", null], [50, "minor", null], [53, "major", null], [46, "major", null], [53, "major", null], [50, "minor", null], [55, "minor", null], [45, "dominant-seventh", null], [50, "minor", null]], "tempos": [{"qpm": 120, "time": 0}], "beats": [{"time": 0, "is_downbeat": true}, {"time": 24, "is_downbeat": false}, {"time": 48, "is_downbeat": false}, {"time": 72, "is_downbeat": false}, {"time": 96, "is_downbeat": true}, {"time": 120, "is_downbeat": false}, {"time": 144, "is_downbeat": false}, {"time": 168, "is_downbeat": false}, {"time": 192, "is_downbeat": true}, {"time": 216, "is_downbeat": false}, {"time": 240, "is_downbeat": false}, {"time": 264, "is_downbeat": false}, {"time": 288, "is_downbeat": true}, {"time": 312, "is_downbeat": false}, {"time": 336, "is_downbeat": false}, {"time": 360, "is_downbeat": false}, {"time": 384, "is_downbeat": true}, {"time": 408, "is_downbeat": false}, {"time": 432, "is_downbeat": false}, {"time": 456, "is_downbeat": false}, {"time": 480, "is_downbeat": true}, {"time": 504, "is_downbeat": false}, {"time": 528, "is_downbeat": false}, {"time": 552, "is_downbeat": false}, {"time": 576, "is_downbeat": true}, {"time": 600, "is_downbeat": false}, {"time": 624, "is_downbeat": false}, {"time": 648, "is_downbeat": false}, {"time": 672, "is_downbeat": true}, {"time": 696, "is_downbeat": false}, {"time": 720, "is_downbeat": false}, {"time": 744, "is_downbeat": false}, {"time": 768, "is_downbeat": true}, {"time": 792, "is_downbeat": false}, {"time": 816, "is_downbeat": false}, {"time": 840, "is_downbeat": false}, {"time": 864, "is_downbeat": true}, {"time": 888, "is_downbeat": false}, {"time": 912, "is_downbeat": false}, {"time": 936, "is_downbeat": false}]}