{"metadata": {"title": "anniversary-reel"}, "tracks": [{"notes": [{"pitch": 74, "duration": 24}, {"pitch": 76, "duration": 24}, {"pitch": 78, "duration": 40}, {"pitch": 74, "duration": 8}, {"pitch": 69, "duration": 24}, {"pitch": 74, "duration": 24}, {"pitch": 71, "duration": 24}, {"pitch": 74, "duration": 24}, {"pitch": 73, "duration": 16}, {"pitch": 74, "duration": 8}, {"pitch": 76, "duration": 24}, {"pitch": 74, "duration": 48}, {"pitch": 69, "duration": 48}, {"pitch": 66, "duration": 40}, {"pitch": 66, "duration": 8}, {"pitch": 67, "duration": 24}, {"pitch": 69, "duration": 24}, {"pitch": 71, "duration": 24}, {"pitch": 74, "duration": 48}, {"pitch": 71, "duration": 24}, {"pitch": 69, "duration": 40}, {"pitch": 67, "duration": 8}, {"pitch": 66, "duration": 24}, {"pitch": 67, "duration": 24}, {"pitch": 64, "duration": 120}, {"pitch": 69, "duration": 24}, {"pitch": 74, "duration": 24}, {"pitch": 76, "duration": 24}, {"pitch": 78, "duration": 40}, {"pitch": 74, "duration": 8}, {"pitch": 69, "duration": 24}, {"pitch": 74, "duration": 24}, {"pitch": 71, "duration": 24}, {"pitch": 74, "duration": 24}, {"pitch": 73, "duration": 16}, {"pitch": 74, "duration": 8}, {"pitch": 76, "duration": 24}, {"pitch": 74, "duration": 48}, {"pitch": 69, "duration": 48}, {"pitch": 66, "duration": 40}, {"pitch": 66, "duration": 8}, {"pitch": 67, "duration": 24}, {"pitch": 69, "duration": 24}, {"pitch": 71, "duration": 24}, {"pitch": 74, "duration": 48}, {"pitch": 71, "duration": 24}, {"pitch": 69, "duration": 24}, {"pitch": 74, "duration": 24}, {"pitch": 73, "duration": 16}, {"pitch": 74, "duration": 8}, {"pitch": 76, "duration": 24}, {"pitch": 74, "duration": 144}, {"pitch": 76, "duration": 24}, {"pitch": 74, "duration": 24}, {"pitch": 73, "duration": 24}, {"pitch": 73, "duration": 24}, {"pitch": 73, "duration": 16}, {"pitch": 71, "duration": 8}, {"pitch": 69, "duration": 24}, {"pitch": 71, "duration": 24}, {"pitch": 71, "duration": 24}, {"pitch": 71, "duration": 16}, {"pitch": 69, "duration": 8}, {"pitch": 68, "duration": 24}, {"pitch": 69, "duration": 24}, {"pitch": 81, "duration": 48}, {"pitch": 78, "duration": 24}, {"pitch": 76, "duration": 40}, {"pitch": 73, "duration": 8}, {"pitch": 69, "duration": 24}, {"pitch": 71, "duration": 24}, {"pitch": 73, "duration": 24}, {"pitch": 76, "duration": 24}, {"pitch": 76, "duration": 16}, {"pitch": 74, "duration": 8}, {"pitch": 73, "duration": 24}, {"pitch": 71, "duration": 24}, {"pitch": 74, "duration": 24}, {"pitch": 74, "duration": 16}, {"pitch": 73, "duration": 8}, {"pitch": 71, "duration": 24}, {"pitch": 69, "duration": 96}, {"pitch": 69, "duration": 24}, {"pitch": 69, "duration": 24}, {"pitch": 74, "duration": 24}, {"pitch": 76, "duration": 24}, {"pitch": 78, "duration": 40}, {"pitch": 74, "duration": 8}, {"pitch": 69, "duration": 24}, {"pitch": 74, "duration": 24}, {"pitch": 71, "duration": 24}, {"pitch": 74, "duration": 24}, {"pitch": 73, "duration": 16}, {"pitch": 74, "duration": 8}, {"pitch": 76, "duration": 24}, {"pitch": 74, "duration": 48}, {"pitch": 69, "duration": 48}, {"pitch": 66, "duration": 40}, {"pitch": 66, "duration": 8}, {"pitch": 67, "duration": 24}, {"pitch": 69, "duration": 24}, {"pitch": 71, "duration": 24}, {"pitch": 74, "duration": 48}, {"pitch": 71, "duration": 24}, {"pitch": 69, "duration": 24}, {"pitch": 74, "duration": 24}, {"pitch": 73, "duration": 16}, {"pitch": 74, "duration": 8}, {"pitch": 76, "duration": 24}, {"pitch": 74, "duration": 144}], "voicings": [{"pitches": [54, 55, 61], "duration": 32, "time": 16}, {"pitches": [-1], "duration": 16, "time": 48}, {"pitches": [52, 54, 57, 59], "duration": 8, "time": 64}, {"pitches": [-1], "duration": 40, "time": 72}, {"pitches": [52, 54, 57, 59], "duration": 32, "time": 112}, {"pitches": [54, 57, 59, 62], "duration": 16, "time": 144}, {"pitches": [-1], "duration": 48, "time": 160}, {"pitches": [49, 54, 55, 59], "duration": 8, "time": 208}, {"pitches": [-1], "duration": 16, "time": 216}, {"pitches": [49, 54, 55, 59], "duration": 8, "time": 232}, {"pitches": [-1], "duration": 16, "time": 240}, {"pitches": [52, 54, 57, 59], "duration": 8, "time": 256}, {"pitches": [-1], "duration": 16, "time": 264}, {"pitches": [52, 54, 57, 59], "duration": 24, "time": 280}, {"pitches": [52, 54, 57, 59], "duration": 24, "time": 304}, {"pitches": [-1], "duration": 24, "time": 328}, {"pitches": [52, 54, 60], "duration": 8, "time": 352}, {"pitches": [-1], "duration": 40, "time": 360}, {"pitches": [52, 54, 60], "duration": 32, "time": 400}, {"pitches": [-1], "duration": 16, "time": 432}, {"pitches": [52, 57, 59, 62], "duration": 8, "time": 448}, {"pitches": [-1], "duration": 64, "time": 456}, {"pitches": [52, 57, 59, 62], "duration": 8, "time": 520}, {"pitches": [-1], "duration": 40, "time": 528}, {"pitches": [54, 61, 62], "duration": 32, "time": 568}, {"pitches": [-1], "duration": 16, "time": 600}, {"pitches": [54, 61, 62], "duration": 8, "time": 616}, {"pitches": [-1], "duration": 16, "time": 624}, {"pitches": [54, 55, 59, 62], "duration": 8, "time": 640}, {"pitches": [-1], "duration": 24, "time": 648}, {"pitches": [54, 55, 59, 62], "duration": 16, "time": 672}, {"pitches": [54, 55, 59, 62], "duration": 24, "time": 688}, {"pitches": [-1], "duration": 24, "time": 712}, {"pitches": [54, 55, 59, 61], "duration": 8, "time": 736}, {"pitches": [-1], "duration": 40, "time": 744}, {"pitches": [54, 55, 59, 61], "duration": 32, "time": 784}, {"pitches": [-1], "duration": 16, "time": 816}, {"pitches": [52, 59, 60], "duration": 8, "time": 832}, {"pitches": [-1], "duration": 40, "time": 840}, {"pitches": [52, 59, 60], "duration": 32, "time": 880}, {"pitches": [52, 57, 59, 62], "duration": 16, "time": 912}, {"pitches": [-1], "duration": 48, "time": 928}, {"pitches": [49, 54, 55, 59], "duration": 8, "time": 976}, {"pitches": [-1], "duration": 24, "time": 984}, {"pitches": [54, 59, 60], "duration": 24, "time": 1008}, {"pitches": [-1], "duration": 40, "time": 1032}, {"pitches": [54, 59, 60], "duration": 32, "time": 1072}, {"pitches": [-1], "duration": 16, "time": 1104}, {"pitches": [52, 59, 60], "duration": 8, "time": 1120}, {"pitches": [-1], "duration": 40, "time": 1128}, {"pitches": [52, 59, 60], "duration": 32, "time": 1168}, {"pitches": [52, 57, 59, 62], "duration": 16, "time": 1200}, {"pitches": [-1], "duration": 72, "time": 1216}, {"pitches": [52, 57, 59, 62], "duration": 8, "time": 1288}, {"pitches": [-1], "duration": 40, "time": 1296}, {"pitches": [52, 54, 60], "duration": 8, "time": 1336}, {"pitches": [-1], "duration": 40, "time": 1344}, {"pitches": [54, 55, 59, 61], "duration": 8, "time": 1384}, {"pitches": [-1], "duration": 40, "time": 1392}, {"pitches": [52, 54, 59, 60], "duration": 8, "time": 1432}, {"pitches": [-1], "duration": 16, "time": 1440}, {"pitches": [52, 54, 59, 60], "duration": 8, "time": 1456}, {"pitches": [-1], "duration": 24, "time": 1464}, {"pitches": [52, 54, 59, 60], "duration": 24, "time": 1488}, {"pitches": [-1], "duration": 40, "time": 1512}, {"pitches": [54, 56, 61, 62], "duration": 32, "time": 1552}, {"pitches": [-1], "duration": 16, "time": 1584}, {"pitches": [49, 52, 54, 59], "duration": 8, "time": 1600}, {"pitches": [-1], "duration": 40, "time": 1608}, {"pitches": [52, 56, 57], "duration": 8, "time": 1648}, {"pitches": [-1], "duration": 16, "time": 1656}, {"pitches": [52, 56, 57], "duration": 8, "time": 1672}, {"pitches": [-1], "duration": 16, "time": 1680}, {"pitches": [50, 57, 61], "duration": 8, "time": 1696}, {"pitches": [-1], "duration": 16, "time": 1704}, {"pitches": [50, 57, 61], "duration": 8, "time": 1720}, {"pitches": [-1], "duration": 16, "time": 1728}, {"pitches": [54, 56, 61, 62], "duration": 8, "time": 1744}, {"pitches": [-1], "duration": 16, "time": 1752}, {"pitches": [54, 56, 61, 62], "duration": 8, "time": 1768}, {"pitches": [-1], "duration": 16, "time": 1776}, {"pitches": [49, 52, 54, 59], "duration": 8, "time": 1792}, {"pitches": [-1], "duration": 16, "time": 1800}, {"pitches": [52, 54, 57, 61], "duration": 8, "time": 1816}, {"pitches": [-1], "duration": 16, "time": 1824}, {"pitches": [52, 54, 57, 61], "duration": 8, "time": 1840}, {"pitches": [-1], "duration": 24, "time": 1848}, {"pitches": [49, 52, 54, 59], "duration": 24, "time": 1872}, {"pitches": [-1], "duration": 40, "time": 1896}, {"pitches": [52, 54, 57, 61], "duration": 32, "time": 1936}, {"pitches": [-1], "duration": 16, "time": 1968}, {"pitches": [49, 52, 54, 59], "duration": 8, "time": 1984}, {"pitches": [-1], "duration": 40, "time": 1992}, {"pitches": [49, 52, 54, 59], "duration": 32, "time": 2032}, {"pitches": [54, 56, 61], "duration": 16, "time": 2064}, {"pitches": [-1], "duration": 48, "time": 2080}, {"pitches": [54, 56, 61], "duration": 32, "time": 2128}, {"pitches": [-1], "duration": 16, "time": 2160}, {"pitches": [49, 52, 54], "duration": 8, "time": 2176}, {"pitches": [-1], "duration": 40, "time": 2184}, {"pitches": [55, 59, 62], "duration": 32, "time": 2224}, {"pitches": [-1], "duration": 16, "time": 2256}, {"pitches": [49, 52, 54, 59], "duration": 8, "time": 2272}, {"pitches": [-1], "duration": 40, "time": 2280}, {"pitches": [49, 52, 54, 59], "duration": 32, "time": 2320}, {"pitches": [52, 54, 57, 61], "duration": 16, "time": 2352}, {"pitches": [-1], "duration": 48, "time": 2368}, {"pitches": [52, 54, 57, 61], "duration": 8, "time": 2416}, {"pitches": [-1], "duration": 24, "time": 2424}, {"pitches": [54, 57, 59, 62], "duration": 24, "time": 2448}, {"pitches": [-1], "duration": 40, "time": 2472}, {"pitches": [54, 55, 59, 61], "duration": 32, "time": 2512}, {"pitches": [52, 54, 57, 59], "duration": 16, "time": 2544}, {"pitches": [-1], "duration": 48, "time": 2560}, {"pitches": [52, 54, 57, 59], "duration": 32, "time": 2608}, {"pitches": [-1], "duration": 16, "time": 2640}, {"pitches": [52, 54, 59, 60], "duration": 8, "time": 2656}, {"pitches": [-1], "duration": 64, "time": 2664}, {"pitches": [52, 54, 59, 60], "duration": 8, "time": 2728}, {"pitches": [-1], "duration": 40, "time": 2736}, {"pitches": [52, 57, 59, 62], "duration": 32, "time": 2776}, {"pitches": [-1], "duration": 16, "time": 2808}, {"pitches": [52, 57, 59, 62], "duration": 8, "time": 2824}, {"pitches": [-1], "duration": 48, "time": 2832}, {"pitches": [49, 54, 55, 59], "duration": 24, "time": 2880}, {"pitches": [-1], "duration": 16, "time": 2904}, {"pitches": [49, 54, 55, 59], "duration": 8, "time": 2920}, {"pitches": [-1], "duration": 64, "time": 2928}, {"pitches": [52, 59, 60], "duration": 32, "time": 2992}, {"pitches": [52, 59, 60], "duration": 16, "time": 3024}], "basses": [{"pitch": 45, "duration": 24}, {"pitch": 45, "duration": 24}, {"pitch": 50, "duration": 24}, {"pitch": 45, "duration": 24}, {"pitch": 38, "duration": 24}, {"pitch": 32, "duration": 24}, {"pitch": 31, "duration": 24}, {"pitch": 34, "duration": 24}, {"pitch": 45, "duration": 24}, {"pitch": 51, "duration": 24}, {"pitch": 50, "duration": 24}, {"pitch": 45, "duration": 24}, {"pitch": 38, "duration": 24}, {"pitch": 37, "duration": 24}, {"pitch": 26, "duration": 24}, {"pitch": 33, "duration": 24}, {"pitch": 38, "duration": 24}, {"pitch": 44, "duration": 24}, {"pitch": 43, "duration": 24}, {"pitch": 38, "duration": 24}, {"pitch": 31, "duration": 24}, {"pitch": 27, "duration": 24}, {"pitch": 26, "duration": 24}, {"pitch": 33, "duration": 24}, {"pitch": 35, "duration": 24}, {"pitch": 41, "duration": 24}, {"pitch": 52, "duration": 24}, {"pitch": 40, "duration": 24}, {"pitch": 35, "duration": 24}, {"pitch": 34, "duration": 24}, {"pitch": 33, "duration": 24}, {"pitch": 28, "duration": 24}, {"pitch": 33, "duration": 24}, {"pitch": 37, "duration": 24}, {"pitch": 38, "duration": 24}, {"pitch": 50, "duration": 24}, {"pitch": 45, "duration": 24}, {"pitch": 42, "duration": 24}, {"pitch": 31, "duration": 24}, {"pitch": 34, "duration": 24}, {"pitch": 45, "duration": 24}, {"pitch": 51, "duration": 24}, {"pitch": 50, "duration": 24}, {"pitch": 45, "duration": 24}, {"pitch": 38, "duration": 24}, {"pitch": 37, "duration": 24}, {"pitch": 26, "duration": 24}, {"pitch": 26, "duration": 24}, {"pitch": 26, "duration": 24}, {"pitch": 30, "duration": 24}, {"pitch": 31, "duration": 24}, {"pitch": 38, "duration": 24}, {"pitch": 43, "duration": 24}, {"pitch": 51, "duration": 24}, {"pitch": 50, "duration": 24}, {"pitch": 44, "duration": 24}, {"pitch": 33, "duration": 24}, {"pitch": 28, "duration": 24}, {"pitch": 26, "duration": 24}, {"pitch": 33, "duration": 24}, {"pitch": 38, "duration": 24}, {"pitch": 45, "duration": 24}, {"pitch": 50, "duration": 24}, {"pitch": 45, "duration": 24}, {"pitch": 40, "duration": 24}, {"pitch": 32, "duration": 24}, {"pitch": 33, "duration": 24}, {"pitch": 41, "duration": 24}, {"pitch": 42, "duration": 24}, {"pitch": 46, "duration": 24}, {"pitch": 47, "duration": 24}, {"pitch": 41, "duration": 24}, {"pitch": 40, "duration": 24}, {"pitch": 34, "duration": 24}, {"pitch": 33, "duration": 24}, {"pitch": 26, "duration": 24}, {"pitch": 26, "duration": 24}, {"pitch": 26, "duration": 24}, {"pitch": 33, "duration": 24}, {"pitch": 37, "duration": 24}, {"pitch": 38, "duration": 24}, {"pitch": 44, "duration": 24}, {"pitch": 45, "duration": 24}, {"pitch": 52, "duration": 24}, {"pitch": 45, "duration": 24}, {"pitch": 40, "duration": 24}, {"pitch": 28, "duration": 24}, {"pitch": 35, "duration": 24}, {"pitch": 40, "duration": 24}, {"pitch": 46, "duration": 24}, {"pitch": 45, "duration": 24}, {"pitch": 39, "duration": 24}, {"pitch": 28, "duration": 24}, {"pitch": 34, "duration": 24}, {"pitch": 45, "duration": 24}, {"pitch": 45, "duration": 24}, {"pitch": 45, "duration": 24}, {"pitch": 52, "duration": 24}, {"pitch": 50, "duration": 24}, {"pitch": 45, "duration": 24}, {"pitch": 38, "duration": 24}, {"pitch": 32, "duration": 24}, {"pitch": 31, "duration": 24}, {"pitch": 26, "duration": 24}, {"pitch": 33, "duration": 24}, {"pitch": 39, "duration": 24}, {"pitch": 50, "duration": 24}, {"pitch": 45, "duration": 24}, {"pitch": 38, "duration": 24}, {"pitch": 37, "duration": 24}, {"pitch": 26, "duration": 24}, {"pitch": 33, "duration": 24}, {"pitch": 38, "duration": 24}, {"pitch": 44, "duration": 24}, {"pitch": 43, "duration": 24}, {"pitch": 31, "duration": 24}, {"pitch": 26, "duration": 24}, {"pitch": 27, "duration": 24}, {"pitch": 38, "duration": 24}, {"pitch": 44, "duration": 24}, {"pitch": 45, "duration": 24}, {"pitch": 51, "duration": 24}, {"pitch": 50, "duration": 24}, {"pitch": 38, "duration": 24}, {"pitch": 26, "duration": 24}, {"pitch": 26, "duration": 24}, {"pitch": 50, "duration": 24}, {"pitch": 50, "duration": 24}, {"pitch": 50, "duration": 24}]}], "time_signatures": [{"numerator": 4, "denominator": 4, "time": 0}], "chord_symbols": [[45, "dominant-seventh", null], [50, "major", null], [55, "major", null], [45, "major", null], [50, "major", null], [50, "dominant-seventh", null], [55, "major", null], [50, "major", null], [47, "minor", null], [52, "minor", null], [45, "major", null], [50, "major", null], [55, "major", null], [45, "major", null], [50, "major", null], [50, "dominant-seventh", null], [55, "major", null], [50, "major", null], [45, "major", null], [50, "major", null], [52, "dominant-seventh", null], [45, "major", null], [54, "minor", null], [47, "minor", null], [52, "major", null], [45, "major", null], [50, "major", null], [45, "major", null], [50, "major", null], [45, "major", null], [52, "major", null], [45, "major", null], [52, "minor", null], [45, "major", null], [50, "major", null], [55, "major", null], [45, "major", null], [50, "major", null], [50, "dominant-seventh", null], [55, "major", null], [50, "major", null], [45, "major", null], [50, "major", null]], "tempos": [{"qpm": 120, "time": 0}], "beats": [{"time": 0, "is_downbeat": true}, {"time": 24, "is_downbeat": false}, {"time": 48, "is_downbeat": true}, {"time": 72, "is_downbeat": false}, {"time": 96, "is_downbeat": false}, {"time": 120, "is_downbeat": false}, {"time": 144, "is_downbeat": true}, {"time": 168, "is_downbeat": false}, {"time": 192, "is_downbeat": false}, {"time": 216, "is_downbeat": false}, {"time": 240, "is_downbeat": true}, {"time": 264, "is_downbeat": false}, {"time": 288, "is_downbeat": false}, {"time": 312, "is_downbeat": false}, {"time": 336, "is_downbeat": true}, {"time": 360, "is_downbeat": false}, {"time": 384, "is_downbeat": false}, {"time": 408, "is_downbeat": false}, {"time": 432, "is_downbeat": true}, {"time": 456, "is_downbeat": false}, {"time": 480, "is_downbeat": false}, {"time": 504, "is_downbeat": false}, {"time": 528, "is_downbeat": true}, {"time": 552, "is_downbeat": false}, {"time": 576, "is_downbeat": false}, {"time": 600, "is_downbeat": false}, {"time": 624, "is_downbeat": true}, {"time": 648, "is_downbeat": false}, {"time": 672, "is_downbeat": false}, {"time": 696, "is_downbeat": false}, {"time": 720, "is_downbeat": true}, {"time": 744, "is_downbeat": false}, {"time": 768, "is_downbeat": false}, {"time": 792, "is_downbeat": false}, {"time": 816, "is_downbeat": true}, {"time": 840, "is_downbeat": false}, {"time": 864, "is_downbeat": false}, {"time": 888, "is_downbeat": false}, {"time": 912, "is_downbeat": true}, {"time": 936, "is_downbeat": false}, {"time": 960, "is_downbeat": false}, {"time": 984, "is_downbeat": false}, {"time": 1008, "is_downbeat": true}, {"time": 1032, "is_downbeat": false}, {"time": 1056, "is_downbeat": false}, {"time": 1080, "is_downbeat": false}, {"time": 1104, "is_downbeat": true}, {"time": 1128, "is_downbeat": false}, {"time": 1152, "is_downbeat": false}, {"time": 1176, "is_downbeat": false}, {"time": 1200, "is_downbeat": true}, {"time": 1224, "is_downbeat": false}, {"time": 1248, "is_downbeat": false}, {"time": 1272, "is_downbeat": false}, {"time": 1296, "is_downbeat": true}, {"time": 1320, "is_downbeat": false}, {"time": 1344, "is_downbeat": false}, {"time": 1368, "is_downbeat": false}, {"time": 1392, "is_downbeat": true}, {"time": 1416, "is_downbeat": false}, {"time": 1440, "is_downbeat": false}, {"time": 1464, "is_downbeat": false}, {"time": 1488, "is_downbeat": true}, {"time": 1512, "is_downbeat": false}, {"time": 1536, "is_downbeat": false}, {"time": 1560, "is_downbeat": false}, {"time": 1584, "is_downbeat": true}, {"time": 1608, "is_downbeat": false}, {"time": 1632, "is_downbeat": false}, {"time": 1656, "is_downbeat": false}, {"time": 1680, "is_downbeat": true}, {"time": 1704, "is_downbeat": false}, {"time": 1728, "is_downbeat": false}, {"time": 1752, "is_downbeat": false}, {"time": 1776, "is_downbeat": true}, {"time": 1800, "is_downbeat": false}, {"time": 1824, "is_downbeat": false}, {"time": 1848, "is_downbeat": false}, {"time": 1872, "is_downbeat": true}, {"time": 1896, "is_downbeat": false}, {"time": 1920, "is_downbeat": false}, {"time": 1944, "is_downbeat": false}, {"time": 1968, "is_downbeat": true}, {"time": 1992, "is_downbeat": false}, {"time": 2016, "is_downbeat": false}, {"time": 2040, "is_downbeat": false}, {"time": 2064, "is_downbeat": true}, {"time": 2088, "is_downbeat": false}, {"time": 2112, "is_downbeat": false}, {"time": 2136, "is_downbeat": false}, {"time": 2160, "is_downbeat": true}, {"time": 2184, "is_downbeat": false}, {"time": 2208, "is_downbeat": false}, {"time": 2232, "is_downbeat": false}, {"time": 2256, "is_downbeat": true}, {"time": 2280, "is_downbeat": false}, {"time": 2304, "is_downbeat": false}, {"time": 2328, "is_downbeat": false}, {"time": 2352, "is_downbeat": true}, {"time": 2376, "is_downbeat": false}, {"time": 2400, "is_downbeat": false}, {"time": 2424, "is_downbeat": false}, {"time": 2448, "is_downbeat": true}, {"time": 2472, "is_downbeat": false}, {"time": 2496, "is_downbeat": false}, {"time": 2520, "is_downbeat": false}, {"time": 2544, "is_downbeat": true}, {"time": 2568, "is_downbeat": false}, {"time": 2592, "is_downbeat": false}, {"time": 2616, "is_downbeat": false}, {"time": 2640, "is_downbeat": true}, {"time": 2664, "is_downbeat": false}, {"time": 2688, "is_downbeat": false}, {"time": 2712, "is_downbeat": false}, {"time": 2736, "is_downbeat": true}, {"time": 2760, "is_downbeat": false}, {"time": 2784, "is_downbeat": false}, {"time": 2808, "is_downbeat": false}, {"time": 2832, "is_downbeat": true}, {"time": 2856, "is_downbeat": false}, {"time": 2880, "is_downbeat": false}, {"time": 2904, "is_downbeat": false}, {"time": 2928, "is_downbeat": true}, {"time": 2952, "is_downbeat": false}, {"time": 2976, "is_downbeat": false}, {"time": 3000, "is_downbeat": false}, {"time": 3024, "is_downbeat": true}, {"time": 3048, "is_downbeat": false}, {"time": 3072, "is_downbeat": false}, {"time": 3096, "is_downbeat": false}]}