{"metadata": {"title": "missing-title"}, "tracks": [{"notes": [{"pitch": 78, "duration": 24}, {"pitch": 76, "duration": 16}, {"pitch": 76, "duration": 8}, {"pitch": 71, "duration": 24}, {"pitch": 69, "duration": 16}, {"pitch": 69, "duration": 8}, {"pitch": 78, "duration": 24}, {"pitch": 76, "duration": 16}, {"pitch": 76, "duration": 8}, {"pitch": 71, "duration": 24}, {"pitch": 69, "duration": 16}, {"pitch": 69, "duration": 8}, {"pitch": 78, "duration": 24}, {"pitch": 76, "duration": 16}, {"pitch": 76, "duration": 8}, {"pitch": 71, "duration": 24}, {"pitch": 69, "duration": 16}, {"pitch": 69, "duration": 8}, {"pitch": 71, "duration": 24}, {"pitch": 69, "duration": 16}, {"pitch": 69, "duration": 8}, {"pitch": 71, "duration": 24}, {"pitch": 69, "duration": 16}, {"pitch": 69, "duration": 8}], "voicings": [{"pitches": [54, 59, 61, 64], "duration": 32, "time": 28}, {"pitches": [-1], "duration": 16, "time": 60}, {"pitches": [54, 59, 61, 64], "duration": 8, "time": 76}, {"pitches": [-1], "duration": 40, "time": 84}, {"pitches": [54, 59, 61, 64], "duration": 8, "time": 124}, {"pitches": [-1], "duration": 24, "time": 132}, {"pitches": [54, 59, 61, 64], "duration": 24, "time": 156}, {"pitches": [-1], "duration": 40, "time": 180}, {"pitches": [49, 52, 56, 59], "duration": 32, "time": 220}, {"pitches": [49, 52, 56, 59], "duration": 16, "time": 252}, {"pitches": [-1], "duration": 72, "time": 268}, {"pitches": [54, 56, 61, 62], "duration": 8, "time": 340}], "basses": [{"pitch": 45, "duration": 24}, {"pitch": 45, "duration": 24}, {"pitch": 52, "duration": 24}, {"pitch": 46, "duration": 24}, {"pitch": 45, "duration": 24}, {"pitch": 40, "duration": 24}, {"pitch": 33, "duration": 24}, {"pitch": 28, "duration": 24}, {"pitch": 33, "duration": 24}, {"pitch": 40, "duration": 24}, {"pitch": 45, "duration": 24}, {"pitch": 52, "duration": 24}, {"pitch": 40, "duration": 24}, {"pitch": 34, "duration": 24}, {"pitch": 33, "duration": 24}, {"pitch": 33, "duration": 24}, {"pitch": 45, "duration": 24}]}], "time_signatures": [{"numerator": 4, "denominator": 4, "time": 0}], "chord_symbols": [[45, "major-sixth-ninth", null], [45, "major", null], [52, "major", null], [45, "major", null]], "tempos": [{"qpm": 120, "time": 0}], "beats": [{"time": 0, "is_downbeat": true}, {"time": 12, "is_downbeat": true}, {"time": 36, "is_downbeat": false}, {"time": 60, "is_downbeat": false}, {"time": 84, "is_downbeat": false}, {"time": 108, "is_downbeat": true}, {"time": 132, "is_downbeat": false}, {"time": 156, "is_downbeat": false}, {"time": 180, "is_downbeat": false}, {"time": 204, "is_downbeat": true}, {"time": 228, "is_downbeat": false}, {"time": 252, "is_downbeat": false}, {"time": 276, "is_downbeat": false}, {"time": 300, "is_downbeat": true}, {"time": 324, "is_downbeat": false}, {"time": 348, "is_downbeat": false}, {"time": 372, "is_downbeat": false}]}