{"metadata": {"title": "california-here-i-come"}, "tracks": [{"notes": [{"pitch": 67, "duration": 24}, {"pitch": 69, "duration": 24}, {"pitch": 71, "duration": 24}, {"pitch": 72, "duration": 48}, {"pitch": 72, "duration": 48}, {"pitch": 72, "duration": 48}, {"pitch": 72, "duration": 48}, {"pitch": 74, "duration": 24}, {"pitch": 72, "duration": 72}, {"pitch": 69, "duration": 96}, {"pitch": 67, "duration": 48}, {"pitch": 67, "duration": 48}, {"pitch": 67, "duration": 48}, {"pitch": 67, "duration": 48}, {"pitch": 69, "duration": 24}, {"pitch": 67, "duration": 72}, {"pitch": 64, "duration": 96}, {"pitch": -1, "duration": 24}, {"pitch": 67, "duration": 24}, {"pitch": 69, "duration": 24}, {"pitch": 67, "duration": 24}, {"pitch": -1, "duration": 24}, {"pitch": 69, "duration": 24}, {"pitch": 71, "duration": 24}, {"pitch": 69, "duration": 24}, {"pitch": 71, "duration": 24}, {"pitch": 72, "duration": 24}, {"pitch": 74, "duration": 24}, {"pitch": 67, "duration": 120}, {"pitch": -1, "duration": 24}, {"pitch": 67, "duration": 24}, {"pitch": 69, "duration": 24}, {"pitch": 67, "duration": 24}, {"pitch": -1, "duration": 24}, {"pitch": 69, "duration": 24}, {"pitch": 71, "duration": 24}, {"pitch": 69, "duration": 24}, {"pitch": 71, "duration": 24}, {"pitch": 72, "duration": 24}, {"pitch": 74, "duration": 24}, {"pitch": 67, "duration": 48}, {"pitch": 67, "duration": 24}, {"pitch": 69, "duration": 24}, {"pitch": 71, "duration": 24}, {"pitch": 72, "duration": 48}, {"pitch": 72, "duration": 48}, {"pitch": 72, "duration": 48}, {"pitch": 72, "duration": 48}, {"pitch": 74, "duration": 24}, {"pitch": 72, "duration": 72}, {"pitch": 69, "duration": 96}, {"pitch": 67, "duration": 48}, {"pitch": 67, "duration": 48}, {"pitch": 67, "duration": 48}, {"pitch": 67, "duration": 48}, {"pitch": 69, "duration": 24}, {"pitch": 67, "duration": 72}, {"pitch": 64, "duration": 72}, {"pitch": 64, "duration": 24}, {"pitch": 65, "duration": 48}, {"pitch": 67, "duration": 48}, {"pitch": 69, "duration": 48}, {"pitch": 72, "duration": 48}, {"pitch": 76, "duration": 48}, {"pitch": 74, "duration": 24}, {"pitch": 72, "duration": 72}, {"pitch": 69, "duration": 24}, {"pitch": 71, "duration": 24}, {"pitch": 72, "duration": 48}, {"pitch": 69, "duration": 48}, {"pitch": 72, "duration": 24}, {"pitch": 74, "duration": 72}, {"pitch": 72, "duration": 168}], "voicings": [{"pitches": [55, 59, 62, 65, 66, 66, 69, 75, 76], "duration": 8, "time": 88}, {"pitches": [-1], "duration": 16, "time": 96}, {"pitches": [55, 59, 62, 65, 66, 66, 69, 75, 76], "duration": 8, "time": 112}, {"pitches": [-1], "duration": 16, "time": 120}, {"pitches": [55, 59, 62, 65, 66, 66, 69, 75, 76], "duration": 8, "time": 136}, {"pitches": [-1], "duration": 16, "time": 144}, {"pitches": [55, 59, 62, 65, 66, 66, 69, 75, 76], "duration": 8, "time": 160}, {"pitches": [-1], "duration": 16, "time": 168}, {"pitches": [55, 59, 62, 65, 66, 66, 69, 75, 76], "duration": 8, "time": 184}, {"pitches": [-1], "duration": 16, "time": 192}, {"pitches": [55, 59, 62, 65, 66, 66, 69, 75, 76], "duration": 8, "time": 208}, {"pitches": [-1], "duration": 16, "time": 216}, {"pitches": [55, 59, 62, 65, 66, 66, 69, 75, 76], "duration": 8, "time": 232}, {"pitches": [-1], "duration": 16, "time": 240}, {"pitches": [55, 59, 62, 65, 66, 66, 69, 75, 76], "duration": 8, "time": 256}, {"pitches": [-1], "duration": 16, "time": 264}, {"pitches": [52, 55, 57, 60], "duration": 8, "time": 280}, {"pitches": [-1], "duration": 16, "time": 288}, {"pitches": [52, 55, 57, 60], "duration": 8, "time": 304}, {"pitches": [-1], "duration": 16, "time": 312}, {"pitches": [52, 55, 57, 60], "duration": 8, "time": 328}, {"pitches": [-1], "duration": 16, "time": 336}, {"pitches": [52, 55, 60], "duration": 32, "time": 352}, {"pitches": [-1], "duration": 16, "time": 384}, {"pitches": [52, 55, 60], "duration": 8, "time": 400}, {"pitches": [-1], "duration": 64, "time": 408}, {"pitches": [52, 57, 59], "duration": 8, "time": 472}, {"pitches": [-1], "duration": 24, "time": 480}, {"pitches": [52, 57, 59], "duration": 24, "time": 504}, {"pitches": [-1], "duration": 40, "time": 528}, {"pitches": [52, 57, 59], "duration": 8, "time": 568}, {"pitches": [-1], "duration": 24, "time": 576}, {"pitches": [52, 57, 59], "duration": 24, "time": 600}, {"pitches": [-1], "duration": 40, "time": 624}, {"pitches": [52, 57, 62], "duration": 8, "time": 664}, {"pitches": [-1], "duration": 24, "time": 672}, {"pitches": [52, 57, 62], "duration": 24, "time": 696}, {"pitches": [-1], "duration": 40, "time": 720}, {"pitches": [52, 55, 57, 62], "duration": 32, "time": 760}, {"pitches": [52, 55, 57, 62], "duration": 16, "time": 792}, {"pitches": [-1], "duration": 48, "time": 808}, {"pitches": [52, 55, 57, 62], "duration": 32, "time": 856}, {"pitches": [52, 55, 57, 62], "duration": 16, "time": 888}, {"pitches": [-1], "duration": 48, "time": 904}, {"pitches": [52, 54, 59], "duration": 32, "time": 952}, {"pitches": [-1], "duration": 16, "time": 984}, {"pitches": [52, 54, 59], "duration": 8, "time": 1000}, {"pitches": [-1], "duration": 40, "time": 1008}, {"pitches": [52, 53, 57, 59], "duration": 32, "time": 1048}, {"pitches": [-1], "duration": 16, "time": 1080}, {"pitches": [52, 53, 57, 59], "duration": 8, "time": 1096}, {"pitches": [-1], "duration": 40, "time": 1104}, {"pitches": [47, 52, 53, 57], "duration": 32, "time": 1144}, {"pitches": [47, 52, 53, 57], "duration": 16, "time": 1176}, {"pitches": [-1], "duration": 48, "time": 1192}, {"pitches": [52, 55, 57, 62], "duration": 32, "time": 1240}, {"pitches": [52, 55, 57, 62], "duration": 16, "time": 1272}, {"pitches": [-1], "duration": 48, "time": 1288}, {"pitches": [52, 54, 59, 60], "duration": 32, "time": 1336}, {"pitches": [52, 54, 59, 60], "duration": 16, "time": 1368}, {"pitches": [-1], "duration": 48, "time": 1384}, {"pitches": [52, 57, 59], "duration": 8, "time": 1432}, {"pitches": [-1], "duration": 24, "time": 1440}, {"pitches": [52, 57, 59], "duration": 24, "time": 1464}, {"pitches": [-1], "duration": 40, "time": 1488}, {"pitches": [47, 52, 53, 57], "duration": 8, "time": 1528}, {"pitches": [-1], "duration": 16, "time": 1536}, {"pitches": [47, 52, 53, 57], "duration": 8, "time": 1552}, {"pitches": [-1], "duration": 16, "time": 1560}, {"pitches": [47, 52, 53, 57], "duration": 8, "time": 1576}, {"pitches": [-1], "duration": 16, "time": 1584}, {"pitches": [47, 52, 53, 57], "duration": 8, "time": 1600}, {"pitches": [-1], "duration": 16, "time": 1608}, {"pitches": [52, 55, 57, 62], "duration": 8, "time": 1624}, {"pitches": [-1], "duration": 16, "time": 1632}, {"pitches": [52, 55, 57, 62], "duration": 8, "time": 1648}, {"pitches": [-1], "duration": 16, "time": 1656}, {"pitches": [52, 55, 57, 62], "duration": 8, "time": 1672}, {"pitches": [-1], "duration": 16, "time": 1680}, {"pitches": [52, 55, 57, 62], "duration": 8, "time": 1696}, {"pitches": [-1], "duration": 16, "time": 1704}, {"pitches": [52, 55, 57, 62], "duration": 32, "time": 1720}, {"pitches": [-1], "duration": 16, "time": 1752}, {"pitches": [52, 55, 57, 62], "duration": 8, "time": 1768}, {"pitches": [-1], "duration": 40, "time": 1776}, {"pitches": [52, 55, 57, 60], "duration": 32, "time": 1816}, {"pitches": [-1], "duration": 16, "time": 1848}, {"pitches": [52, 55, 57, 60], "duration": 8, "time": 1864}, {"pitches": [-1], "duration": 40, "time": 1872}, {"pitches": [52, 55, 57, 60], "duration": 8, "time": 1912}, {"pitches": [-1], "duration": 24, "time": 1920}, {"pitches": [52, 55, 57, 60], "duration": 24, "time": 1944}, {"pitches": [-1], "duration": 40, "time": 1968}, {"pitches": [52, 53, 57, 59], "duration": 8, "time": 2008}, {"pitches": [-1], "duration": 16, "time": 2016}, {"pitches": [52, 53, 57, 59], "duration": 8, "time": 2032}, {"pitches": [-1], "duration": 16, "time": 2040}, {"pitches": [52, 53, 57, 59], "duration": 8, "time": 2056}, {"pitches": [-1], "duration": 16, "time": 2064}, {"pitches": [52, 53, 57, 59], "duration": 8, "time": 2080}, {"pitches": [-1], "duration": 16, "time": 2088}, {"pitches": [52, 53, 57, 59], "duration": 8, "time": 2104}, {"pitches": [-1], "duration": 16, "time": 2112}, {"pitches": [52, 53, 57, 59], "duration": 8, "time": 2128}, {"pitches": [-1], "duration": 16, "time": 2136}, {"pitches": [52, 53, 57, 59], "duration": 8, "time": 2152}, {"pitches": [-1], "duration": 16, "time": 2160}, {"pitches": [52, 53, 57, 59], "duration": 8, "time": 2176}, {"pitches": [-1], "duration": 16, "time": 2184}, {"pitches": [52, 55, 57, 62], "duration": 8, "time": 2200}, {"pitches": [-1], "duration": 16, "time": 2208}, {"pitches": [52, 55, 57, 62], "duration": 8, "time": 2224}, {"pitches": [-1], "duration": 16, "time": 2232}, {"pitches": [52, 55, 57, 62], "duration": 8, "time": 2248}, {"pitches": [-1], "duration": 16, "time": 2256}, {"pitches": [52, 55, 57, 62], "duration": 8, "time": 2272}, {"pitches": [-1], "duration": 16, "time": 2280}, {"pitches": [52, 55, 57], "duration": 8, "time": 2296}, {"pitches": [-1], "duration": 16, "time": 2304}, {"pitches": [52, 55, 57], "duration": 8, "time": 2320}, {"pitches": [-1], "duration": 16, "time": 2328}, {"pitches": [52, 55, 57], "duration": 8, "time": 2344}, {"pitches": [-1], "duration": 16, "time": 2352}, {"pitches": [52, 55, 57], "duration": 8, "time": 2368}, {"pitches": [-1], "duration": 16, "time": 2376}, {"pitches": [52, 55, 57, 60], "duration": 8, "time": 2392}, {"pitches": [-1], "duration": 16, "time": 2400}, {"pitches": [52, 55, 57, 60], "duration": 8, "time": 2416}, {"pitches": [-1], "duration": 16, "time": 2424}, {"pitches": [52, 55, 57, 60], "duration": 8, "time": 2440}, {"pitches": [-1], "duration": 16, "time": 2448}, {"pitches": [55, 57, 60], "duration": 32, "time": 2464}, {"pitches": [-1], "duration": 16, "time": 2496}, {"pitches": [55, 57, 60], "duration": 8, "time": 2512}, {"pitches": [-1], "duration": 16, "time": 2520}, {"pitches": [55, 57, 60], "duration": 8, "time": 2536}, {"pitches": [-1], "duration": 40, "time": 2544}, {"pitches": [55, 56, 62], "duration": 32, "time": 2584}, {"pitches": [-1], "duration": 16, "time": 2616}, {"pitches": [55, 56, 62], "duration": 8, "time": 2632}, {"pitches": [-1], "duration": 40, "time": 2640}, {"pitches": [54, 59, 60], "duration": 32, "time": 2680}, {"pitches": [-1], "duration": 16, "time": 2712}, {"pitches": [54, 59, 60], "duration": 8, "time": 2728}, {"pitches": [-1], "duration": 40, "time": 2736}, {"pitches": [53, 54, 58, 60], "duration": 8, "time": 2776}, {"pitches": [-1], "duration": 24, "time": 2784}, {"pitches": [53, 54, 58, 60], "duration": 24, "time": 2808}, {"pitches": [-1], "duration": 40, "time": 2832}, {"pitches": [47, 52, 53, 57], "duration": 8, "time": 2872}, {"pitches": [-1], "duration": 16, "time": 2880}, {"pitches": [47, 52, 53, 57], "duration": 8, "time": 2896}, {"pitches": [-1], "duration": 16, "time": 2904}, {"pitches": [47, 52, 53, 57], "duration": 8, "time": 2920}, {"pitches": [-1], "duration": 16, "time": 2928}, {"pitches": [47, 52, 53, 57], "duration": 8, "time": 2944}, {"pitches": [-1], "duration": 16, "time": 2952}, {"pitches": [50, 55, 57], "duration": 8, "time": 2968}, {"pitches": [-1], "duration": 16, "time": 2976}, {"pitches": [50, 55, 57], "duration": 8, "time": 2992}, {"pitches": [-1], "duration": 16, "time": 3000}, {"pitches": [50, 55, 57], "duration": 8, "time": 3016}, {"pitches": [-1], "duration": 16, "time": 3024}, {"pitches": [50, 55, 57], "duration": 8, "time": 3040}, {"pitches": [-1], "duration": 16, "time": 3048}, {"pitches": [52, 55, 57, 62], "duration": 8, "time": 3064}, {"pitches": [-1], "duration": 24, "time": 3072}, {"pitches": [52, 55, 57, 62], "duration": 24, "time": 3096}], "basses": [{"pitch": 48, "duration": 24}, {"pitch": 48, "duration": 24}, {"pitch": 43, "duration": 24}, {"pitch": 37, "duration": 24}, {"pitch": 36, "duration": 24}, {"pitch": 31, "duration": 24}, {"pitch": 24, "duration": 24}, {"pitch": 31, "duration": 24}, {"pitch": 41, "duration": 24}, {"pitch": 41, "duration": 24}, {"pitch": 41, "duration": 24}, {"pitch": 42, "duration": 24}, {"pitch": 41, "duration": 24}, {"pitch": 36, "duration": 24}, {"pitch": 29, "duration": 24}, {"pitch": 32, "duration": 24}, {"pitch": 43, "duration": 24}, {"pitch": 43, "duration": 24}, {"pitch": 43, "duration": 24}, {"pitch": 50, "duration": 24}, {"pitch": 43, "duration": 24}, {"pitch": 38, "duration": 24}, {"pitch": 31, "duration": 24}, {"pitch": 26, "duration": 24}, {"pitch": 24, "duration": 24}, {"pitch": 31, "duration": 24}, {"pitch": 36, "duration": 24}, {"pitch": 47, "duration": 24}, {"pitch": 48, "duration": 24}, {"pitch": 43, "duration": 24}, {"pitch": 36, "duration": 24}, {"pitch": 25, "duration": 24}, {"pitch": 24, "duration": 24}, {"pitch": 31, "duration": 24}, {"pitch": 36, "duration": 24}, {"pitch": 39, "duration": 24}, {"pitch": 50, "duration": 24}, {"pitch": 45, "duration": 24}, {"pitch": 38, "duration": 24}, {"pitch": 32, "duration": 24}, {"pitch": 31, "duration": 24}, {"pitch": 31, "duration": 24}, {"pitch": 31, "duration": 24}, {"pitch": 32, "duration": 24}, {"pitch": 43, "duration": 24}, {"pitch": 50, "duration": 24}, {"pitch": 43, "duration": 24}, {"pitch": 37, "duration": 24}, {"pitch": 36, "duration": 24}, {"pitch": 24, "duration": 24}, {"pitch": 31, "duration": 24}, {"pitch": 43, "duration": 24}, {"pitch": 50, "duration": 24}, {"pitch": 45, "duration": 24}, {"pitch": 38, "duration": 24}, {"pitch": 32, "duration": 24}, {"pitch": 31, "duration": 24}, {"pitch": 26, "duration": 24}, {"pitch": 31, "duration": 24}, {"pitch": 32, "duration": 24}, {"pitch": 43, "duration": 24}, {"pitch": 50, "duration": 24}, {"pitch": 43, "duration": 24}, {"pitch": 35, "duration": 24}, {"pitch": 24, "duration": 24}, {"pitch": 31, "duration": 24}, {"pitch": 36, "duration": 24}, {"pitch": 37, "duration": 24}, {"pitch": 48, "duration": 24}, {"pitch": 43, "duration": 24}, {"pitch": 36, "duration": 24}, {"pitch": 31, "duration": 24}, {"pitch": 29, "duration": 24}, {"pitch": 29, "duration": 24}, {"pitch": 29, "duration": 24}, {"pitch": 30, "duration": 24}, {"pitch": 41, "duration": 24}, {"pitch": 48, "duration": 24}, {"pitch": 41, "duration": 24}, {"pitch": 32, "duration": 24}, {"pitch": 31, "duration": 24}, {"pitch": 26, "duration": 24}, {"pitch": 31, "duration": 24}, {"pitch": 38, "duration": 24}, {"pitch": 43, "duration": 24}, {"pitch": 50, "duration": 24}, {"pitch": 43, "duration": 24}, {"pitch": 31, "duration": 24}, {"pitch": 24, "duration": 24}, {"pitch": 36, "duration": 24}, {"pitch": 43, "duration": 24}, {"pitch": 49, "duration": 24}, {"pitch": 48, "duration": 24}, {"pitch": 36, "duration": 24}, {"pitch": 31, "duration": 24}, {"pitch": 28, "duration": 24}, {"pitch": 29, "duration": 24}, {"pitch": 36, "duration": 24}, {"pitch": 41, "duration": 24}, {"pitch": 48, "duration": 24}, {"pitch": 41, "duration": 24}, {"pitch": 36, "duration": 24}, {"pitch": 29, "duration": 24}, {"pitch": 24, "duration": 24}, {"pitch": 28, "duration": 24}, {"pitch": 40, "duration": 24}, {"pitch": 47, "duration": 24}, {"pitch": 44, "duration": 24}, {"pitch": 33, "duration": 24}, {"pitch": 28, "duration": 24}, {"pitch": 33, "duration": 24}, {"pitch": 39, "duration": 24}, {"pitch": 50, "duration": 24}, {"pitch": 45, "duration": 24}, {"pitch": 38, "duration": 24}, {"pitch": 33, "duration": 24}, {"pitch": 31, "duration": 24}, {"pitch": 26, "duration": 24}, {"pitch": 31, "duration": 24}, {"pitch": 37, "duration": 24}, {"pitch": 48, "duration": 24}, {"pitch": 48, "duration": 24}, {"pitch": 48, "duration": 24}, {"pitch": 49, "duration": 24}, {"pitch": 48, "duration": 24}, {"pitch": 36, "duration": 24}, {"pitch": 24, "duration": 24}, {"pitch": 36, "duration": 24}]}], "time_signatures": [{"numerator": 4, "denominator": 4, "time": 0}], "chord_symbols": [[48, "major-13th", null], [53, "major", null], [53, "major", null], [55, "major", null], [48, "major", null], [48, "major", null], [48, "major", null], [50, "dominant-seventh", null], [43, "dominant-seventh", null], [43, "dominant-seventh", null], [48, "major", null], [50, "dominant-seventh", null], [43, "dominant-seventh", null], [43, "dominant-seventh", null], [48, "major", null], [53, "major", null], [53, "major", null], [55, "major", null], [48, "major", null], [48, "major", null], [53, "major", null], [53, "major", null], [52, "dominant-seventh", null], [45, "minor", null], [50, "dominant-seventh", null], [43, "dominant-seventh", null], [48, "major", null], [48, "major", null]], "tempos": [{"qpm": 120, "time": 0}], "beats": [{"time": 0, "is_downbeat": true}, {"time": 24, "is_downbeat": false}, {"time": 48, "is_downbeat": false}, {"time": 72, "is_downbeat": true}, {"time": 96, "is_downbeat": false}, {"time": 120, "is_downbeat": false}, {"time": 144, "is_downbeat": false}, {"time": 168, "is_downbeat": true}, {"time": 192, "is_downbeat": false}, {"time": 216, "is_downbeat": false}, {"time": 240, "is_downbeat": false}, {"time": 264, "is_downbeat": true}, {"time": 288, "is_downbeat": false}, {"time": 312, "is_downbeat": false}, {"time": 336, "is_downbeat": false}, {"time": 360, "is_downbeat": true}, {"time": 384, "is_downbeat": false}, {"time": 408, "is_downbeat": false}, {"time": 432, "is_downbeat": false}, {"time": 456, "is_downbeat": true}, {"time": 480, "is_downbeat": false}, {"time": 504, "is_downbeat": false}, {"time": 528, "is_downbeat": false}, {"time": 552, "is_downbeat": true}, {"time": 576, "is_downbeat": false}, {"time": 600, "is_downbeat": false}, {"time": 624, "is_downbeat": false}, {"time": 648, "is_downbeat": true}, {"time": 672, "is_downbeat": false}, {"time": 696, "is_downbeat": false}, {"time": 720, "is_downbeat": false}, {"time": 744, "is_downbeat": true}, {"time": 768, "is_downbeat": false}, {"time": 792, "is_downbeat": false}, {"time": 816, "is_downbeat": false}, {"time": 840, "is_downbeat": true}, {"time": 864, "is_downbeat": false}, {"time": 888, "is_downbeat": false}, {"time": 912, "is_downbeat": false}, {"time": 936, "is_downbeat": true}, {"time": 960, "is_downbeat": false}, {"time": 984, "is_downbeat": false}, {"time": 1008, "is_downbeat": false}, {"time": 1032, "is_downbeat": true}, {"time": 1056, "is_downbeat": false}, {"time": 1080, "is_downbeat": false}, {"time": 1104, "is_downbeat": false}, {"time": 1128, "is_downbeat": true}, {"time": 1152, "is_downbeat": false}, {"time": 1176, "is_downbeat": false}, {"time": 1200, "is_downbeat": false}, {"time": 1224, "is_downbeat": true}, {"time": 1248, "is_downbeat": false}, {"time": 1272, "is_downbeat": false}, {"time": 1296, "is_downbeat": false}, {"time": 1320, "is_downbeat": true}, {"time": 1344, "is_downbeat": false}, {"time": 1368, "is_downbeat": false}, {"time": 1392, "is_downbeat": false}, {"time": 1416, "is_downbeat": true}, {"time": 1440, "is_downbeat": false}, {"time": 1464, "is_downbeat": false}, {"time": 1488, "is_downbeat": false}, {"time": 1512, "is_downbeat": true}, {"time": 1536, "is_downbeat": false}, {"time": 1560, "is_downbeat": false}, {"time": 1584, "is_downbeat": false}, {"time": 1608, "is_downbeat": true}, {"time": 1632, "is_downbeat": false}, {"time": 1656, "is_downbeat": false}, {"time": 1680, "is_downbeat": false}, {"time": 1704, "is_downbeat": true}, {"time": 1728, "is_downbeat": false}, {"time": 1752, "is_downbeat": false}, {"time": 1776, "is_downbeat": false}, {"time": 1800, "is_downbeat": true}, {"time": 1824, "is_downbeat": false}, {"time": 1848, "is_downbeat": false}, {"time": 1872, "is_downbeat": false}, {"time": 1896, "is_downbeat": true}, {"time": 1920, "is_downbeat": false}, {"time": 1944, "is_downbeat": false}, {"time": 1968, "is_downbeat": false}, {"time": 1992, "is_downbeat": true}, {"time": 2016, "is_downbeat": false}, {"time": 2040, "is_downbeat": false}, {"time": 2064, "is_downbeat": false}, {"time": 2088, "is_downbeat": true}, {"time": 2112, "is_downbeat": false}, {"time": 2136, "is_downbeat": false}, {"time": 2160, "is_downbeat": false}, {"time": 2184, "is_downbeat": true}, {"time": 2208, "is_downbeat": false}, {"time": 2232, "is_downbeat": false}, {"time": 2256, "is_downbeat": false}, {"time": 2280, "is_downbeat": true}, {"time": 2304, "is_downbeat": false}, {"time": 2328, "is_downbeat": false}, {"time": 2352, "is_downbeat": false}, {"time": 2376, "is_downbeat": true}, {"time": 2400, "is_downbeat": false}, {"time": 2424, "is_downbeat": false}, {"time": 2448, "is_downbeat": false}, {"time": 2472, "is_downbeat": true}, {"time": 2496, "is_downbeat": false}, {"time": 2520, "is_downbeat": false}, {"time": 2544, "is_downbeat": false}, {"time": 2568, "is_downbeat": true}, {"time": 2592, "is_downbeat": false}, {"time": 2616, "is_downbeat": false}, {"time": 2640, "is_downbeat": false}, {"time": 2664, "is_downbeat": true}, {"time": 2688, "is_downbeat": false}, {"time": 2712, "is_downbeat": false}, {"time": 2736, "is_downbeat": false}, {"time": 2760, "is_downbeat": true}, {"time": 2784, "is_downbeat": false}, {"time": 2808, "is_downbeat": false}, {"time": 2832, "is_downbeat": false}, {"time": 2856, "is_downbeat": true}, {"time": 2880, "is_downbeat": false}, {"time": 2904, "is_downbeat": false}, {"time": 2928, "is_downbeat": false}, {"time": 2952, "is_downbeat": true}, {"time": 2976, "is_downbeat": false}, {"time": 3000, "is_downbeat": false}, {"time": 3024, "is_downbeat": false}, {"time": 3048, "is_downbeat": true}, {"time": 3072, "is_downbeat": false}, {"time": 3096, "is_downbeat": false}, {"time": 3120, "is_downbeat": false}]}