{"metadata": {"title": "clear-the-way"}, "tracks": [{"notes": [{"pitch": 69, "duration": 24}, {"pitch": 68, "duration": 12}, {"pitch": 69, "duration": 24}, {"pitch": 69, "duration": 24}, {"pitch": 71, "duration": 16}, {"pitch": 73, "duration": 8}, {"pitch": 71, "duration": 16}, {"pitch": 69, "duration": 8}, {"pitch": 68, "duration": 24}, {"pitch": 64, "duration": 24}, {"pitch": -1, "duration": 16}, {"pitch": 69, "duration": 24}, {"pitch": 68, "duration": 8}, {"pitch": 69, "duration": 24}, {"pitch": 69, "duration": 24}, {"pitch": -1, "duration": 112}, {"pitch": 69, "duration": 24}, {"pitch": 68, "duration": 8}, {"pitch": 69, "duration": 24}, {"pitch": 69, "duration": 24}, {"pitch": 71, "duration": 16}, {"pitch": 73, "duration": 8}, {"pitch": 71, "duration": 16}, {"pitch": 69, "duration": 8}, {"pitch": 68, "duration": 24}, {"pitch": 64, "duration": 24}, {"pitch": 76, "duration": 16}, {"pitch": 78, "duration": 8}, {"pitch": 76, "duration": 16}, {"pitch": 74, "duration": 8}, {"pitch": 73, "duration": 16}, {"pitch": 71, "duration": 8}, {"pitch": 69, "duration": 16}, {"pitch": 68, "duration": 8}, {"pitch": 66, "duration": 16}, {"pitch": 64, "duration": 8}, {"pitch": 66, "duration": 16}, {"pitch": 68, "duration": 8}, {"pitch": 69, "duration": 48}, {"pitch": -1, "duration": 40}, {"pitch": 72, "duration": 8}, {"pitch": -1, "duration": 88}, {"pitch": 71, "duration": 8}, {"pitch": -1, "duration": 88}, {"pitch": 72, "duration": 8}, {"pitch": -1, "duration": 184}, {"pitch": 72, "duration": 8}, {"pitch": -1, "duration": 88}, {"pitch": 71, "duration": 8}, {"pitch": -1, "duration": 48}, {"pitch": 76, "duration": 16}, {"pitch": 78, "duration": 8}, {"pitch": 76, "duration": 16}, {"pitch": 74, "duration": 8}, {"pitch": 73, "duration": 16}, {"pitch": 71, "duration": 8}, {"pitch": 69, "duration": 16}, {"pitch": 68, "duration": 8}, {"pitch": 66, "duration": 16}, {"pitch": 64, "duration": 8}, {"pitch": 66, "duration": 16}, {"pitch": 68, "duration": 8}, {"pitch": 69, "duration": 48}, {"pitch": 76, "duration": 16}, {"pitch": 78, "duration": 8}, {"pitch": 76, "duration": 16}, {"pitch": 74, "duration": 8}, {"pitch": 73, "duration": 16}, {"pitch": 71, "duration": 8}, {"pitch": 69, "duration": 16}, {"pitch": 68, "duration": 8}, {"pitch": 66, "duration": 16}, {"pitch": 68, "duration": 32}, {"pitch": 69, "duration": 24}], "voicings": [{"pitches": [52, 54, 59, 61], "duration": 8, "time": 28}, {"pitches": [-1], "duration": 24, "time": 36}, {"pitches": [52, 54, 59, 61], "duration": 24, "time": 60}, {"pitches": [-1], "duration": 40, "time": 84}, {"pitches": [50, 54, 57, 61], "duration": 32, "time": 124}, {"pitches": [-1], "duration": 16, "time": 156}, {"pitches": [54, 61, 62], "duration": 8, "time": 172}, {"pitches": [-1], "duration": 40, "time": 180}, {"pitches": [49, 52, 59], "duration": 8, "time": 220}, {"pitches": [-1], "duration": 24, "time": 228}, {"pitches": [49, 52, 59], "duration": 24, "time": 252}, {"pitches": [-1], "duration": 40, "time": 276}, {"pitches": [88], "duration": 8, "time": 316}, {"pitches": [-1], "duration": 24, "time": 324}, {"pitches": [88], "duration": 24, "time": 348}, {"pitches": [-1], "duration": 40, "time": 372}, {"pitches": [54, 59, 61, 64], "duration": 32, "time": 412}, {"pitches": [54, 59, 61, 64], "duration": 16, "time": 444}, {"pitches": [-1], "duration": 48, "time": 460}, {"pitches": [50, 54, 57], "duration": 8, "time": 508}, {"pitches": [-1], "duration": 24, "time": 516}, {"pitches": [54, 56, 61, 62], "duration": 24, "time": 540}, {"pitches": [-1], "duration": 40, "time": 564}, {"pitches": [49, 54, 59], "duration": 32, "time": 604}, {"pitches": [-1], "duration": 16, "time": 636}, {"pitches": [50, 57, 61], "duration": 8, "time": 652}, {"pitches": [-1], "duration": 40, "time": 660}, {"pitches": [54, 61, 62], "duration": 32, "time": 700}, {"pitches": [-1], "duration": 16, "time": 732}, {"pitches": [52, 59], "duration": 8, "time": 748}, {"pitches": [-1], "duration": 40, "time": 756}, {"pitches": [93], "duration": 32, "time": 796}, {"pitches": [-1], "duration": 16, "time": 828}, {"pitches": [], "duration": 8, "time": 844}, {"pitches": [-1], "duration": 40, "time": 852}, {"pitches": [93], "duration": 8, "time": 892}, {"pitches": [-1], "duration": 16, "time": 900}, {"pitches": [93], "duration": 8, "time": 916}, {"pitches": [-1], "duration": 16, "time": 924}, {"pitches": [93], "duration": 8, "time": 940}, {"pitches": [-1], "duration": 16, "time": 948}, {"pitches": [93], "duration": 8, "time": 964}, {"pitches": [-1], "duration": 16, "time": 972}, {"pitches": [93], "duration": 8, "time": 988}, {"pitches": [-1], "duration": 16, "time": 996}, {"pitches": [93], "duration": 8, "time": 1012}, {"pitches": [-1], "duration": 16, "time": 1020}, {"pitches": [93], "duration": 8, "time": 1036}, {"pitches": [-1], "duration": 16, "time": 1044}, {"pitches": [93], "duration": 8, "time": 1060}, {"pitches": [-1], "duration": 40, "time": 1068}, {"pitches": [88], "duration": 8, "time": 1108}, {"pitches": [-1], "duration": 40, "time": 1116}, {"pitches": [88], "duration": 8, "time": 1156}, {"pitches": [-1], "duration": 40, "time": 1164}, {"pitches": [93], "duration": 8, "time": 1204}, {"pitches": [-1], "duration": 40, "time": 1212}, {"pitches": [93], "duration": 8, "time": 1252}, {"pitches": [-1], "duration": 16, "time": 1260}, {"pitches": [93], "duration": 32, "time": 1276}, {"pitches": [-1], "duration": 16, "time": 1308}, {"pitches": [93], "duration": 8, "time": 1324}, {"pitches": [-1], "duration": 40, "time": 1332}, {"pitches": [54, 59, 61, 64], "duration": 8, "time": 1372}, {"pitches": [-1], "duration": 16, "time": 1380}, {"pitches": [54, 59, 61, 64], "duration": 8, "time": 1396}, {"pitches": [-1], "duration": 16, "time": 1404}, {"pitches": [54, 57, 61], "duration": 8, "time": 1420}, {"pitches": [-1], "duration": 16, "time": 1428}, {"pitches": [54, 57, 61], "duration": 8, "time": 1444}, {"pitches": [-1], "duration": 16, "time": 1452}, {"pitches": [54, 56, 61, 62], "duration": 8, "time": 1468}, {"pitches": [-1], "duration": 16, "time": 1476}, {"pitches": [54, 56, 61, 62], "duration": 8, "time": 1492}, {"pitches": [-1], "duration": 16, "time": 1500}, {"pitches": [49, 52, 54, 59], "duration": 8, "time": 1516}, {"pitches": [-1], "duration": 16, "time": 1524}, {"pitches": [49, 52, 54, 59], "duration": 8, "time": 1540}, {"pitches": [-1], "duration": 16, "time": 1548}, {"pitches": [52, 54, 59, 61], "duration": 8, "time": 1564}, {"pitches": [-1], "duration": 24, "time": 1572}, {"pitches": [50, 54, 57, 61], "duration": 24, "time": 1596}, {"pitches": [-1], "duration": 40, "time": 1620}, {"pitches": [54, 56, 61, 62], "duration": 8, "time": 1660}, {"pitches": [-1], "duration": 16, "time": 1668}, {"pitches": [54, 56, 61, 62], "duration": 8, "time": 1684}, {"pitches": [-1], "duration": 16, "time": 1692}, {"pitches": [49, 52, 54, 59], "duration": 8, "time": 1708}], "basses": [{"pitch": 45, "duration": 24}, {"pitch": 45, "duration": 24}, {"pitch": 52, "duration": 24}, {"pitch": 48, "duration": 24}, {"pitch": 47, "duration": 24}, {"pitch": 41, "duration": 24}, {"pitch": 40, "duration": 24}, {"pitch": 35, "duration": 24}, {"pitch": 33, "duration": 24}, {"pitch": 28, "duration": 24}, {"pitch": 33, "duration": 24}, {"pitch": 40, "duration": 24}, {"pitch": 49, "duration": 24}, {"pitch": 51, "duration": 24}, {"pitch": 47, "duration": 24}, {"pitch": 44, "duration": 24}, {"pitch": 33, "duration": 24}, {"pitch": 33, "duration": 24}, {"pitch": 33, "duration": 24}, {"pitch": 36, "duration": 24}, {"pitch": 47, "duration": 24}, {"pitch": 41, "duration": 24}, {"pitch": 40, "duration": 24}, {"pitch": 35, "duration": 24}, {"pitch": 33, "duration": 24}, {"pitch": 28, "duration": 24}, {"pitch": 35, "duration": 24}, {"pitch": 41, "duration": 24}, {"pitch": 52, "duration": 24}, {"pitch": 47, "duration": 24}, {"pitch": 45, "duration": 24}, {"pitch": 40, "duration": 24}, {"pitch": 37, "duration": 24}, {"pitch": 25, "duration": 24}, {"pitch": 25, "duration": 24}, {"pitch": 25, "duration": 24}, {"pitch": 36, "duration": 24}, {"pitch": 48, "duration": 24}, {"pitch": 49, "duration": 24}, {"pitch": 46, "duration": 24}, {"pitch": 37, "duration": 24}, {"pitch": 25, "duration": 24}, {"pitch": 25, "duration": 24}, {"pitch": 37, "duration": 24}, {"pitch": 49, "duration": 24}, {"pitch": 51, "duration": 24}, {"pitch": 47, "duration": 24}, {"pitch": 46, "duration": 24}, {"pitch": 37, "duration": 24}, {"pitch": 25, "duration": 24}, {"pitch": 25, "duration": 24}, {"pitch": 25, "duration": 24}, {"pitch": 36, "duration": 24}, {"pitch": 48, "duration": 24}, {"pitch": 49, "duration": 24}, {"pitch": 44, "duration": 24}, {"pitch": 33, "duration": 24}, {"pitch": 34, "duration": 24}, {"pitch": 35, "duration": 24}, {"pitch": 41, "duration": 24}, {"pitch": 52, "duration": 24}, {"pitch": 47, "duration": 24}, {"pitch": 45, "duration": 24}, {"pitch": 44, "duration": 24}, {"pitch": 33, "duration": 24}, {"pitch": 24, "duration": 24}, {"pitch": 35, "duration": 24}, {"pitch": 39, "duration": 24}, {"pitch": 40, "duration": 24}, {"pitch": 46, "duration": 24}, {"pitch": 45, "duration": 24}, {"pitch": 33, "duration": 24}]}], "time_signatures": [{"numerator": 4, "denominator": 4, "time": 0}], "chord_symbols": [[45, "major", null], [47, "minor", null], [52, "major", null], [45, "major", null], [47, "minor", null], [73, "minor-third-interval", null], [52, "major", null], [71, "fourth-interval", null], [45, "major", null], [47, "minor", null], [52, "major", null], [45, "major", null], [47, "minor", null], [52, "major", null], [45, "major", null], [45, "major", null], [73, "augmented-fifth-interval", null], [73, "augmented-fifth-interval", null], [73, "augmented-fifth-interval", null], [50, "major", null], [72, "sixth-interval", null], [72, "sixth-interval", null], [73, "augmented-fifth-interval", null], [45, "major", null], [73, "augmented-fifth-interval", null], [73, "augmented-fifth-interval", null], [73, "augmented-fifth-interval", null], [73, "augmented-fifth-interval", null], [47, "minor", null], [73, "minor-third-interval", null], [52, "major", null], [71, "fourth-interval", null], [45, "major", null], [73, "augmented-fifth-interval", null], [73, "augmented-fifth-interval", null], [73, "augmented-fifth-interval", null], [50, "major", null], [72, "sixth-interval", null], [72, "sixth-interval", null], [73, "augmented-fifth-interval", null], [45, "major", null], [47, "minor", null], [52, "major", null], [45, "major", null], [45, "major", null], [47, "minor", null], [52, "major", null], [45, "major", null]], "tempos": [{"qpm": 120, "time": 0}], "beats": [{"time": 0, "is_downbeat": true}, {"time": 12, "is_downbeat": true}, {"time": 36, "is_downbeat": false}, {"time": 60, "is_downbeat": false}, {"time": 84, "is_downbeat": false}, {"time": 108, "is_downbeat": true}, {"time": 132, "is_downbeat": false}, {"time": 156, "is_downbeat": false}, {"time": 180, "is_downbeat": false}, {"time": 204, "is_downbeat": true}, {"time": 228, "is_downbeat": false}, {"time": 252, "is_downbeat": false}, {"time": 276, "is_downbeat": false}, {"time": 300, "is_downbeat": true}, {"time": 324, "is_downbeat": false}, {"time": 348, "is_downbeat": false}, {"time": 372, "is_downbeat": false}, {"time": 396, "is_downbeat": true}, {"time": 420, "is_downbeat": false}, {"time": 444, "is_downbeat": false}, {"time": 468, "is_downbeat": false}, {"time": 492, "is_downbeat": true}, {"time": 516, "is_downbeat": false}, {"time": 540, "is_downbeat": false}, {"time": 564, "is_downbeat": false}, {"time": 588, "is_downbeat": true}, {"time": 612, "is_downbeat": false}, {"time": 636, "is_downbeat": false}, {"time": 660, "is_downbeat": false}, {"time": 684, "is_downbeat": true}, {"time": 708, "is_downbeat": false}, {"time": 732, "is_downbeat": false}, {"time": 756, "is_downbeat": false}, {"time": 780, "is_downbeat": true}, {"time": 804, "is_downbeat": false}, {"time": 828, "is_downbeat": false}, {"time": 852, "is_downbeat": false}, {"time": 876, "is_downbeat": true}, {"time": 900, "is_downbeat": false}, {"time": 924, "is_downbeat": false}, {"time": 948, "is_downbeat": false}, {"time": 972, "is_downbeat": true}, {"time": 996, "is_downbeat": false}, {"time": 1020, "is_downbeat": false}, {"time": 1044, "is_downbeat": false}, {"time": 1068, "is_downbeat": true}, {"time": 1092, "is_downbeat": false}, {"time": 1116, "is_downbeat": false}, {"time": 1140, "is_downbeat": false}, {"time": 1164, "is_downbeat": true}, {"time": 1188, "is_downbeat": false}, {"time": 1212, "is_downbeat": false}, {"time": 1236, "is_downbeat": false}, {"time": 1260, "is_downbeat": true}, {"time": 1284, "is_downbeat": false}, {"time": 1308, "is_downbeat": false}, {"time": 1332, "is_downbeat": false}, {"time": 1356, "is_downbeat": true}, {"time": 1380, "is_downbeat": false}, {"time": 1404, "is_downbeat": false}, {"time": 1428, "is_downbeat": false}, {"time": 1452, "is_downbeat": true}, {"time": 1476, "is_downbeat": false}, {"time": 1500, "is_downbeat": false}, {"time": 1524, "is_downbeat": false}, {"time": 1548, "is_downbeat": true}, {"time": 1572, "is_downbeat": false}, {"time": 1596, "is_downbeat": false}, {"time": 1620, "is_downbeat": false}, {"time": 1644, "is_downbeat": true}, {"time": 1668, "is_downbeat": false}, {"time": 1692, "is_downbeat": false}, {"time": 1716, "is_downbeat": false}]}