{"metadata": {"title": "dinners-1"}, "tracks": [{"notes": [{"pitch": 69, "duration": 24}, {"pitch": 73, "duration": 16}, {"pitch": 69, "duration": 8}, {"pitch": 71, "duration": 24}, {"pitch": 74, "duration": 16}, {"pitch": 71, "duration": 8}, {"pitch": 73, "duration": 24}, {"pitch": 76, "duration": 16}, {"pitch": 69, "duration": 8}, {"pitch": 71, "duration": 16}, {"pitch": 69, "duration": 8}, {"pitch": 68, "duration": 16}, {"pitch": 71, "duration": 8}, {"pitch": 69, "duration": 24}, {"pitch": 73, "duration": 16}, {"pitch": 69, "duration": 8}, {"pitch": 71, "duration": 24}, {"pitch": 74, "duration": 16}, {"pitch": 71, "duration": 8}, {"pitch": 73, "duration": 16}, {"pitch": 71, "duration": 8}, {"pitch": 69, "duration": 16}, {"pitch": 73, "duration": 8}, {"pitch": 71, "duration": 16}, {"pitch": 69, "duration": 8}, {"pitch": 68, "duration": 16}, {"pitch": 71, "duration": 8}, {"pitch": 69, "duration": 24}, {"pitch": 73, "duration": 16}, {"pitch": 69, "duration": 8}, {"pitch": 71, "duration": 24}, {"pitch": 74, "duration": 16}, {"pitch": 71, "duration": 8}, {"pitch": 73, "duration": 24}, {"pitch": 76, "duration": 16}, {"pitch": 69, "duration": 8}, {"pitch": 71, "duration": 16}, {"pitch": 69, "duration": 8}, {"pitch": 68, "duration": 16}, {"pitch": 69, "duration": 8}, {"pitch": 74, "duration": 16}, {"pitch": 73, "duration": 8}, {"pitch": 71, "duration": 16}, {"pitch": 73, "duration": 8}, {"pitch": 71, "duration": 16}, {"pitch": 69, "duration": 8}, {"pitch": 71, "duration": 16}, {"pitch": 68, "duration": 8}, {"pitch": 64, "duration": 16}, {"pitch": 68, "duration": 8}, {"pitch": 71, "duration": 16}, {"pitch": 68, "duration": 8}, {"pitch": 69, "duration": 24}, {"pitch": -1, "duration": 24}, {"pitch": 69, "duration": 24}, {"pitch": 69, "duration": 16}, {"pitch": 73, "duration": 8}, {"pitch": 76, "duration": 16}, {"pitch": 69, "duration": 8}, {"pitch": 73, "duration": 16}, {"pitch": 76, "duration": 8}, {"pitch": 78, "duration": 16}, {"pitch": 76, "duration": 8}, {"pitch": 74, "duration": 16}, {"pitch": 73, "duration": 8}, {"pitch": 71, "duration": 16}, {"pitch": 69, "duration": 8}, {"pitch": 68, "duration": 16}, {"pitch": 69, "duration": 8}, {"pitch": 73, "duration": 16}, {"pitch": 69, "duration": 8}, {"pitch": 66, "duration": 16}, {"pitch": 66, "duration": 24}, {"pitch": 68, "duration": 8}, {"pitch": 69, "duration": 16}, {"pitch": 68, "duration": 8}, {"pitch": 69, "duration": 24}, {"pitch": 73, "duration": 16}, {"pitch": 69, "duration": 8}, {"pitch": 71, "duration": 16}, {"pitch": 69, "duration": 8}, {"pitch": 68, "duration": 16}, {"pitch": 71, "duration": 8}, {"pitch": 69, "duration": 24}, {"pitch": 69, "duration": 16}, {"pitch": 73, "duration": 8}, {"pitch": 76, "duration": 16}, {"pitch": 69, "duration": 8}, {"pitch": 73, "duration": 16}, {"pitch": 76, "duration": 8}, {"pitch": 78, "duration": 16}, {"pitch": 76, "duration": 8}, {"pitch": 74, "duration": 16}, {"pitch": 73, "duration": 8}, {"pitch": 71, "duration": 16}, {"pitch": 69, "duration": 8}, {"pitch": 68, "duration": 16}, {"pitch": 69, "duration": 8}, {"pitch": 73, "duration": 16}, {"pitch": 69, "duration": 8}, {"pitch": 66, "duration": 16}, {"pitch": 66, "duration": 24}, {"pitch": 68, "duration": 8}, {"pitch": 71, "duration": 16}, {"pitch": 68, "duration": 8}, {"pitch": 64, "duration": 16}, {"pitch": 68, "duration": 8}, {"pitch": 71, "duration": 16}, {"pitch": 68, "duration": 8}, {"pitch": 69, "duration": 24}, {"pitch": -1, "duration": 24}, {"pitch": 69, "duration": 24}, {"pitch": 69, "duration": 16}, {"pitch": 73, "duration": 8}, {"pitch": 76, "duration": 16}, {"pitch": 69, "duration": 8}, {"pitch": 73, "duration": 16}, {"pitch": 76, "duration": 8}, {"pitch": 78, "duration": 16}, {"pitch": 76, "duration": 8}, {"pitch": 74, "duration": 16}, {"pitch": 73, "duration": 8}, {"pitch": 71, "duration": 16}, {"pitch": 69, "duration": 8}, {"pitch": 68, "duration": 16}, {"pitch": 69, "duration": 8}, {"pitch": 73, "duration": 16}, {"pitch": 69, "duration": 8}, {"pitch": 66, "duration": 16}, {"pitch": 66, "duration": 24}, {"pitch": 68, "duration": 8}, {"pitch": 69, "duration": 16}, {"pitch": 68, "duration": 8}, {"pitch": 69, "duration": 24}, {"pitch": 73, "duration": 16}, {"pitch": 69, "duration": 8}, {"pitch": 71, "duration": 16}, {"pitch": 69, "duration": 8}, {"pitch": 68, "duration": 16}, {"pitch": 71, "duration": 8}, {"pitch": 69, "duration": 24}, {"pitch": 73, "duration": 16}, {"pitch": 69, "duration": 8}, {"pitch": 71, "duration": 24}, {"pitch": 74, "duration": 16}, {"pitch": 71, "duration": 8}, {"pitch": 73, "duration": 24}, {"pitch": 76, "duration": 16}, {"pitch": 69, "duration": 8}, {"pitch": 71, "duration": 16}, {"pitch": 69, "duration": 8}, {"pitch": 68, "duration": 16}, {"pitch": 69, "duration": 8}, {"pitch": 74, "duration": 16}, {"pitch": 73, "duration": 8}, {"pitch": 71, "duration": 16}, {"pitch": 73, "duration": 8}, {"pitch": 71, "duration": 16}, {"pitch": 69, "duration": 8}, {"pitch": 71, "duration": 16}, {"pitch": 68, "duration": 8}, {"pitch": 64, "duration": 16}, {"pitch": 68, "duration": 8}, {"pitch": 71, "duration": 16}, {"pitch": 68, "duration": 8}, {"pitch": 69, "duration": 24}], "voicings": [{"pitches": [52, 56, 59, 62, 63, 63, 66, 72], "duration": 32, "time": 16}, {"pitches": [-1], "duration": 16, "time": 48}, {"pitches": [52, 56, 59, 62, 63, 63, 66, 72], "duration": 8, "time": 64}, {"pitches": [-1], "duration": 40, "time": 72}, {"pitches": [49, 52, 54, 59], "duration": 32, "time": 112}, {"pitches": [49, 52, 54, 59], "duration": 16, "time": 144}, {"pitches": [-1], "duration": 48, "time": 160}, {"pitches": [49, 52, 54, 59], "duration": 8, "time": 208}, {"pitches": [-1], "duration": 24, "time": 216}, {"pitches": [49, 52, 54, 59], "duration": 24, "time": 240}, {"pitches": [-1], "duration": 40, "time": 264}, {"pitches": [54, 57, 61], "duration": 32, "time": 304}, {"pitches": [-1], "duration": 16, "time": 336}, {"pitches": [54, 56, 62], "duration": 8, "time": 352}, {"pitches": [-1], "duration": 40, "time": 360}, {"pitches": [52, 54, 59, 61], "duration": 32, "time": 400}, {"pitches": [-1], "duration": 16, "time": 432}, {"pitches": [52, 54, 59, 61], "duration": 8, "time": 448}, {"pitches": [-1], "duration": 40, "time": 456}, {"pitches": [52, 54, 59, 61], "duration": 8, "time": 496}, {"pitches": [-1], "duration": 16, "time": 504}, {"pitches": [52, 54, 59, 61], "duration": 8, "time": 520}, {"pitches": [-1], "duration": 16, "time": 528}, {"pitches": [52, 54, 59, 61], "duration": 8, "time": 544}, {"pitches": [-1], "duration": 16, "time": 552}, {"pitches": [52, 54, 59, 61], "duration": 8, "time": 568}, {"pitches": [-1], "duration": 16, "time": 576}, {"pitches": [52, 54, 57, 61], "duration": 8, "time": 592}, {"pitches": [-1], "duration": 16, "time": 600}, {"pitches": [52, 54, 57, 61], "duration": 8, "time": 616}, {"pitches": [-1], "duration": 16, "time": 624}, {"pitches": [52, 54, 57, 61], "duration": 8, "time": 640}, {"pitches": [-1], "duration": 16, "time": 648}, {"pitches": [52, 54, 57, 61], "duration": 8, "time": 664}, {"pitches": [-1], "duration": 16, "time": 672}, {"pitches": [54, 56, 61, 62], "duration": 8, "time": 688}, {"pitches": [-1], "duration": 24, "time": 696}, {"pitches": [52, 54, 59], "duration": 24, "time": 720}, {"pitches": [-1], "duration": 40, "time": 744}, {"pitches": [52, 59, 61], "duration": 32, "time": 784}, {"pitches": [-1], "duration": 16, "time": 816}, {"pitches": [52, 59, 61], "duration": 8, "time": 832}, {"pitches": [-1], "duration": 40, "time": 840}, {"pitches": [52, 54, 57, 61], "duration": 8, "time": 880}, {"pitches": [-1], "duration": 16, "time": 888}, {"pitches": [52, 54, 57, 61], "duration": 8, "time": 904}, {"pitches": [-1], "duration": 16, "time": 912}, {"pitches": [54, 56, 61, 62], "duration": 8, "time": 928}, {"pitches": [-1], "duration": 16, "time": 936}, {"pitches": [54, 56, 61, 62], "duration": 8, "time": 952}, {"pitches": [-1], "duration": 16, "time": 960}, {"pitches": [52, 56, 57, 61], "duration": 8, "time": 976}, {"pitches": [-1], "duration": 16, "time": 984}, {"pitches": [52, 56, 57, 61], "duration": 8, "time": 1000}, {"pitches": [-1], "duration": 16, "time": 1008}, {"pitches": [52, 56, 57, 61], "duration": 8, "time": 1024}, {"pitches": [-1], "duration": 16, "time": 1032}, {"pitches": [52, 56, 57, 61], "duration": 8, "time": 1048}, {"pitches": [-1], "duration": 16, "time": 1056}, {"pitches": [56, 57, 61, 63], "duration": 32, "time": 1072}, {"pitches": [-1], "duration": 16, "time": 1104}, {"pitches": [54, 56, 61, 62], "duration": 8, "time": 1120}, {"pitches": [-1], "duration": 40, "time": 1128}, {"pitches": [52, 56, 57], "duration": 8, "time": 1168}, {"pitches": [-1], "duration": 16, "time": 1176}, {"pitches": [52, 56, 57], "duration": 8, "time": 1192}, {"pitches": [-1], "duration": 16, "time": 1200}, {"pitches": [52, 56, 57], "duration": 8, "time": 1216}, {"pitches": [-1], "duration": 16, "time": 1224}, {"pitches": [52, 56, 57], "duration": 8, "time": 1240}, {"pitches": [-1], "duration": 16, "time": 1248}, {"pitches": [52, 54, 61], "duration": 8, "time": 1264}, {"pitches": [-1], "duration": 16, "time": 1272}, {"pitches": [52, 54, 61], "duration": 8, "time": 1288}, {"pitches": [-1], "duration": 16, "time": 1296}, {"pitches": [54, 56, 61, 62], "duration": 8, "time": 1312}, {"pitches": [-1], "duration": 16, "time": 1320}, {"pitches": [54, 56, 61, 62], "duration": 8, "time": 1336}, {"pitches": [-1], "duration": 16, "time": 1344}, {"pitches": [52, 56, 57, 61], "duration": 8, "time": 1360}, {"pitches": [-1], "duration": 24, "time": 1368}, {"pitches": [52, 56, 57, 61], "duration": 24, "time": 1392}, {"pitches": [-1], "duration": 40, "time": 1416}, {"pitches": [56, 62], "duration": 8, "time": 1456}, {"pitches": [-1], "duration": 24, "time": 1464}, {"pitches": [52, 54, 59, 61], "duration": 24, "time": 1488}, {"pitches": [-1], "duration": 40, "time": 1512}, {"pitches": [52, 56, 57, 61], "duration": 8, "time": 1552}, {"pitches": [-1], "duration": 24, "time": 1560}, {"pitches": [52, 56, 57, 61], "duration": 24, "time": 1584}, {"pitches": [-1], "duration": 64, "time": 1608}, {"pitches": [52, 54, 57, 61], "duration": 8, "time": 1672}, {"pitches": [-1], "duration": 40, "time": 1680}, {"pitches": [54, 56, 61, 62], "duration": 8, "time": 1720}, {"pitches": [-1], "duration": 40, "time": 1728}, {"pitches": [52, 56, 61], "duration": 8, "time": 1768}, {"pitches": [-1], "duration": 40, "time": 1776}, {"pitches": [52, 56, 61], "duration": 8, "time": 1816}, {"pitches": [-1], "duration": 16, "time": 1824}, {"pitches": [56, 57, 61, 63], "duration": 8, "time": 1840}, {"pitches": [-1], "duration": 24, "time": 1848}, {"pitches": [54, 56, 61, 62], "duration": 24, "time": 1872}, {"pitches": [-1], "duration": 64, "time": 1896}, {"pitches": [52, 54, 59, 61], "duration": 8, "time": 1960}, {"pitches": [-1], "duration": 40, "time": 1968}, {"pitches": [52, 54, 59, 61], "duration": 8, "time": 2008}, {"pitches": [-1], "duration": 40, "time": 2016}, {"pitches": [52, 54, 59, 61], "duration": 8, "time": 2056}, {"pitches": [-1], "duration": 40, "time": 2064}, {"pitches": [52, 54, 59, 61], "duration": 8, "time": 2104}, {"pitches": [-1], "duration": 40, "time": 2112}, {"pitches": [52, 54, 57, 61], "duration": 8, "time": 2152}, {"pitches": [-1], "duration": 40, "time": 2160}, {"pitches": [49, 52, 54, 59], "duration": 104, "time": 2200}], "basses": [{"pitch": 45, "duration": 24}, {"pitch": 45, "duration": 24}, {"pitch": 45, "duration": 24}, {"pitch": 45, "duration": 24}, {"pitch": 45, "duration": 24}, {"pitch": 45, "duration": 24}, {"pitch": 52, "duration": 24}, {"pitch": 46, "duration": 24}, {"pitch": 45, "duration": 24}, {"pitch": 33, "duration": 24}, {"pitch": 28, "duration": 24}, {"pitch": 33, "duration": 24}, {"pitch": 38, "duration": 24}, {"pitch": 41, "duration": 24}, {"pitch": 52, "duration": 24}, {"pitch": 46, "duration": 24}, {"pitch": 45, "duration": 24}, {"pitch": 40, "duration": 24}, {"pitch": 33, "duration": 24}, {"pitch": 34, "duration": 24}, {"pitch": 45, "duration": 24}, {"pitch": 52, "duration": 24}, {"pitch": 45, "duration": 24}, {"pitch": 40, "duration": 24}, {"pitch": 38, "duration": 24}, {"pitch": 26, "duration": 24}, {"pitch": 33, "duration": 24}, {"pitch": 39, "duration": 24}, {"pitch": 40, "duration": 24}, {"pitch": 47, "duration": 24}, {"pitch": 45, "duration": 24}, {"pitch": 34, "duration": 24}, {"pitch": 33, "duration": 24}, {"pitch": 28, "duration": 24}, {"pitch": 33, "duration": 24}, {"pitch": 40, "duration": 24}, {"pitch": 50, "duration": 24}, {"pitch": 51, "duration": 24}, {"pitch": 52, "duration": 24}, {"pitch": 43, "duration": 24}, {"pitch": 42, "duration": 24}, {"pitch": 37, "duration": 24}, {"pitch": 30, "duration": 24}, {"pitch": 24, "duration": 24}, {"pitch": 35, "duration": 24}, {"pitch": 39, "duration": 24}, {"pitch": 40, "duration": 24}, {"pitch": 41, "duration": 24}, {"pitch": 42, "duration": 24}, {"pitch": 42, "duration": 24}, {"pitch": 42, "duration": 24}, {"pitch": 49, "duration": 24}, {"pitch": 50, "duration": 24}, {"pitch": 41, "duration": 24}, {"pitch": 40, "duration": 24}, {"pitch": 31, "duration": 24}, {"pitch": 30, "duration": 24}, {"pitch": 25, "duration": 24}, {"pitch": 30, "duration": 24}, {"pitch": 37, "duration": 24}, {"pitch": 40, "duration": 24}, {"pitch": 46, "duration": 24}, {"pitch": 45, "duration": 24}, {"pitch": 43, "duration": 24}, {"pitch": 42, "duration": 24}, {"pitch": 37, "duration": 24}, {"pitch": 30, "duration": 24}, {"pitch": 27, "duration": 24}, {"pitch": 26, "duration": 24}, {"pitch": 27, "duration": 24}, {"pitch": 28, "duration": 24}, {"pitch": 29, "duration": 24}, {"pitch": 30, "duration": 24}, {"pitch": 37, "duration": 24}, {"pitch": 42, "duration": 24}, {"pitch": 48, "duration": 24}, {"pitch": 47, "duration": 24}, {"pitch": 39, "duration": 24}, {"pitch": 28, "duration": 24}, {"pitch": 32, "duration": 24}, {"pitch": 33, "duration": 24}, {"pitch": 40, "duration": 24}, {"pitch": 45, "duration": 24}, {"pitch": 46, "duration": 24}, {"pitch": 45, "duration": 24}, {"pitch": 40, "duration": 24}, {"pitch": 33, "duration": 24}, {"pitch": 28, "duration": 24}, {"pitch": 26, "duration": 24}, {"pitch": 33, "duration": 24}, {"pitch": 38, "duration": 24}, {"pitch": 39, "duration": 24}, {"pitch": 40, "duration": 24}, {"pitch": 44, "duration": 24}, {"pitch": 45, "duration": 24}, {"pitch": 45, "duration": 24}]}], "time_signatures": [{"numerator": 4, "denominator": 4, "time": 0}], "chord_symbols": [[50, "major-13th", 45], [45, "major", null], [50, "major", null], [52, "dominant-seventh", null], [45, "major", null], [50, "major", null], [52, "dominant-seventh", null], [45, "major", null], [45, "major", null], [50, "major", null], [52, "dominant-seventh", null], [54, "minor", null], [47, "dominant-seventh", null], [52, "dominant-seventh", null], [54, "minor", null], [50, "major", null], [52, "dominant-seventh", null], [54, "minor", null], [52, "dominant-seventh", null], [45, "major", null], [54, "minor", null], [50, "major", null], [52, "dominant-seventh", null], [54, "minor", null], [47, "dominant-seventh", null], [52, "dominant-seventh", null], [45, "major", null], [50, "major", null], [52, "dominant-seventh", null], [45, "major", null]], "tempos": [{"qpm": 120, "time": 0}], "beats": [{"time": 0, "is_downbeat": true}, {"time": 24, "is_downbeat": false}, {"time": 48, "is_downbeat": false}, {"time": 72, "is_downbeat": false}, {"time": 96, "is_downbeat": true}, {"time": 120, "is_downbeat": false}, {"time": 144, "is_downbeat": false}, {"time": 168, "is_downbeat": false}, {"time": 192, "is_downbeat": true}, {"time": 216, "is_downbeat": false}, {"time": 240, "is_downbeat": false}, {"time": 264, "is_downbeat": false}, {"time": 288, "is_downbeat": true}, {"time": 312, "is_downbeat": false}, {"time": 336, "is_downbeat": false}, {"time": 360, "is_downbeat": false}, {"time": 384, "is_downbeat": true}, {"time": 408, "is_downbeat": false}, {"time": 432, "is_downbeat": false}, {"time": 456, "is_downbeat": false}, {"time": 480, "is_downbeat": true}, {"time": 504, "is_downbeat": false}, {"time": 528, "is_downbeat": false}, {"time": 552, "is_downbeat": false}, {"time": 576, "is_downbeat": true}, {"time": 600, "is_downbeat": false}, {"time": 624, "is_downbeat": false}, {"time": 648, "is_downbeat": false}, {"time": 672, "is_downbeat": true}, {"time": 696, "is_downbeat": false}, {"time": 720, "is_downbeat": false}, {"time": 744, "is_downbeat": false}, {"time": 768, "is_downbeat": true}, {"time": 792, "is_downbeat": false}, {"time": 816, "is_downbeat": false}, {"time": 840, "is_downbeat": false}, {"time": 864, "is_downbeat": true}, {"time": 888, "is_downbeat": false}, {"time": 912, "is_downbeat": false}, {"time": 936, "is_downbeat": false}, {"time": 960, "is_downbeat": true}, {"time": 984, "is_downbeat": false}, {"time": 1008, "is_downbeat": false}, {"time": 1032, "is_downbeat": false}, {"time": 1056, "is_downbeat": true}, {"time": 1080, "is_downbeat": false}, {"time": 1104, "is_downbeat": false}, {"time": 1128, "is_downbeat": false}, {"time": 1152, "is_downbeat": true}, {"time": 1176, "is_downbeat": false}, {"time": 1200, "is_downbeat": false}, {"time": 1224, "is_downbeat": false}, {"time": 1248, "is_downbeat": true}, {"time": 1272, "is_downbeat": false}, {"time": 1296, "is_downbeat": false}, {"time": 1320, "is_downbeat": false}, {"time": 1344, "is_downbeat": true}, {"time": 1368, "is_downbeat": false}, {"time": 1392, "is_downbeat": false}, {"time": 1416, "is_downbeat": false}, {"time": 1440, "is_downbeat": true}, {"time": 1464, "is_downbeat": false}, {"time": 1488, "is_downbeat": false}, {"time": 1512, "is_downbeat": false}, {"time": 1536, "is_downbeat": true}, {"time": 1560, "is_downbeat": false}, {"time": 1584, "is_downbeat": false}, {"time": 1608, "is_downbeat": false}, {"time": 1632, "is_downbeat": true}, {"time": 1656, "is_downbeat": false}, {"time": 1680, "is_downbeat": false}, {"time": 1704, "is_downbeat": false}, {"time": 1728, "is_downbeat": true}, {"time": 1752, "is_downbeat": false}, {"time": 1776, "is_downbeat": false}, {"time": 1800, "is_downbeat": false}, {"time": 1824, "is_downbeat": true}, {"time": 1848, "is_downbeat": false}, {"time": 1872, "is_downbeat": false}, {"time": 1896, "is_downbeat": false}, {"time": 1920, "is_downbeat": true}, {"time": 1944, "is_downbeat": false}, {"time": 1968, "is_downbeat": false}, {"time": 1992, "is_downbeat": false}, {"time": 2016, "is_downbeat": true}, {"time": 2040, "is_downbeat": false}, {"time": 2064, "is_downbeat": false}, {"time": 2088, "is_downbeat": false}, {"time": 2112, "is_downbeat": true}, {"time": 2136, "is_downbeat": false}, {"time": 2160, "is_downbeat": false}, {"time": 2184, "is_downbeat": false}, {"time": 2208, "is_downbeat": true}, {"time": 2232, "is_downbeat": false}, {"time": 2256, "is_downbeat": false}, {"time": 2280, "is_downbeat": false}]}