{"metadata": {"title": "dixie-hoedown"}, "tracks": [{"notes": [{"pitch": 74, "duration": 16}, {"pitch": 72, "duration": 8}, {"pitch": 71, "duration": 24}, {"pitch": 71, "duration": 16}, {"pitch": 72, "duration": 8}, {"pitch": 71, "duration": 16}, {"pitch": 69, "duration": 8}, {"pitch": 67, "duration": 16}, {"pitch": 66, "duration": 8}, {"pitch": 64, "duration": 16}, {"pitch": 60, "duration": 8}, {"pitch": 64, "duration": 16}, {"pitch": 67, "duration": 8}, {"pitch": 72, "duration": 24}, {"pitch": 74, "duration": 16}, {"pitch": 72, "duration": 8}, {"pitch": 71, "duration": 16}, {"pitch": 69, "duration": 8}, {"pitch": 71, "duration": 16}, {"pitch": 72, "duration": 8}, {"pitch": 71, "duration": 16}, {"pitch": 69, "duration": 8}, {"pitch": 67, "duration": 16}, {"pitch": 71, "duration": 8}, {"pitch": 69, "duration": 16}, {"pitch": 71, "duration": 8}, {"pitch": 69, "duration": 16}, {"pitch": 66, "duration": 8}, {"pitch": 62, "duration": 24}, {"pitch": 74, "duration": 16}, {"pitch": 72, "duration": 8}, {"pitch": 71, "duration": 24}, {"pitch": 71, "duration": 16}, {"pitch": 72, "duration": 8}, {"pitch": 71, "duration": 16}, {"pitch": 69, "duration": 8}, {"pitch": 67, "duration": 16}, {"pitch": 66, "duration": 8}, {"pitch": 64, "duration": 16}, {"pitch": 60, "duration": 8}, {"pitch": 64, "duration": 16}, {"pitch": 67, "duration": 8}, {"pitch": 72, "duration": 16}, {"pitch": 72, "duration": 8}, {"pitch": 74, "duration": 16}, {"pitch": 72, "duration": 8}, {"pitch": 71, "duration": 16}, {"pitch": 69, "duration": 8}, {"pitch": 67, "duration": 16}, {"pitch": 71, "duration": 8}, {"pitch": 69, "duration": 16}, {"pitch": 67, "duration": 8}, {"pitch": 66, "duration": 16}, {"pitch": 69, "duration": 8}, {"pitch": 67, "duration": 24}, {"pitch": 67, "duration": 16}, {"pitch": 67, "duration": 8}, {"pitch": 67, "duration": 24}, {"pitch": 74, "duration": 24}, {"pitch": -1, "duration": 192}, {"pitch": 76, "duration": 40}, {"pitch": 74, "duration": 8}, {"pitch": 72, "duration": 24}, {"pitch": 69, "duration": 24}, {"pitch": 71, "duration": 24}, {"pitch": 74, "duration": 72}, {"pitch": 62, "duration": 24}, {"pitch": 62, "duration": 16}, {"pitch": 62, "duration": 8}, {"pitch": 66, "duration": 24}, {"pitch": 66, "duration": 16}, {"pitch": 66, "duration": 8}, {"pitch": 69, "duration": 16}, {"pitch": 69, "duration": 8}, {"pitch": 69, "duration": 24}, {"pitch": 74, "duration": 48}, {"pitch": 67, "duration": 24}, {"pitch": 67, "duration": 16}, {"pitch": 67, "duration": 8}, {"pitch": 71, "duration": 24}, {"pitch": 71, "duration": 16}, {"pitch": 71, "duration": 8}, {"pitch": 74, "duration": 16}, {"pitch": 74, "duration": 8}, {"pitch": 74, "duration": 24}, {"pitch": 79, "duration": 24}, {"pitch": 74, "duration": 24}, {"pitch": -1, "duration": 192}, {"pitch": 76, "duration": 40}, {"pitch": 74, "duration": 8}, {"pitch": 72, "duration": 24}, {"pitch": 69, "duration": 24}, {"pitch": 71, "duration": 24}, {"pitch": 74, "duration": 72}, {"pitch": 62, "duration": 24}, {"pitch": 62, "duration": 16}, {"pitch": 62, "duration": 8}, {"pitch": 66, "duration": 24}, {"pitch": 66, "duration": 16}, {"pitch": 66, "duration": 8}, {"pitch": 69, "duration": 16}, {"pitch": 69, "duration": 8}, {"pitch": 69, "duration": 24}, {"pitch": 74, "duration": 24}, {"pitch": 74, "duration": 16}, {"pitch": 72, "duration": 8}, {"pitch": 71, "duration": 16}, {"pitch": 69, "duration": 8}, {"pitch": 67, "duration": 16}, {"pitch": 71, "duration": 8}, {"pitch": 69, "duration": 16}, {"pitch": 67, "duration": 8}, {"pitch": 66, "duration": 16}, {"pitch": 69, "duration": 8}, {"pitch": 67, "duration": 24}, {"pitch": 67, "duration": 16}, {"pitch": 67, "duration": 8}, {"pitch": 67, "duration": 16}], "voicings": [{"pitches": [66, 69, 72, 83, 86], "duration": 32, "time": 40}, {"pitches": [-1], "duration": 16, "time": 72}, {"pitches": [66, 69, 72, 83, 86], "duration": 8, "time": 88}, {"pitches": [-1], "duration": 40, "time": 96}, {"pitches": [52, 55, 59, 62], "duration": 8, "time": 136}, {"pitches": [-1], "duration": 16, "time": 144}, {"pitches": [52, 55, 59, 62], "duration": 8, "time": 160}, {"pitches": [-1], "duration": 16, "time": 168}, {"pitches": [52, 55, 59, 62], "duration": 8, "time": 184}, {"pitches": [-1], "duration": 16, "time": 192}, {"pitches": [52, 55, 59, 62], "duration": 8, "time": 208}, {"pitches": [-1], "duration": 16, "time": 216}, {"pitches": [52, 57, 59, 62], "duration": 8, "time": 232}, {"pitches": [-1], "duration": 16, "time": 240}, {"pitches": [52, 57, 59, 62], "duration": 8, "time": 256}, {"pitches": [-1], "duration": 16, "time": 264}, {"pitches": [52, 57, 59, 62], "duration": 8, "time": 280}, {"pitches": [-1], "duration": 16, "time": 288}, {"pitches": [52, 57, 59, 62], "duration": 8, "time": 304}, {"pitches": [-1], "duration": 16, "time": 312}, {"pitches": [52, 54, 60], "duration": 32, "time": 328}, {"pitches": [52, 54, 60], "duration": 16, "time": 360}, {"pitches": [-1], "duration": 48, "time": 376}, {"pitches": [52, 57, 59, 62], "duration": 32, "time": 424}, {"pitches": [52, 57, 59, 62], "duration": 16, "time": 456}, {"pitches": [-1], "duration": 48, "time": 472}, {"pitches": [52, 55, 59, 62], "duration": 32, "time": 520}, {"pitches": [52, 55, 59], "duration": 16, "time": 552}, {"pitches": [-1], "duration": 48, "time": 568}, {"pitches": [52, 57, 59, 62], "duration": 32, "time": 616}, {"pitches": [52, 54, 60], "duration": 16, "time": 648}, {"pitches": [-1], "duration": 48, "time": 664}, {"pitches": [52, 57, 59, 62], "duration": 8, "time": 712}, {"pitches": [-1], "duration": 24, "time": 720}, {"pitches": [52, 57, 59, 62], "duration": 24, "time": 744}, {"pitches": [-1], "duration": 40, "time": 768}, {"pitches": [91], "duration": 32, "time": 808}, {"pitches": [91], "duration": 16, "time": 840}, {"pitches": [-1], "duration": 48, "time": 856}, {"pitches": [90], "duration": 8, "time": 904}, {"pitches": [-1], "duration": 16, "time": 912}, {"pitches": [90], "duration": 8, "time": 928}, {"pitches": [-1], "duration": 16, "time": 936}, {"pitches": [90], "duration": 8, "time": 952}, {"pitches": [-1], "duration": 16, "time": 960}, {"pitches": [59, 62, 67], "duration": 24, "time": 976}, {"pitches": [59, 62, 67], "duration": 24, "time": 1000}, {"pitches": [-1], "duration": 24, "time": 1024}, {"pitches": [59, 62, 67], "duration": 8, "time": 1048}, {"pitches": [-1], "duration": 24, "time": 1056}, {"pitches": [52, 57, 59, 62], "duration": 16, "time": 1080}, {"pitches": [52, 57, 59, 62], "duration": 24, "time": 1096}, {"pitches": [-1], "duration": 24, "time": 1120}, {"pitches": [52, 57, 59, 62], "duration": 8, "time": 1144}, {"pitches": [-1], "duration": 40, "time": 1152}, {"pitches": [54, 59, 60], "duration": 32, "time": 1192}, {"pitches": [-1], "duration": 16, "time": 1224}, {"pitches": [54, 59, 60], "duration": 8, "time": 1240}, {"pitches": [-1], "duration": 40, "time": 1248}, {"pitches": [52, 54, 59, 60], "duration": 32, "time": 1288}, {"pitches": [-1], "duration": 16, "time": 1320}, {"pitches": [52, 54, 59], "duration": 8, "time": 1336}, {"pitches": [-1], "duration": 40, "time": 1344}, {"pitches": [52, 57, 59, 62], "duration": 8, "time": 1384}, {"pitches": [-1], "duration": 24, "time": 1392}, {"pitches": [52, 57, 59, 62], "duration": 24, "time": 1416}, {"pitches": [-1], "duration": 40, "time": 1440}, {"pitches": [52, 57, 59, 62], "duration": 8, "time": 1480}, {"pitches": [-1], "duration": 24, "time": 1488}, {"pitches": [52, 54, 59, 60], "duration": 24, "time": 1512}, {"pitches": [-1], "duration": 40, "time": 1536}, {"pitches": [91], "duration": 32, "time": 1576}, {"pitches": [-1], "duration": 16, "time": 1608}, {"pitches": [91], "duration": 8, "time": 1624}, {"pitches": [-1], "duration": 64, "time": 1632}, {"pitches": [90], "duration": 8, "time": 1696}, {"pitches": [-1], "duration": 40, "time": 1704}, {"pitches": [90], "duration": 8, "time": 1744}, {"pitches": [-1], "duration": 40, "time": 1752}, {"pitches": [59, 62, 64, 67], "duration": 8, "time": 1792}, {"pitches": [-1], "duration": 40, "time": 1800}, {"pitches": [59, 62, 64, 67], "duration": 8, "time": 1840}, {"pitches": [-1], "duration": 16, "time": 1848}, {"pitches": [53, 58, 61], "duration": 32, "time": 1864}, {"pitches": [53, 58, 61], "duration": 16, "time": 1896}, {"pitches": [-1], "duration": 48, "time": 1912}, {"pitches": [52, 54, 59, 60], "duration": 32, "time": 1960}, {"pitches": [52, 54, 59, 60], "duration": 16, "time": 1992}, {"pitches": [-1], "duration": 48, "time": 2008}, {"pitches": [52, 59, 60], "duration": 32, "time": 2056}, {"pitches": [-1], "duration": 16, "time": 2088}, {"pitches": [52, 54, 59, 60], "duration": 8, "time": 2104}, {"pitches": [-1], "duration": 40, "time": 2112}, {"pitches": [52, 57, 59, 62], "duration": 32, "time": 2152}, {"pitches": [52, 54, 59], "duration": 16, "time": 2184}, {"pitches": [-1], "duration": 48, "time": 2200}, {"pitches": [52, 57, 59, 62], "duration": 32, "time": 2248}, {"pitches": [52, 57, 59, 62], "duration": 16, "time": 2280}], "basses": [{"pitch": 43, "duration": 24}, {"pitch": 43, "duration": 24}, {"pitch": 50, "duration": 24}, {"pitch": 47, "duration": 24}, {"pitch": 36, "duration": 24}, {"pitch": 31, "duration": 24}, {"pitch": 24, "duration": 24}, {"pitch": 30, "duration": 24}, {"pitch": 31, "duration": 24}, {"pitch": 38, "duration": 24}, {"pitch": 43, "duration": 24}, {"pitch": 50, "duration": 24}, {"pitch": 50, "duration": 24}, {"pitch": 50, "duration": 24}, {"pitch": 45, "duration": 24}, {"pitch": 42, "duration": 24}, {"pitch": 31, "duration": 24}, {"pitch": 26, "duration": 24}, {"pitch": 31, "duration": 24}, {"pitch": 37, "duration": 24}, {"pitch": 48, "duration": 24}, {"pitch": 46, "duration": 24}, {"pitch": 45, "duration": 24}, {"pitch": 40, "duration": 24}, {"pitch": 31, "duration": 24}, {"pitch": 27, "duration": 24}, {"pitch": 26, "duration": 24}, {"pitch": 33, "duration": 24}, {"pitch": 43, "duration": 24}, {"pitch": 50, "duration": 24}, {"pitch": 43, "duration": 24}, {"pitch": 32, "duration": 24}, {"pitch": 35, "duration": 24}, {"pitch": 43, "duration": 24}, {"pitch": 43, "duration": 24}, {"pitch": 47, "duration": 24}, {"pitch": 50, "duration": 24}, {"pitch": 50, "duration": 24}, {"pitch": 50, "duration": 24}, {"pitch": 50, "duration": 24}, {"pitch": 48, "duration": 24}, {"pitch": 43, "duration": 24}, {"pitch": 36, "duration": 24}, {"pitch": 32, "duration": 24}, {"pitch": 31, "duration": 24}, {"pitch": 31, "duration": 24}, {"pitch": 31, "duration": 24}, {"pitch": 37, "duration": 24}, {"pitch": 38, "duration": 24}, {"pitch": 50, "duration": 24}, {"pitch": 45, "duration": 24}, {"pitch": 39, "duration": 24}, {"pitch": 38, "duration": 24}, {"pitch": 27, "duration": 24}, {"pitch": 26, "duration": 24}, {"pitch": 33, "duration": 24}, {"pitch": 43, "duration": 24}, {"pitch": 43, "duration": 24}, {"pitch": 43, "duration": 24}, {"pitch": 42, "duration": 24}, {"pitch": 31, "duration": 24}, {"pitch": 27, "duration": 24}, {"pitch": 26, "duration": 24}, {"pitch": 32, "duration": 24}, {"pitch": 38, "duration": 24}, {"pitch": 50, "duration": 24}, {"pitch": 45, "duration": 24}, {"pitch": 38, "duration": 24}, {"pitch": 26, "duration": 24}, {"pitch": 33, "duration": 24}, {"pitch": 38, "duration": 24}, {"pitch": 50, "duration": 24}, {"pitch": 48, "duration": 24}, {"pitch": 36, "duration": 24}, {"pitch": 31, "duration": 24}, {"pitch": 31, "duration": 24}, {"pitch": 43, "duration": 24}, {"pitch": 43, "duration": 24}, {"pitch": 43, "duration": 24}, {"pitch": 49, "duration": 24}, {"pitch": 50, "duration": 24}, {"pitch": 45, "duration": 24}, {"pitch": 38, "duration": 24}, {"pitch": 27, "duration": 24}, {"pitch": 26, "duration": 24}, {"pitch": 27, "duration": 24}, {"pitch": 38, "duration": 24}, {"pitch": 44, "duration": 24}, {"pitch": 43, "duration": 24}, {"pitch": 37, "duration": 24}, {"pitch": 26, "duration": 24}, {"pitch": 32, "duration": 24}, {"pitch": 43, "duration": 24}, {"pitch": 43, "duration": 24}, {"pitch": 43, "duration": 24}]}], "time_signatures": [{"numerator": 4, "denominator": 4, "time": 0}], "chord_symbols": [[55, "major-11th", null], [48, "major", null], [55, "major", null], [50, "dominant-seventh", null], [55, "major", null], [48, "major", null], [45, "minor", null], [55, "major", null], [50, "dominant-seventh", null], [55, "major", null], [55, "major", null], [71, "augmented-fifth-interval", null], [71, "augmented-fifth-interval", null], [47, "minor", null], [74, "major-third-interval", null], [74, "major-third-interval", null], [48, "major", null], [55, "major", null], [50, "major", null], [50, "major", null], [50, "dominant-seventh", null], [55, "major", null], [55, "major", null], [50, "dominant-seventh", null], [55, "major", null], [74, "fourth-interval", null], [74, "fourth-interval", null], [47, "minor", null], [74, "major-third-interval", null], [74, "major-third-interval", null], [48, "major", null], [55, "major", null], [55, "diminished", null], [50, "major", null], [50, "major", null], [50, "dominant-seventh", null], [55, "major", null], [50, "dominant-seventh", null], [55, "major", null]], "tempos": [{"qpm": 120, "time": 0}], "beats": [{"time": 0, "is_downbeat": true}, {"time": 24, "is_downbeat": true}, {"time": 48, "is_downbeat": false}, {"time": 72, "is_downbeat": false}, {"time": 96, "is_downbeat": false}, {"time": 120, "is_downbeat": true}, {"time": 144, "is_downbeat": false}, {"time": 168, "is_downbeat": false}, {"time": 192, "is_downbeat": false}, {"time": 216, "is_downbeat": true}, {"time": 240, "is_downbeat": false}, {"time": 264, "is_downbeat": false}, {"time": 288, "is_downbeat": false}, {"time": 312, "is_downbeat": true}, {"time": 336, "is_downbeat": false}, {"time": 360, "is_downbeat": false}, {"time": 384, "is_downbeat": false}, {"time": 408, "is_downbeat": true}, {"time": 432, "is_downbeat": false}, {"time": 456, "is_downbeat": false}, {"time": 480, "is_downbeat": false}, {"time": 504, "is_downbeat": true}, {"time": 528, "is_downbeat": false}, {"time": 552, "is_downbeat": false}, {"time": 576, "is_downbeat": false}, {"time": 600, "is_downbeat": true}, {"time": 624, "is_downbeat": false}, {"time": 648, "is_downbeat": false}, {"time": 672, "is_downbeat": false}, {"time": 696, "is_downbeat": true}, {"time": 720, "is_downbeat": false}, {"time": 744, "is_downbeat": false}, {"time": 768, "is_downbeat": true}, {"time": 792, "is_downbeat": true}, {"time": 816, "is_downbeat": false}, {"time": 840, "is_downbeat": false}, {"time": 864, "is_downbeat": false}, {"time": 888, "is_downbeat": true}, {"time": 912, "is_downbeat": false}, {"time": 936, "is_downbeat": false}, {"time": 960, "is_downbeat": false}, {"time": 984, "is_downbeat": true}, {"time": 1008, "is_downbeat": false}, {"time": 1032, "is_downbeat": false}, {"time": 1056, "is_downbeat": false}, {"time": 1080, "is_downbeat": true}, {"time": 1104, "is_downbeat": false}, {"time": 1128, "is_downbeat": false}, {"time": 1152, "is_downbeat": false}, {"time": 1176, "is_downbeat": true}, {"time": 1200, "is_downbeat": false}, {"time": 1224, "is_downbeat": false}, {"time": 1248, "is_downbeat": false}, {"time": 1272, "is_downbeat": true}, {"time": 1296, "is_downbeat": false}, {"time": 1320, "is_downbeat": false}, {"time": 1344, "is_downbeat": false}, {"time": 1368, "is_downbeat": true}, {"time": 1392, "is_downbeat": false}, {"time": 1416, "is_downbeat": false}, {"time": 1440, "is_downbeat": false}, {"time": 1464, "is_downbeat": true}, {"time": 1488, "is_downbeat": false}, {"time": 1512, "is_downbeat": false}, {"time": 1536, "is_downbeat": false}, {"time": 1560, "is_downbeat": true}, {"time": 1584, "is_downbeat": false}, {"time": 1608, "is_downbeat": false}, {"time": 1632, "is_downbeat": false}, {"time": 1656, "is_downbeat": true}, {"time": 1680, "is_downbeat": false}, {"time": 1704, "is_downbeat": false}, {"time": 1728, "is_downbeat": false}, {"time": 1752, "is_downbeat": true}, {"time": 1776, "is_downbeat": false}, {"time": 1800, "is_downbeat": false}, {"time": 1824, "is_downbeat": false}, {"time": 1848, "is_downbeat": true}, {"time": 1872, "is_downbeat": false}, {"time": 1896, "is_downbeat": false}, {"time": 1920, "is_downbeat": false}, {"time": 1944, "is_downbeat": true}, {"time": 1968, "is_downbeat": false}, {"time": 1992, "is_downbeat": false}, {"time": 2016, "is_downbeat": false}, {"time": 2040, "is_downbeat": true}, {"time": 2064, "is_downbeat": false}, {"time": 2088, "is_downbeat": false}, {"time": 2112, "is_downbeat": false}, {"time": 2136, "is_downbeat": true}, {"time": 2160, "is_downbeat": false}, {"time": 2184, "is_downbeat": false}, {"time": 2208, "is_downbeat": false}, {"time": 2232, "is_downbeat": true}, {"time": 2256, "is_downbeat": false}, {"time": 2280, "is_downbeat": false}, {"time": 2304, "is_downbeat": false}]}