{"metadata": {"title": "east-tennessee-blues"}, "tracks": [{"notes": [{"pitch": 76, "duration": 24}, {"pitch": 77, "duration": 24}, {"pitch": 78, "duration": 24}, {"pitch": 79, "duration": 16}, {"pitch": 81, "duration": 8}, {"pitch": 79, "duration": 16}, {"pitch": 76, "duration": 8}, {"pitch": 79, "duration": 16}, {"pitch": 81, "duration": 8}, {"pitch": 79, "duration": 16}, {"pitch": 76, "duration": 8}, {"pitch": 79, "duration": 16}, {"pitch": 81, "duration": 8}, {"pitch": 79, "duration": 16}, {"pitch": 76, "duration": 8}, {"pitch": 79, "duration": 16}, {"pitch": 81, "duration": 8}, {"pitch": 79, "duration": 16}, {"pitch": 76, "duration": 8}, {"pitch": 72, "duration": 16}, {"pitch": 74, "duration": 8}, {"pitch": 72, "duration": 16}, {"pitch": 69, "duration": 8}, {"pitch": 72, "duration": 16}, {"pitch": 74, "duration": 8}, {"pitch": 72, "duration": 16}, {"pitch": 69, "duration": 8}, {"pitch": 72, "duration": 16}, {"pitch": 74, "duration": 8}, {"pitch": 72, "duration": 16}, {"pitch": 69, "duration": 8}, {"pitch": 72, "duration": 16}, {"pitch": 74, "duration": 8}, {"pitch": 72, "duration": 16}, {"pitch": 69, "duration": 8}, {"pitch": 67, "duration": 16}, {"pitch": 69, "duration": 8}, {"pitch": 67, "duration": 16}, {"pitch": 65, "duration": 8}, {"pitch": 64, "duration": 16}, {"pitch": 62, "duration": 8}, {"pitch": 64, "duration": 16}, {"pitch": 65, "duration": 8}, {"pitch": 67, "duration": 16}, {"pitch": 69, "duration": 8}, {"pitch": 72, "duration": 16}, {"pitch": 74, "duration": 8}, {"pitch": 76, "duration": 16}, {"pitch": 77, "duration": 8}, {"pitch": 79, "duration": 16}, {"pitch": 76, "duration": 8}, {"pitch": 74, "duration": 16}, {"pitch": 73, "duration": 8}, {"pitch": 74, "duration": 16}, {"pitch": 76, "duration": 8}, {"pitch": 78, "duration": 16}, {"pitch": 74, "duration": 8}, {"pitch": 76, "duration": 16}, {"pitch": 77, "duration": 8}, {"pitch": 79, "duration": 16}, {"pitch": 81, "duration": 8}, {"pitch": 79, "duration": 16}, {"pitch": 76, "duration": 8}, {"pitch": 79, "duration": 24}, {"pitch": 76, "duration": 16}, {"pitch": 77, "duration": 8}, {"pitch": 77, "duration": 16}, {"pitch": 76, "duration": 8}, {"pitch": 74, "duration": 16}, {"pitch": 72, "duration": 8}, {"pitch": 71, "duration": 16}, {"pitch": 67, "duration": 8}, {"pitch": 69, "duration": 16}, {"pitch": 71, "duration": 8}, {"pitch": -1, "duration": 480}, {"pitch": 67, "duration": 16}, {"pitch": 69, "duration": 8}, {"pitch": 67, "duration": 16}, {"pitch": 65, "duration": 8}, {"pitch": 64, "duration": 16}, {"pitch": 62, "duration": 8}, {"pitch": 64, "duration": 16}, {"pitch": 65, "duration": 8}, {"pitch": 67, "duration": 16}, {"pitch": 69, "duration": 8}, {"pitch": 72, "duration": 16}, {"pitch": 74, "duration": 8}, {"pitch": 76, "duration": 16}, {"pitch": 77, "duration": 8}, {"pitch": 79, "duration": 16}, {"pitch": 76, "duration": 8}, {"pitch": 74, "duration": 16}, {"pitch": 73, "duration": 8}, {"pitch": 74, "duration": 16}, {"pitch": 76, "duration": 8}, {"pitch": 78, "duration": 16}, {"pitch": 74, "duration": 8}, {"pitch": 76, "duration": 16}, {"pitch": 77, "duration": 8}, {"pitch": 79, "duration": 16}, {"pitch": 81, "duration": 8}, {"pitch": 79, "duration": 16}, {"pitch": 76, "duration": 8}, {"pitch": 79, "duration": 24}, {"pitch": 76, "duration": 16}, {"pitch": 77, "duration": 8}, {"pitch": 79, "duration": 16}, {"pitch": 81, "duration": 8}, {"pitch": 79, "duration": 16}, {"pitch": 76, "duration": 8}, {"pitch": 79, "duration": 16}, {"pitch": 81, "duration": 8}, {"pitch": 79, "duration": 16}, {"pitch": 76, "duration": 8}, {"pitch": -1, "duration": 96}, {"pitch": 72, "duration": 16}, {"pitch": 74, "duration": 8}, {"pitch": 72, "duration": 16}, {"pitch": 69, "duration": 8}, {"pitch": 72, "duration": 16}, {"pitch": 74, "duration": 8}, {"pitch": 72, "duration": 16}, {"pitch": 69, "duration": 8}, {"pitch": -1, "duration": 96}, {"pitch": 67, "duration": 16}, {"pitch": 69, "duration": 8}, {"pitch": 67, "duration": 16}, {"pitch": 65, "duration": 8}, {"pitch": 64, "duration": 16}, {"pitch": 62, "duration": 8}, {"pitch": 64, "duration": 16}, {"pitch": 65, "duration": 8}, {"pitch": 67, "duration": 16}, {"pitch": 69, "duration": 8}, {"pitch": 72, "duration": 16}, {"pitch": 74, "duration": 8}, {"pitch": 76, "duration": 16}, {"pitch": 77, "duration": 8}, {"pitch": 79, "duration": 16}, {"pitch": 76, "duration": 8}, {"pitch": 77, "duration": 16}, {"pitch": 76, "duration": 8}, {"pitch": 74, "duration": 16}, {"pitch": 72, "duration": 8}, {"pitch": 71, "duration": 16}, {"pitch": 67, "duration": 8}, {"pitch": 69, "duration": 16}, {"pitch": 71, "duration": 8}], "voicings": [{"pitches": [52, 55, 57], "duration": 8, "time": 112}, {"pitches": [-1], "duration": 40, "time": 120}, {"pitches": [52, 55, 57], "duration": 8, "time": 160}, {"pitches": [-1], "duration": 40, "time": 168}, {"pitches": [52, 55, 57], "duration": 8, "time": 208}, {"pitches": [-1], "duration": 40, "time": 216}, {"pitches": [52, 55, 57], "duration": 8, "time": 256}, {"pitches": [-1], "duration": 40, "time": 264}, {"pitches": [52, 55, 57, 60], "duration": 8, "time": 304}, {"pitches": [-1], "duration": 40, "time": 312}, {"pitches": [52, 55, 57, 60], "duration": 32, "time": 352}, {"pitches": [-1], "duration": 16, "time": 384}, {"pitches": [52, 55, 57, 60], "duration": 8, "time": 400}, {"pitches": [-1], "duration": 16, "time": 408}, {"pitches": [52, 55, 57, 60], "duration": 8, "time": 424}, {"pitches": [-1], "duration": 24, "time": 432}, {"pitches": [52, 55, 57, 62], "duration": 24, "time": 456}, {"pitches": [-1], "duration": 16, "time": 480}, {"pitches": [52, 55, 57, 62], "duration": 8, "time": 496}, {"pitches": [-1], "duration": 16, "time": 504}, {"pitches": [52, 55, 57, 62], "duration": 8, "time": 520}, {"pitches": [-1], "duration": 40, "time": 528}, {"pitches": [52, 55, 57, 62], "duration": 8, "time": 568}, {"pitches": [-1], "duration": 24, "time": 576}, {"pitches": [52, 55, 59, 60], "duration": 24, "time": 600}, {"pitches": [-1], "duration": 64, "time": 624}, {"pitches": [52, 54, 59, 60], "duration": 8, "time": 688}, {"pitches": [-1], "duration": 40, "time": 696}, {"pitches": [52, 54, 59, 60], "duration": 8, "time": 736}, {"pitches": [-1], "duration": 40, "time": 744}, {"pitches": [52, 53, 57, 59], "duration": 8, "time": 784}, {"pitches": [-1], "duration": 40, "time": 792}, {"pitches": [52, 53, 57, 59], "duration": 8, "time": 832}, {"pitches": [-1], "duration": 16, "time": 840}, {"pitches": [52, 57, 60], "duration": 32, "time": 856}, {"pitches": [53, 57, 59], "duration": 16, "time": 888}, {"pitches": [-1], "duration": 48, "time": 904}, {"pitches": [88], "duration": 32, "time": 952}, {"pitches": [88], "duration": 16, "time": 984}, {"pitches": [-1], "duration": 48, "time": 1000}, {"pitches": [91], "duration": 32, "time": 1048}, {"pitches": [93], "duration": 16, "time": 1080}, {"pitches": [-1], "duration": 48, "time": 1096}, {"pitches": [88], "duration": 8, "time": 1144}, {"pitches": [-1], "duration": 24, "time": 1152}, {"pitches": [88], "duration": 24, "time": 1176}, {"pitches": [-1], "duration": 40, "time": 1200}, {"pitches": [84], "duration": 32, "time": 1240}, {"pitches": [-1], "duration": 16, "time": 1272}, {"pitches": [86], "duration": 8, "time": 1288}, {"pitches": [-1], "duration": 40, "time": 1296}, {"pitches": [81], "duration": 8, "time": 1336}, {"pitches": [-1], "duration": 24, "time": 1344}, {"pitches": [81], "duration": 24, "time": 1368}, {"pitches": [-1], "duration": 40, "time": 1392}, {"pitches": [52, 55, 57, 62], "duration": 32, "time": 1432}, {"pitches": [52, 55, 57, 62], "duration": 16, "time": 1464}, {"pitches": [-1], "duration": 48, "time": 1480}, {"pitches": [52, 55, 57, 62], "duration": 8, "time": 1528}, {"pitches": [-1], "duration": 24, "time": 1536}, {"pitches": [52, 55, 59], "duration": 24, "time": 1560}, {"pitches": [-1], "duration": 40, "time": 1584}, {"pitches": [52, 54], "duration": 8, "time": 1624}, {"pitches": [-1], "duration": 16, "time": 1632}, {"pitches": [52, 54], "duration": 8, "time": 1648}, {"pitches": [-1], "duration": 16, "time": 1656}, {"pitches": [52, 54], "duration": 8, "time": 1672}, {"pitches": [-1], "duration": 16, "time": 1680}, {"pitches": [52, 54], "duration": 8, "time": 1696}, {"pitches": [-1], "duration": 16, "time": 1704}, {"pitches": [52, 53, 57, 59], "duration": 8, "time": 1720}, {"pitches": [-1], "duration": 16, "time": 1728}, {"pitches": [52, 53, 57, 59], "duration": 8, "time": 1744}, {"pitches": [-1], "duration": 16, "time": 1752}, {"pitches": [52, 53, 57, 59], "duration": 8, "time": 1768}, {"pitches": [-1], "duration": 16, "time": 1776}, {"pitches": [52, 53, 57, 59], "duration": 8, "time": 1792}, {"pitches": [-1], "duration": 40, "time": 1800}, {"pitches": [52, 55, 57, 62], "duration": 8, "time": 1840}, {"pitches": [-1], "duration": 40, "time": 1848}, {"pitches": [52, 55, 57, 62], "duration": 8, "time": 1888}, {"pitches": [-1], "duration": 40, "time": 1896}, {"pitches": [88], "duration": 8, "time": 1936}, {"pitches": [-1], "duration": 40, "time": 1944}, {"pitches": [88], "duration": 8, "time": 1984}, {"pitches": [-1], "duration": 16, "time": 1992}, {"pitches": [57, 60, 64, 67], "duration": 32, "time": 2008}, {"pitches": [57, 60, 64, 67], "duration": 16, "time": 2040}, {"pitches": [-1], "duration": 48, "time": 2056}, {"pitches": [], "duration": 8, "time": 2104}, {"pitches": [-1], "duration": 16, "time": 2112}, {"pitches": [], "duration": 8, "time": 2128}, {"pitches": [-1], "duration": 16, "time": 2136}, {"pitches": [81], "duration": 8, "time": 2152}, {"pitches": [-1], "duration": 16, "time": 2160}, {"pitches": [81], "duration": 8, "time": 2176}, {"pitches": [-1], "duration": 16, "time": 2184}, {"pitches": [57, 62, 64, 67], "duration": 8, "time": 2200}, {"pitches": [-1], "duration": 16, "time": 2208}, {"pitches": [57, 62, 64, 67], "duration": 8, "time": 2224}, {"pitches": [-1], "duration": 16, "time": 2232}, {"pitches": [57, 62, 64, 67], "duration": 8, "time": 2248}, {"pitches": [-1], "duration": 16, "time": 2256}, {"pitches": [57, 62, 64, 67], "duration": 8, "time": 2272}, {"pitches": [-1], "duration": 16, "time": 2280}, {"pitches": [52, 55, 62], "duration": 32, "time": 2296}, {"pitches": [-1], "duration": 16, "time": 2328}, {"pitches": [52, 55, 59, 60], "duration": 8, "time": 2344}, {"pitches": [-1], "duration": 40, "time": 2352}, {"pitches": [52, 53, 57], "duration": 8, "time": 2392}, {"pitches": [-1], "duration": 24, "time": 2400}, {"pitches": [52, 53, 57, 59], "duration": 24, "time": 2424}, {"pitches": [-1], "duration": 40, "time": 2448}, {"pitches": [88], "duration": 8, "time": 2488}, {"pitches": [-1], "duration": 16, "time": 2496}, {"pitches": [88], "duration": 8, "time": 2512}, {"pitches": [-1], "duration": 16, "time": 2520}, {"pitches": [88], "duration": 8, "time": 2536}], "basses": [{"pitch": 48, "duration": 24}, {"pitch": 48, "duration": 24}, {"pitch": 43, "duration": 24}, {"pitch": 35, "duration": 24}, {"pitch": 24, "duration": 24}, {"pitch": 31, "duration": 24}, {"pitch": 36, "duration": 24}, {"pitch": 43, "duration": 24}, {"pitch": 41, "duration": 24}, {"pitch": 36, "duration": 24}, {"pitch": 29, "duration": 24}, {"pitch": 30, "duration": 24}, {"pitch": 41, "duration": 24}, {"pitch": 48, "duration": 24}, {"pitch": 41, "duration": 24}, {"pitch": 36, "duration": 24}, {"pitch": 24, "duration": 24}, {"pitch": 31, "duration": 24}, {"pitch": 36, "duration": 24}, {"pitch": 47, "duration": 24}, {"pitch": 48, "duration": 24}, {"pitch": 46, "duration": 24}, {"pitch": 45, "duration": 24}, {"pitch": 37, "duration": 24}, {"pitch": 26, "duration": 24}, {"pitch": 26, "duration": 24}, {"pitch": 26, "duration": 24}, {"pitch": 32, "duration": 24}, {"pitch": 43, "duration": 24}, {"pitch": 43, "duration": 24}, {"pitch": 43, "duration": 24}, {"pitch": 51, "duration": 24}, {"pitch": 50, "duration": 24}, {"pitch": 44, "duration": 24}, {"pitch": 43, "duration": 24}, {"pitch": 37, "duration": 24}, {"pitch": 36, "duration": 24}, {"pitch": 24, "duration": 24}, {"pitch": 36, "duration": 24}, {"pitch": 48, "duration": 24}, {"pitch": 48, "duration": 24}, {"pitch": 48, "duration": 24}, {"pitch": 48, "duration": 24}, {"pitch": 48, "duration": 24}, {"pitch": 48, "duration": 24}, {"pitch": 48, "duration": 24}, {"pitch": 48, "duration": 24}, {"pitch": 48, "duration": 24}, {"pitch": 41, "duration": 24}, {"pitch": 30, "duration": 24}, {"pitch": 29, "duration": 24}, {"pitch": 29, "duration": 24}, {"pitch": 41, "duration": 24}, {"pitch": 52, "duration": 24}, {"pitch": 41, "duration": 24}, {"pitch": 36, "duration": 24}, {"pitch": 24, "duration": 24}, {"pitch": 36, "duration": 24}, {"pitch": 43, "duration": 24}, {"pitch": 47, "duration": 24}, {"pitch": 48, "duration": 24}, {"pitch": 44, "duration": 24}, {"pitch": 33, "duration": 24}, {"pitch": 27, "duration": 24}, {"pitch": 26, "duration": 24}, {"pitch": 33, "duration": 24}, {"pitch": 38, "duration": 24}, {"pitch": 45, "duration": 24}, {"pitch": 43, "duration": 24}, {"pitch": 31, "duration": 24}, {"pitch": 26, "duration": 24}, {"pitch": 25, "duration": 24}, {"pitch": 24, "duration": 24}, {"pitch": 36, "duration": 24}, {"pitch": 43, "duration": 24}, {"pitch": 51, "duration": 24}, {"pitch": 52, "duration": 24}, {"pitch": 41, "duration": 24}, {"pitch": 40, "duration": 24}, {"pitch": 30, "duration": 24}, {"pitch": 29, "duration": 24}, {"pitch": 24, "duration": 24}, {"pitch": 29, "duration": 24}, {"pitch": 34, "duration": 24}, {"pitch": 45, "duration": 24}, {"pitch": 44, "duration": 24}, {"pitch": 33, "duration": 24}, {"pitch": 35, "duration": 24}, {"pitch": 36, "duration": 24}, {"pitch": 48, "duration": 24}, {"pitch": 43, "duration": 24}, {"pitch": 35, "duration": 24}, {"pitch": 24, "duration": 24}, {"pitch": 31, "duration": 24}, {"pitch": 33, "duration": 24}, {"pitch": 39, "duration": 24}, {"pitch": 50, "duration": 24}, {"pitch": 44, "duration": 24}, {"pitch": 43, "duration": 24}, {"pitch": 35, "duration": 24}, {"pitch": 24, "duration": 24}, {"pitch": 36, "duration": 24}, {"pitch": 48, "duration": 24}, {"pitch": 48, "duration": 24}]}], "time_signatures": [{"numerator": 4, "denominator": 4, "time": 0}], "chord_symbols": [[48, "major", null], [53, "major", null], [48, "major", null], [48, "major", null], [45, "minor", null], [50, "major", null], [55, "major", null], [50, "minor", null], [55, "major", null], [48, "major", null], [72, "major-third-interval", null], [72, "major-third-interval", null], [72, "major-third-interval", null], [72, "major-third-interval", null], [72, "major-third-interval", null], [48, "major", null], [72, "fifth-interval", null], [72, "fifth-interval", null], [72, "sixth-interval", null], [72, "fifth-interval", null], [72, "major-third-interval", null], [72, "major-third-interval", null], [53, "major", null], [65, "fifth-interval", null], [65, "fifth-interval", null], [65, "sixth-interval", null], [65, "fifth-interval", null], [65, "major-third-interval", null], [65, "major-third-interval", null], [48, "major", null], [48, "major", null], [45, "minor", null], [50, "major", null], [55, "major", null], [48, "major", null], [76, "unison-interval", null], [76, "unison-interval", null], [53, "major", null], [69, "unison-interval", null], [69, "unison-interval", null], [48, "major", null], [48, "major", null], [45, "minor", null], [50, "minor", null], [55, "major", null], [48, "major", null], [72, "major-third-interval", null], [72, "major-third-interval", null], [72, "major-third-interval", null], [72, "major-third-interval", null]], "tempos": [{"qpm": 120, "time": 0}], "beats": [{"time": 0, "is_downbeat": true}, {"time": 24, "is_downbeat": false}, {"time": 48, "is_downbeat": false}, {"time": 72, "is_downbeat": true}, {"time": 96, "is_downbeat": false}, {"time": 120, "is_downbeat": false}, {"time": 144, "is_downbeat": false}, {"time": 168, "is_downbeat": true}, {"time": 192, "is_downbeat": false}, {"time": 216, "is_downbeat": false}, {"time": 240, "is_downbeat": false}, {"time": 264, "is_downbeat": true}, {"time": 288, "is_downbeat": false}, {"time": 312, "is_downbeat": false}, {"time": 336, "is_downbeat": false}, {"time": 360, "is_downbeat": true}, {"time": 384, "is_downbeat": false}, {"time": 408, "is_downbeat": false}, {"time": 432, "is_downbeat": false}, {"time": 456, "is_downbeat": true}, {"time": 480, "is_downbeat": false}, {"time": 504, "is_downbeat": false}, {"time": 528, "is_downbeat": false}, {"time": 552, "is_downbeat": true}, {"time": 576, "is_downbeat": false}, {"time": 600, "is_downbeat": false}, {"time": 624, "is_downbeat": false}, {"time": 648, "is_downbeat": true}, {"time": 672, "is_downbeat": false}, {"time": 696, "is_downbeat": false}, {"time": 720, "is_downbeat": false}, {"time": 744, "is_downbeat": true}, {"time": 768, "is_downbeat": false}, {"time": 792, "is_downbeat": false}, {"time": 816, "is_downbeat": false}, {"time": 840, "is_downbeat": true}, {"time": 864, "is_downbeat": false}, {"time": 888, "is_downbeat": false}, {"time": 912, "is_downbeat": false}, {"time": 936, "is_downbeat": true}, {"time": 960, "is_downbeat": false}, {"time": 984, "is_downbeat": false}, {"time": 1008, "is_downbeat": true}, {"time": 1032, "is_downbeat": true}, {"time": 1056, "is_downbeat": false}, {"time": 1080, "is_downbeat": false}, {"time": 1104, "is_downbeat": false}, {"time": 1128, "is_downbeat": true}, {"time": 1152, "is_downbeat": false}, {"time": 1176, "is_downbeat": false}, {"time": 1200, "is_downbeat": false}, {"time": 1224, "is_downbeat": true}, {"time": 1248, "is_downbeat": false}, {"time": 1272, "is_downbeat": false}, {"time": 1296, "is_downbeat": false}, {"time": 1320, "is_downbeat": true}, {"time": 1344, "is_downbeat": false}, {"time": 1368, "is_downbeat": false}, {"time": 1392, "is_downbeat": false}, {"time": 1416, "is_downbeat": true}, {"time": 1440, "is_downbeat": false}, {"time": 1464, "is_downbeat": false}, {"time": 1488, "is_downbeat": false}, {"time": 1512, "is_downbeat": true}, {"time": 1536, "is_downbeat": false}, {"time": 1560, "is_downbeat": false}, {"time": 1584, "is_downbeat": false}, {"time": 1608, "is_downbeat": true}, {"time": 1632, "is_downbeat": false}, {"time": 1656, "is_downbeat": false}, {"time": 1680, "is_downbeat": false}, {"time": 1704, "is_downbeat": true}, {"time": 1728, "is_downbeat": false}, {"time": 1752, "is_downbeat": false}, {"time": 1776, "is_downbeat": false}, {"time": 1800, "is_downbeat": true}, {"time": 1824, "is_downbeat": false}, {"time": 1848, "is_downbeat": false}, {"time": 1872, "is_downbeat": false}, {"time": 1896, "is_downbeat": true}, {"time": 1920, "is_downbeat": false}, {"time": 1944, "is_downbeat": true}, {"time": 1968, "is_downbeat": false}, {"time": 1992, "is_downbeat": true}, {"time": 2016, "is_downbeat": false}, {"time": 2040, "is_downbeat": false}, {"time": 2064, "is_downbeat": false}, {"time": 2088, "is_downbeat": true}, {"time": 2112, "is_downbeat": false}, {"time": 2136, "is_downbeat": true}, {"time": 2160, "is_downbeat": false}, {"time": 2184, "is_downbeat": true}, {"time": 2208, "is_downbeat": false}, {"time": 2232, "is_downbeat": false}, {"time": 2256, "is_downbeat": false}, {"time": 2280, "is_downbeat": true}, {"time": 2304, "is_downbeat": false}, {"time": 2328, "is_downbeat": false}, {"time": 2352, "is_downbeat": false}, {"time": 2376, "is_downbeat": true}, {"time": 2400, "is_downbeat": false}, {"time": 2424, "is_downbeat": false}, {"time": 2448, "is_downbeat": false}, {"time": 2472, "is_downbeat": true}, {"time": 2496, "is_downbeat": false}, {"time": 2520, "is_downbeat": false}, {"time": 2544, "is_downbeat": false}]}