{"metadata": {"title": "hi-there"}, "tracks": [{"notes": [{"pitch": 69, "duration": 24}, {"pitch": 67, "duration": 24}, {"pitch": 66, "duration": 48}, {"pitch": 62, "duration": 48}, {"pitch": 74, "duration": 48}, {"pitch": 73, "duration": 24}, {"pitch": 74, "duration": 24}, {"pitch": 76, "duration": 24}, {"pitch": 74, "duration": 24}, {"pitch": 73, "duration": 24}, {"pitch": 74, "duration": 24}, {"pitch": 67, "duration": 48}, {"pitch": 73, "duration": 24}, {"pitch": 71, "duration": 24}, {"pitch": 69, "duration": 48}, {"pitch": 66, "duration": 24}, {"pitch": 69, "duration": 24}, {"pitch": 74, "duration": 48}, {"pitch": 78, "duration": 48}, {"pitch": 76, "duration": 48}, {"pitch": 69, "duration": 40}, {"pitch": 71, "duration": 8}, {"pitch": 69, "duration": 24}, {"pitch": 67, "duration": 24}, {"pitch": 66, "duration": 24}, {"pitch": 64, "duration": 24}, {"pitch": 66, "duration": 48}, {"pitch": 62, "duration": 48}, {"pitch": 74, "duration": 48}, {"pitch": 73, "duration": 24}, {"pitch": 74, "duration": 24}, {"pitch": 76, "duration": 24}, {"pitch": 74, "duration": 24}, {"pitch": 71, "duration": 24}, {"pitch": 67, "duration": 24}, {"pitch": 64, "duration": 48}, {"pitch": 73, "duration": 24}, {"pitch": 71, "duration": 24}, {"pitch": 69, "duration": 48}, {"pitch": 64, "duration": 24}, {"pitch": 66, "duration": 24}, {"pitch": 67, "duration": 24}, {"pitch": 69, "duration": 24}, {"pitch": 71, "duration": 24}, {"pitch": 73, "duration": 24}, {"pitch": 74, "duration": 192}, {"pitch": 74, "duration": 24}, {"pitch": 74, "duration": 48}, {"pitch": 71, "duration": 24}, {"pitch": 74, "duration": 48}, {"pitch": 74, "duration": 24}, {"pitch": 71, "duration": 24}, {"pitch": 69, "duration": 40}, {"pitch": 71, "duration": 8}, {"pitch": 69, "duration": 24}, {"pitch": 66, "duration": 24}, {"pitch": 69, "duration": 96}, {"pitch": 71, "duration": 24}, {"pitch": 64, "duration": 48}, {"pitch": 64, "duration": 24}, {"pitch": 76, "duration": 48}, {"pitch": 74, "duration": 48}, {"pitch": 73, "duration": 40}, {"pitch": 74, "duration": 8}, {"pitch": 73, "duration": 24}, {"pitch": 71, "duration": 24}, {"pitch": 69, "duration": 48}, {"pitch": 66, "duration": 24}, {"pitch": 67, "duration": 24}, {"pitch": 69, "duration": 48}, {"pitch": 62, "duration": 48}, {"pitch": 74, "duration": 48}, {"pitch": 78, "duration": 24}, {"pitch": 76, "duration": 24}, {"pitch": 74, "duration": 24}, {"pitch": 71, "duration": 24}, {"pitch": 69, "duration": 24}, {"pitch": 66, "duration": 24}, {"pitch": 64, "duration": 48}, {"pitch": 66, "duration": 24}, {"pitch": 67, "duration": 24}, {"pitch": 69, "duration": 48}, {"pitch": 66, "duration": 24}, {"pitch": 69, "duration": 24}, {"pitch": 71, "duration": 24}, {"pitch": 67, "duration": 24}, {"pitch": 64, "duration": 24}, {"pitch": 61, "duration": 24}, {"pitch": 64, "duration": 96}, {"pitch": 62, "duration": 48}], "voicings": [{"pitches": [52, 54, 57, 59], "duration": 8, "time": 64}, {"pitches": [-1], "duration": 16, "time": 72}, {"pitches": [52, 54, 57, 59], "duration": 8, "time": 88}, {"pitches": [-1], "duration": 16, "time": 96}, {"pitches": [52, 54, 57, 59], "duration": 8, "time": 112}, {"pitches": [-1], "duration": 16, "time": 120}, {"pitches": [52, 54, 57, 59], "duration": 8, "time": 136}, {"pitches": [-1], "duration": 16, "time": 144}, {"pitches": [52, 54, 57, 59], "duration": 8, "time": 160}, {"pitches": [-1], "duration": 16, "time": 168}, {"pitches": [52, 54, 57, 59], "duration": 8, "time": 184}, {"pitches": [-1], "duration": 16, "time": 192}, {"pitches": [52, 54, 57, 59], "duration": 8, "time": 208}, {"pitches": [-1], "duration": 16, "time": 216}, {"pitches": [52, 54, 57, 59], "duration": 8, "time": 232}, {"pitches": [-1], "duration": 16, "time": 240}, {"pitches": [54, 57, 59, 62], "duration": 32, "time": 256}, {"pitches": [-1], "duration": 16, "time": 288}, {"pitches": [54, 57, 59, 62], "duration": 8, "time": 304}, {"pitches": [-1], "duration": 40, "time": 312}, {"pitches": [54, 57, 59, 62], "duration": 32, "time": 352}, {"pitches": [54, 57, 59, 62], "duration": 16, "time": 384}, {"pitches": [-1], "duration": 72, "time": 400}, {"pitches": [52, 54, 57, 59], "duration": 8, "time": 472}, {"pitches": [-1], "duration": 40, "time": 480}, {"pitches": [52, 54, 57, 59], "duration": 8, "time": 520}, {"pitches": [-1], "duration": 40, "time": 528}, {"pitches": [50, 57, 61], "duration": 8, "time": 568}, {"pitches": [-1], "duration": 40, "time": 576}, {"pitches": [50, 57, 61], "duration": 8, "time": 616}, {"pitches": [-1], "duration": 16, "time": 624}, {"pitches": [54, 55, 59, 62], "duration": 8, "time": 640}, {"pitches": [-1], "duration": 16, "time": 648}, {"pitches": [54, 55, 59, 62], "duration": 8, "time": 664}, {"pitches": [-1], "duration": 16, "time": 672}, {"pitches": [54, 55, 59, 62], "duration": 8, "time": 688}, {"pitches": [-1], "duration": 16, "time": 696}, {"pitches": [54, 55, 59, 62], "duration": 8, "time": 712}, {"pitches": [-1], "duration": 16, "time": 720}, {"pitches": [49, 54, 55, 59], "duration": 8, "time": 736}, {"pitches": [-1], "duration": 16, "time": 744}, {"pitches": [49, 54, 55, 59], "duration": 8, "time": 760}, {"pitches": [-1], "duration": 16, "time": 768}, {"pitches": [49, 54, 55, 59], "duration": 8, "time": 784}, {"pitches": [-1], "duration": 16, "time": 792}, {"pitches": [49, 54, 55, 59], "duration": 8, "time": 808}, {"pitches": [-1], "duration": 16, "time": 816}, {"pitches": [52, 54, 57, 59], "duration": 32, "time": 832}, {"pitches": [52, 54, 57, 59], "duration": 16, "time": 864}, {"pitches": [-1], "duration": 72, "time": 880}, {"pitches": [52, 54, 60], "duration": 8, "time": 952}, {"pitches": [-1], "duration": 40, "time": 960}, {"pitches": [52, 54, 60], "duration": 8, "time": 1000}, {"pitches": [-1], "duration": 40, "time": 1008}, {"pitches": [52, 57, 59, 62], "duration": 8, "time": 1048}, {"pitches": [-1], "duration": 40, "time": 1056}, {"pitches": [52, 57, 59, 62], "duration": 8, "time": 1096}, {"pitches": [-1], "duration": 16, "time": 1104}, {"pitches": [54, 55, 59, 62], "duration": 32, "time": 1120}, {"pitches": [-1], "duration": 16, "time": 1152}, {"pitches": [54, 55, 59, 62], "duration": 8, "time": 1168}, {"pitches": [-1], "duration": 40, "time": 1176}, {"pitches": [54, 55, 59, 61], "duration": 8, "time": 1216}, {"pitches": [-1], "duration": 24, "time": 1224}, {"pitches": [54, 55, 59, 61], "duration": 24, "time": 1248}, {"pitches": [-1], "duration": 40, "time": 1272}, {"pitches": [54, 55, 59, 61], "duration": 32, "time": 1312}, {"pitches": [-1], "duration": 16, "time": 1344}, {"pitches": [54, 55, 59, 61], "duration": 8, "time": 1360}, {"pitches": [-1], "duration": 40, "time": 1368}, {"pitches": [52, 54, 59, 60], "duration": 32, "time": 1408}, {"pitches": [-1], "duration": 16, "time": 1440}, {"pitches": [52, 54, 59, 60], "duration": 8, "time": 1456}, {"pitches": [-1], "duration": 40, "time": 1464}, {"pitches": [52, 59, 60], "duration": 32, "time": 1504}, {"pitches": [-1], "duration": 16, "time": 1536}, {"pitches": [52, 59, 60], "duration": 8, "time": 1552}, {"pitches": [-1], "duration": 40, "time": 1560}, {"pitches": [52, 57, 59, 62], "duration": 32, "time": 1600}, {"pitches": [52, 57, 59, 62], "duration": 16, "time": 1632}, {"pitches": [-1], "duration": 48, "time": 1648}, {"pitches": [52, 57, 59, 62], "duration": 32, "time": 1696}, {"pitches": [-1], "duration": 16, "time": 1728}, {"pitches": [52, 57, 59, 62], "duration": 8, "time": 1744}, {"pitches": [-1], "duration": 64, "time": 1752}, {"pitches": [52, 54, 59, 60], "duration": 8, "time": 1816}, {"pitches": [-1], "duration": 40, "time": 1824}, {"pitches": [52, 54, 59, 60], "duration": 32, "time": 1864}, {"pitches": [-1], "duration": 16, "time": 1896}, {"pitches": [52, 54, 59, 60], "duration": 8, "time": 1912}, {"pitches": [-1], "duration": 48, "time": 1920}, {"pitches": [54, 56, 61, 62], "duration": 24, "time": 1968}, {"pitches": [-1], "duration": 16, "time": 1992}, {"pitches": [54, 56, 61, 62], "duration": 8, "time": 2008}, {"pitches": [-1], "duration": 64, "time": 2016}, {"pitches": [54, 56, 61, 62], "duration": 8, "time": 2080}, {"pitches": [-1], "duration": 24, "time": 2088}, {"pitches": [54, 56, 61, 62], "duration": 24, "time": 2112}, {"pitches": [-1], "duration": 40, "time": 2136}, {"pitches": [49, 54, 55, 59], "duration": 32, "time": 2176}, {"pitches": [49, 54, 55, 59], "duration": 16, "time": 2208}, {"pitches": [-1], "duration": 72, "time": 2224}, {"pitches": [49, 54, 55, 59], "duration": 8, "time": 2296}, {"pitches": [-1], "duration": 40, "time": 2304}, {"pitches": [49, 54, 55, 59], "duration": 8, "time": 2344}, {"pitches": [-1], "duration": 40, "time": 2352}, {"pitches": [52, 54, 57, 59], "duration": 8, "time": 2392}, {"pitches": [-1], "duration": 40, "time": 2400}, {"pitches": [52, 54, 57, 59], "duration": 8, "time": 2440}, {"pitches": [-1], "duration": 16, "time": 2448}, {"pitches": [54, 59, 60], "duration": 8, "time": 2464}, {"pitches": [-1], "duration": 24, "time": 2472}, {"pitches": [54, 59, 60], "duration": 24, "time": 2496}, {"pitches": [-1], "duration": 40, "time": 2520}, {"pitches": [52, 57, 59, 62], "duration": 8, "time": 2560}, {"pitches": [-1], "duration": 24, "time": 2568}, {"pitches": [52, 54, 59, 60], "duration": 24, "time": 2592}, {"pitches": [-1], "duration": 40, "time": 2616}, {"pitches": [54, 55, 59, 61], "duration": 8, "time": 2656}, {"pitches": [-1], "duration": 24, "time": 2664}, {"pitches": [54, 55, 59, 61], "duration": 24, "time": 2688}, {"pitches": [-1], "duration": 40, "time": 2712}, {"pitches": [52, 54, 59, 60], "duration": 8, "time": 2752}, {"pitches": [-1], "duration": 24, "time": 2760}, {"pitches": [52, 54, 59, 60], "duration": 24, "time": 2784}, {"pitches": [-1], "duration": 40, "time": 2808}, {"pitches": [54, 55, 59, 61], "duration": 8, "time": 2848}, {"pitches": [-1], "duration": 24, "time": 2856}, {"pitches": [54, 55, 59, 61], "duration": 24, "time": 2880}, {"pitches": [-1], "duration": 40, "time": 2904}, {"pitches": [54, 55, 59, 61], "duration": 32, "time": 2944}, {"pitches": [54, 55, 59, 61], "duration": 16, "time": 2976}, {"pitches": [-1], "duration": 48, "time": 2992}, {"pitches": [52, 54, 59], "duration": 8, "time": 3040}, {"pitches": [-1], "duration": 16, "time": 3048}, {"pitches": [52, 54, 59], "duration": 8, "time": 3064}, {"pitches": [-1], "duration": 16, "time": 3072}, {"pitches": [52, 54, 59], "duration": 8, "time": 3088}], "basses": [{"pitch": 50, "duration": 24}, {"pitch": 50, "duration": 24}, {"pitch": 45, "duration": 24}, {"pitch": 37, "duration": 24}, {"pitch": 26, "duration": 24}, {"pitch": 26, "duration": 24}, {"pitch": 26, "duration": 24}, {"pitch": 33, "duration": 24}, {"pitch": 43, "duration": 24}, {"pitch": 50, "duration": 24}, {"pitch": 43, "duration": 24}, {"pitch": 32, "duration": 24}, {"pitch": 31, "duration": 24}, {"pitch": 31, "duration": 24}, {"pitch": 31, "duration": 24}, {"pitch": 38, "duration": 24}, {"pitch": 50, "duration": 24}, {"pitch": 45, "duration": 24}, {"pitch": 38, "duration": 24}, {"pitch": 33, "duration": 24}, {"pitch": 35, "duration": 24}, {"pitch": 42, "duration": 24}, {"pitch": 47, "duration": 24}, {"pitch": 41, "duration": 24}, {"pitch": 40, "duration": 24}, {"pitch": 35, "duration": 24}, {"pitch": 28, "duration": 24}, {"pitch": 35, "duration": 24}, {"pitch": 45, "duration": 24}, {"pitch": 52, "duration": 24}, {"pitch": 45, "duration": 24}, {"pitch": 40, "duration": 24}, {"pitch": 38, "duration": 24}, {"pitch": 26, "duration": 24}, {"pitch": 33, "duration": 24}, {"pitch": 39, "duration": 24}, {"pitch": 50, "duration": 24}, {"pitch": 45, "duration": 24}, {"pitch": 38, "duration": 24}, {"pitch": 32, "duration": 24}, {"pitch": 31, "duration": 24}, {"pitch": 26, "duration": 24}, {"pitch": 31, "duration": 24}, {"pitch": 41, "duration": 24}, {"pitch": 52, "duration": 24}, {"pitch": 47, "duration": 24}, {"pitch": 40, "duration": 24}, {"pitch": 34, "duration": 24}, {"pitch": 33, "duration": 24}, {"pitch": 28, "duration": 24}, {"pitch": 33, "duration": 24}, {"pitch": 34, "duration": 24}, {"pitch": 45, "duration": 24}, {"pitch": 52, "duration": 24}, {"pitch": 45, "duration": 24}, {"pitch": 40, "duration": 24}, {"pitch": 38, "duration": 24}, {"pitch": 33, "duration": 24}, {"pitch": 26, "duration": 24}, {"pitch": 25, "duration": 24}, {"pitch": 26, "duration": 24}, {"pitch": 38, "duration": 24}, {"pitch": 45, "duration": 24}, {"pitch": 44, "duration": 24}, {"pitch": 43, "duration": 24}, {"pitch": 38, "duration": 24}, {"pitch": 31, "duration": 24}, {"pitch": 32, "duration": 24}, {"pitch": 43, "duration": 24}, {"pitch": 50, "duration": 24}, {"pitch": 43, "duration": 24}, {"pitch": 31, "duration": 24}, {"pitch": 26, "duration": 24}, {"pitch": 26, "duration": 24}, {"pitch": 26, "duration": 24}, {"pitch": 27, "duration": 24}, {"pitch": 38, "duration": 24}, {"pitch": 45, "duration": 24}, {"pitch": 50, "duration": 24}, {"pitch": 50, "duration": 24}, {"pitch": 52, "duration": 24}, {"pitch": 47, "duration": 24}, {"pitch": 40, "duration": 24}, {"pitch": 29, "duration": 24}, {"pitch": 28, "duration": 24}, {"pitch": 35, "duration": 24}, {"pitch": 40, "duration": 24}, {"pitch": 46, "duration": 24}, {"pitch": 45, "duration": 24}, {"pitch": 33, "duration": 24}, {"pitch": 28, "duration": 24}, {"pitch": 32, "duration": 24}, {"pitch": 33, "duration": 24}, {"pitch": 40, "duration": 24}, {"pitch": 45, "duration": 24}, {"pitch": 52, "duration": 24}, {"pitch": 50, "duration": 24}, {"pitch": 45, "duration": 24}, {"pitch": 38, "duration": 24}, {"pitch": 27, "duration": 24}, {"pitch": 26, "duration": 24}, {"pitch": 33, "duration": 24}, {"pitch": 38, "duration": 24}, {"pitch": 45, "duration": 24}, {"pitch": 43, "duration": 24}, {"pitch": 39, "duration": 24}, {"pitch": 38, "duration": 24}, {"pitch": 34, "duration": 24}, {"pitch": 33, "duration": 24}, {"pitch": 33, "duration": 24}, {"pitch": 33, "duration": 24}, {"pitch": 39, "duration": 24}, {"pitch": 50, "duration": 24}, {"pitch": 45, "duration": 24}, {"pitch": 38, "duration": 24}, {"pitch": 32, "duration": 24}, {"pitch": 33, "duration": 24}, {"pitch": 40, "duration": 24}, {"pitch": 45, "duration": 24}, {"pitch": 46, "duration": 24}, {"pitch": 45, "duration": 24}, {"pitch": 33, "duration": 24}, {"pitch": 28, "duration": 24}, {"pitch": 33, "duration": 24}, {"pitch": 38, "duration": 24}, {"pitch": 50, "duration": 24}, {"pitch": 50, "duration": 24}]}], "time_signatures": [{"numerator": 4, "denominator": 4, "time": 0}], "chord_symbols": [[50, "major", null], [55, "major", null], [50, "major", null], [47, "minor", null], [52, "minor", null], [45, "dominant-seventh", null], [50, "major", null], [50, "dominant-seventh", null], [55, "major", null], [52, "minor", null], [45, "dominant-seventh", null], [50, "major", null], [50, "dominant-seventh", null], [55, "major", null], [50, "major", null], [52, "major", null], [52, "dominant-seventh", null], [45, "dominant-seventh", null], [50, "major", null], [50, "dominant-seventh", null], [55, "major", null], [50, "major", null], [45, "dominant-seventh", null], [50, "major", null], [45, "dominant-seventh", null], [50, "major", null]], "tempos": [{"qpm": 120, "time": 0}], "beats": [{"time": 0, "is_downbeat": true}, {"time": 24, "is_downbeat": false}, {"time": 48, "is_downbeat": true}, {"time": 72, "is_downbeat": false}, {"time": 96, "is_downbeat": false}, {"time": 120, "is_downbeat": false}, {"time": 144, "is_downbeat": true}, {"time": 168, "is_downbeat": false}, {"time": 192, "is_downbeat": false}, {"time": 216, "is_downbeat": false}, {"time": 240, "is_downbeat": true}, {"time": 264, "is_downbeat": false}, {"time": 288, "is_downbeat": false}, {"time": 312, "is_downbeat": false}, {"time": 336, "is_downbeat": true}, {"time": 360, "is_downbeat": false}, {"time": 384, "is_downbeat": false}, {"time": 408, "is_downbeat": false}, {"time": 432, "is_downbeat": true}, {"time": 456, "is_downbeat": false}, {"time": 480, "is_downbeat": false}, {"time": 504, "is_downbeat": false}, {"time": 528, "is_downbeat": true}, {"time": 552, "is_downbeat": false}, {"time": 576, "is_downbeat": false}, {"time": 600, "is_downbeat": false}, {"time": 624, "is_downbeat": true}, {"time": 648, "is_downbeat": false}, {"time": 672, "is_downbeat": false}, {"time": 696, "is_downbeat": false}, {"time": 720, "is_downbeat": true}, {"time": 744, "is_downbeat": false}, {"time": 768, "is_downbeat": false}, {"time": 792, "is_downbeat": false}, {"time": 816, "is_downbeat": true}, {"time": 840, "is_downbeat": false}, {"time": 864, "is_downbeat": false}, {"time": 888, "is_downbeat": false}, {"time": 912, "is_downbeat": true}, {"time": 936, "is_downbeat": false}, {"time": 960, "is_downbeat": false}, {"time": 984, "is_downbeat": false}, {"time": 1008, "is_downbeat": true}, {"time": 1032, "is_downbeat": false}, {"time": 1056, "is_downbeat": false}, {"time": 1080, "is_downbeat": false}, {"time": 1104, "is_downbeat": true}, {"time": 1128, "is_downbeat": false}, {"time": 1152, "is_downbeat": false}, {"time": 1176, "is_downbeat": false}, {"time": 1200, "is_downbeat": true}, {"time": 1224, "is_downbeat": false}, {"time": 1248, "is_downbeat": false}, {"time": 1272, "is_downbeat": false}, {"time": 1296, "is_downbeat": true}, {"time": 1320, "is_downbeat": false}, {"time": 1344, "is_downbeat": false}, {"time": 1368, "is_downbeat": false}, {"time": 1392, "is_downbeat": true}, {"time": 1416, "is_downbeat": false}, {"time": 1440, "is_downbeat": false}, {"time": 1464, "is_downbeat": false}, {"time": 1488, "is_downbeat": true}, {"time": 1512, "is_downbeat": false}, {"time": 1536, "is_downbeat": false}, {"time": 1560, "is_downbeat": false}, {"time": 1584, "is_downbeat": true}, {"time": 1608, "is_downbeat": false}, {"time": 1632, "is_downbeat": false}, {"time": 1656, "is_downbeat": false}, {"time": 1680, "is_downbeat": true}, {"time": 1704, "is_downbeat": false}, {"time": 1728, "is_downbeat": false}, {"time": 1752, "is_downbeat": false}, {"time": 1776, "is_downbeat": true}, {"time": 1800, "is_downbeat": false}, {"time": 1824, "is_downbeat": false}, {"time": 1848, "is_downbeat": false}, {"time": 1872, "is_downbeat": true}, {"time": 1896, "is_downbeat": false}, {"time": 1920, "is_downbeat": false}, {"time": 1944, "is_downbeat": false}, {"time": 1968, "is_downbeat": true}, {"time": 1992, "is_downbeat": false}, {"time": 2016, "is_downbeat": false}, {"time": 2040, "is_downbeat": false}, {"time": 2064, "is_downbeat": true}, {"time": 2088, "is_downbeat": false}, {"time": 2112, "is_downbeat": false}, {"time": 2136, "is_downbeat": false}, {"time": 2160, "is_downbeat": true}, {"time": 2184, "is_downbeat": false}, {"time": 2208, "is_downbeat": false}, {"time": 2232, "is_downbeat": false}, {"time": 2256, "is_downbeat": true}, {"time": 2280, "is_downbeat": false}, {"time": 2304, "is_downbeat": false}, {"time": 2328, "is_downbeat": false}, {"time": 2352, "is_downbeat": true}, {"time": 2376, "is_downbeat": false}, {"time": 2400, "is_downbeat": false}, {"time": 2424, "is_downbeat": false}, {"time": 2448, "is_downbeat": true}, {"time": 2472, "is_downbeat": false}, {"time": 2496, "is_downbeat": false}, {"time": 2520, "is_downbeat": false}, {"time": 2544, "is_downbeat": true}, {"time": 2568, "is_downbeat": false}, {"time": 2592, "is_downbeat": false}, {"time": 2616, "is_downbeat": false}, {"time": 2640, "is_downbeat": true}, {"time": 2664, "is_downbeat": false}, {"time": 2688, "is_downbeat": false}, {"time": 2712, "is_downbeat": false}, {"time": 2736, "is_downbeat": true}, {"time": 2760, "is_downbeat": false}, {"time": 2784, "is_downbeat": false}, {"time": 2808, "is_downbeat": false}, {"time": 2832, "is_downbeat": true}, {"time": 2856, "is_downbeat": false}, {"time": 2880, "is_downbeat": false}, {"time": 2904, "is_downbeat": false}, {"time": 2928, "is_downbeat": true}, {"time": 2952, "is_downbeat": false}, {"time": 2976, "is_downbeat": false}, {"time": 3000, "is_downbeat": false}, {"time": 3024, "is_downbeat": true}, {"time": 3048, "is_downbeat": false}, {"time": 3072, "is_downbeat": false}, {"time": 3096, "is_downbeat": false}]}