{"metadata": {"title": "2nd-part-for-b-music"}, "tracks": [{"notes": [{"pitch": 78, "duration": 24}, {"pitch": 74, "duration": 16}, {"pitch": 69, "duration": 8}, {"pitch": 66, "duration": 16}, {"pitch": 69, "duration": 8}, {"pitch": 74, "duration": 16}, {"pitch": 78, "duration": 8}, {"pitch": 76, "duration": 16}, {"pitch": 73, "duration": 8}, {"pitch": 69, "duration": 16}, {"pitch": 67, "duration": 8}, {"pitch": 67, "duration": 16}, {"pitch": 69, "duration": 8}, {"pitch": 73, "duration": 16}, {"pitch": 74, "duration": 8}, {"pitch": 76, "duration": 24}, {"pitch": 73, "duration": 16}, {"pitch": 69, "duration": 8}, {"pitch": 67, "duration": 16}, {"pitch": 69, "duration": 8}, {"pitch": 73, "duration": 16}, {"pitch": 76, "duration": 8}, {"pitch": 74, "duration": 24}, {"pitch": 69, "duration": 16}, {"pitch": 74, "duration": 8}, {"pitch": 73, "duration": 16}, {"pitch": 67, "duration": 8}, {"pitch": 69, "duration": 16}, {"pitch": 74, "duration": 8}, {"pitch": 78, "duration": 24}, {"pitch": 74, "duration": 16}, {"pitch": 69, "duration": 8}, {"pitch": 66, "duration": 16}, {"pitch": 69, "duration": 8}, {"pitch": 74, "duration": 16}, {"pitch": 78, "duration": 8}, {"pitch": 76, "duration": 16}, {"pitch": 73, "duration": 8}, {"pitch": 69, "duration": 16}, {"pitch": 67, "duration": 8}, {"pitch": 67, "duration": 16}, {"pitch": 69, "duration": 8}, {"pitch": 73, "duration": 16}, {"pitch": 74, "duration": 8}, {"pitch": 76, "duration": 24}, {"pitch": 73, "duration": 16}, {"pitch": 69, "duration": 8}, {"pitch": 67, "duration": 16}, {"pitch": 69, "duration": 8}, {"pitch": 73, "duration": 16}, {"pitch": 76, "duration": 8}, {"pitch": 74, "duration": 16}, {"pitch": 69, "duration": 8}, {"pitch": 73, "duration": 16}, {"pitch": 69, "duration": 8}, {"pitch": 69, "duration": 48}], "voicings": [{"pitches": [59, 64, 66, 69], "duration": 32, "time": 16}, {"pitches": [-1], "duration": 16, "time": 48}, {"pitches": [59, 64, 66, 69], "duration": 8, "time": 64}, {"pitches": [-1], "duration": 40, "time": 72}, {"pitches": [55, 59, 61], "duration": 32, "time": 112}, {"pitches": [55, 59, 61], "duration": 16, "time": 144}, {"pitches": [-1], "duration": 48, "time": 160}, {"pitches": [54, 55, 59], "duration": 32, "time": 208}, {"pitches": [49, 54, 59], "duration": 16, "time": 240}, {"pitches": [-1], "duration": 72, "time": 256}, {"pitches": [52, 54, 57, 59], "duration": 8, "time": 328}, {"pitches": [-1], "duration": 40, "time": 336}, {"pitches": [52, 54, 57, 59], "duration": 32, "time": 376}, {"pitches": [-1], "duration": 16, "time": 408}, {"pitches": [52, 54, 57, 59], "duration": 8, "time": 424}, {"pitches": [-1], "duration": 16, "time": 432}, {"pitches": [52, 54, 57, 59], "duration": 8, "time": 448}, {"pitches": [-1], "duration": 40, "time": 456}, {"pitches": [49, 54, 55, 59], "duration": 32, "time": 496}, {"pitches": [-1], "duration": 16, "time": 528}, {"pitches": [49, 54, 55, 59], "duration": 8, "time": 544}, {"pitches": [-1], "duration": 40, "time": 552}, {"pitches": [54, 55, 59, 61], "duration": 8, "time": 592}, {"pitches": [-1], "duration": 16, "time": 600}, {"pitches": [54, 55, 59, 61], "duration": 8, "time": 616}, {"pitches": [-1], "duration": 16, "time": 624}, {"pitches": [54, 59], "duration": 8, "time": 640}, {"pitches": [-1], "duration": 16, "time": 648}, {"pitches": [55, 59, 61], "duration": 32, "time": 664}, {"pitches": [-1], "duration": 16, "time": 696}, {"pitches": [55, 59, 61], "duration": 8, "time": 712}], "basses": [{"pitch": 50, "duration": 24}, {"pitch": 50, "duration": 24}, {"pitch": 45, "duration": 24}, {"pitch": 34, "duration": 24}, {"pitch": 33, "duration": 24}, {"pitch": 33, "duration": 24}, {"pitch": 33, "duration": 24}, {"pitch": 34, "duration": 24}, {"pitch": 45, "duration": 24}, {"pitch": 52, "duration": 24}, {"pitch": 45, "duration": 24}, {"pitch": 37, "duration": 24}, {"pitch": 26, "duration": 24}, {"pitch": 34, "duration": 24}, {"pitch": 45, "duration": 24}, {"pitch": 49, "duration": 24}, {"pitch": 50, "duration": 24}, {"pitch": 45, "duration": 24}, {"pitch": 38, "duration": 24}, {"pitch": 32, "duration": 24}, {"pitch": 33, "duration": 24}, {"pitch": 40, "duration": 24}, {"pitch": 45, "duration": 24}, {"pitch": 44, "duration": 24}, {"pitch": 33, "duration": 24}, {"pitch": 32, "duration": 24}, {"pitch": 33, "duration": 24}, {"pitch": 34, "duration": 24}, {"pitch": 45, "duration": 24}, {"pitch": 51, "duration": 24}, {"pitch": 50, "duration": 24}, {"pitch": 38, "duration": 24}, {"pitch": 26, "duration": 24}]}], "time_signatures": [{"numerator": 4, "denominator": 4, "time": 0}], "chord_symbols": [[50, "major", null], [45, "major", null], [45, "major", null], [45, "dominant-seventh", null], [50, "major", null], [45, "dominant-seventh", null], [50, "major", null], [45, "major", null], [45, "major", null], [45, "dominant-seventh", null], [45, "dominant-seventh", null], [50, "major", null]], "tempos": [{"qpm": 120, "time": 0}], "beats": [{"time": 0, "is_downbeat": true}, {"time": 24, "is_downbeat": false}, {"time": 48, "is_downbeat": false}, {"time": 72, "is_downbeat": false}, {"time": 96, "is_downbeat": true}, {"time": 120, "is_downbeat": false}, {"time": 144, "is_downbeat": false}, {"time": 168, "is_downbeat": false}, {"time": 192, "is_downbeat": true}, {"time": 216, "is_downbeat": false}, {"time": 240, "is_downbeat": false}, {"time": 264, "is_downbeat": false}, {"time": 288, "is_downbeat": true}, {"time": 312, "is_downbeat": false}, {"time": 336, "is_downbeat": false}, {"time": 360, "is_downbeat": false}, {"time": 384, "is_downbeat": true}, {"time": 408, "is_downbeat": false}, {"time": 432, "is_downbeat": false}, {"time": 456, "is_downbeat": false}, {"time": 480, "is_downbeat": true}, {"time": 504, "is_downbeat": false}, {"time": 528, "is_downbeat": false}, {"time": 552, "is_downbeat": false}, {"time": 576, "is_downbeat": true}, {"time": 600, "is_downbeat": false}, {"time": 624, "is_downbeat": false}, {"time": 648, "is_downbeat": false}, {"time": 672, "is_downbeat": true}, {"time": 696, "is_downbeat": false}, {"time": 720, "is_downbeat": false}, {"time": 744, "is_downbeat": false}]}