{"metadata": {"title": "john-and-tony"}, "tracks": [{"notes": [{"pitch": 57, "duration": 24}, {"pitch": 62, "duration": 24}, {"pitch": 62, "duration": 24}, {"pitch": 64, "duration": 16}, {"pitch": 62, "duration": 8}, {"pitch": 64, "duration": 24}, {"pitch": 66, "duration": 16}, {"pitch": 64, "duration": 8}, {"pitch": 62, "duration": 16}, {"pitch": 59, "duration": 8}, {"pitch": 57, "duration": 24}, {"pitch": 62, "duration": 16}, {"pitch": 64, "duration": 8}, {"pitch": 66, "duration": 24}, {"pitch": 66, "duration": 24}, {"pitch": 67, "duration": 16}, {"pitch": 66, "duration": 8}, {"pitch": 67, "duration": 24}, {"pitch": 69, "duration": 72}, {"pitch": 66, "duration": 16}, {"pitch": 69, "duration": 8}, {"pitch": 71, "duration": 24}, {"pitch": 71, "duration": 16}, {"pitch": 74, "duration": 8}, {"pitch": 69, "duration": 24}, {"pitch": 74, "duration": 24}, {"pitch": 67, "duration": 16}, {"pitch": 66, "duration": 8}, {"pitch": 64, "duration": 16}, {"pitch": 67, "duration": 8}, {"pitch": 66, "duration": 24}, {"pitch": 67, "duration": 16}, {"pitch": 69, "duration": 8}, {"pitch": 71, "duration": 24}, {"pitch": 69, "duration": 24}, {"pitch": 67, "duration": 16}, {"pitch": 66, "duration": 8}, {"pitch": 64, "duration": 16}, {"pitch": 62, "duration": 8}, {"pitch": 64, "duration": 16}, {"pitch": 66, "duration": 8}, {"pitch": 64, "duration": 16}, {"pitch": 61, "duration": 8}, {"pitch": 57, "duration": 24}, {"pitch": 66, "duration": 16}, {"pitch": 64, "duration": 8}, {"pitch": 62, "duration": 24}, {"pitch": 62, "duration": 24}, {"pitch": 64, "duration": 16}, {"pitch": 62, "duration": 8}, {"pitch": 64, "duration": 24}, {"pitch": 66, "duration": 16}, {"pitch": 64, "duration": 8}, {"pitch": 62, "duration": 16}, {"pitch": 59, "duration": 8}, {"pitch": 57, "duration": 24}, {"pitch": 62, "duration": 16}, {"pitch": 64, "duration": 8}, {"pitch": 66, "duration": 16}, {"pitch": 67, "duration": 8}, {"pitch": 69, "duration": 16}, {"pitch": 71, "duration": 8}, {"pitch": 73, "duration": 16}, {"pitch": 74, "duration": 8}, {"pitch": 76, "duration": 24}, {"pitch": 78, "duration": 72}, {"pitch": 74, "duration": 16}, {"pitch": 76, "duration": 8}, {"pitch": 78, "duration": 16}, {"pitch": 76, "duration": 8}, {"pitch": 74, "duration": 16}, {"pitch": 78, "duration": 8}, {"pitch": 76, "duration": 24}, {"pitch": 78, "duration": 16}, {"pitch": 76, "duration": 8}, {"pitch": 74, "duration": 24}, {"pitch": 71, "duration": 24}, {"pitch": 69, "duration": 24}, {"pitch": 66, "duration": 16}, {"pitch": 69, "duration": 8}, {"pitch": 71, "duration": 16}, {"pitch": 74, "duration": 8}, {"pitch": 76, "duration": 16}, {"pitch": 74, "duration": 8}, {"pitch": 73, "duration": 16}, {"pitch": 71, "duration": 8}, {"pitch": 73, "duration": 24}, {"pitch": 74, "duration": 72}, {"pitch": 74, "duration": 16}, {"pitch": 76, "duration": 8}, {"pitch": 78, "duration": 16}, {"pitch": 76, "duration": 8}, {"pitch": 74, "duration": 16}, {"pitch": 78, "duration": 8}, {"pitch": 76, "duration": 24}, {"pitch": 74, "duration": 16}, {"pitch": 76, "duration": 8}, {"pitch": 78, "duration": 16}, {"pitch": 76, "duration": 8}, {"pitch": 74, "duration": 16}, {"pitch": 78, "duration": 8}, {"pitch": 76, "duration": 24}, {"pitch": 74, "duration": 16}, {"pitch": 76, "duration": 8}, {"pitch": 78, "duration": 16}, {"pitch": 79, "duration": 8}, {"pitch": 78, "duration": 16}, {"pitch": 76, "duration": 8}, {"pitch": 74, "duration": 24}, {"pitch": 71, "duration": 24}, {"pitch": 69, "duration": 72}, {"pitch": 66, "duration": 16}, {"pitch": 69, "duration": 8}, {"pitch": 71, "duration": 16}, {"pitch": 73, "duration": 8}, {"pitch": 74, "duration": 16}, {"pitch": 71, "duration": 8}, {"pitch": 69, "duration": 24}, {"pitch": 66, "duration": 16}, {"pitch": 69, "duration": 8}, {"pitch": 71, "duration": 16}, {"pitch": 73, "duration": 8}, {"pitch": 74, "duration": 16}, {"pitch": 71, "duration": 8}, {"pitch": 69, "duration": 24}, {"pitch": 66, "duration": 16}, {"pitch": 69, "duration": 8}, {"pitch": 71, "duration": 16}, {"pitch": 73, "duration": 8}, {"pitch": 74, "duration": 16}, {"pitch": 71, "duration": 8}, {"pitch": 73, "duration": 16}, {"pitch": 74, "duration": 8}, {"pitch": 76, "duration": 16}, {"pitch": 73, "duration": 8}, {"pitch": 74, "duration": 72}], "voicings": [{"pitches": [52, 54, 57, 59], "duration": 8, "time": 40}, {"pitches": [-1], "duration": 16, "time": 48}, {"pitches": [52, 54, 57, 59], "duration": 8, "time": 64}, {"pitches": [-1], "duration": 16, "time": 72}, {"pitches": [49, 54, 55, 59], "duration": 8, "time": 88}, {"pitches": [-1], "duration": 16, "time": 96}, {"pitches": [49, 54, 55, 59], "duration": 8, "time": 112}, {"pitches": [-1], "duration": 16, "time": 120}, {"pitches": [52, 54, 57, 59], "duration": 8, "time": 136}, {"pitches": [-1], "duration": 16, "time": 144}, {"pitches": [52, 54, 57, 59], "duration": 8, "time": 160}, {"pitches": [-1], "duration": 16, "time": 168}, {"pitches": [49, 54, 55, 59], "duration": 8, "time": 184}, {"pitches": [-1], "duration": 16, "time": 192}, {"pitches": [49, 54, 55, 59], "duration": 8, "time": 208}, {"pitches": [-1], "duration": 16, "time": 216}, {"pitches": [52, 54, 57], "duration": 32, "time": 232}, {"pitches": [49, 54, 55, 59], "duration": 16, "time": 264}, {"pitches": [-1], "duration": 48, "time": 280}, {"pitches": [52, 54, 57, 59], "duration": 32, "time": 328}, {"pitches": [-1], "duration": 16, "time": 360}, {"pitches": [52, 54, 57, 59], "duration": 8, "time": 376}, {"pitches": [-1], "duration": 40, "time": 384}, {"pitches": [54, 57, 59, 62], "duration": 32, "time": 424}, {"pitches": [-1], "duration": 16, "time": 456}, {"pitches": [52, 54, 57, 59], "duration": 8, "time": 472}, {"pitches": [-1], "duration": 64, "time": 480}, {"pitches": [49, 54, 55, 59], "duration": 8, "time": 544}, {"pitches": [-1], "duration": 40, "time": 552}, {"pitches": [52, 54, 59], "duration": 8, "time": 592}, {"pitches": [-1], "duration": 40, "time": 600}, {"pitches": [54, 57, 59, 62], "duration": 8, "time": 640}, {"pitches": [-1], "duration": 40, "time": 648}, {"pitches": [54, 55, 59, 62], "duration": 8, "time": 688}, {"pitches": [-1], "duration": 16, "time": 696}, {"pitches": [49, 54, 55, 59], "duration": 32, "time": 712}, {"pitches": [-1], "duration": 16, "time": 744}, {"pitches": [49, 54, 55, 59], "duration": 8, "time": 760}, {"pitches": [-1], "duration": 64, "time": 768}, {"pitches": [52, 57, 59], "duration": 8, "time": 832}, {"pitches": [-1], "duration": 40, "time": 840}, {"pitches": [49, 54, 55, 59], "duration": 8, "time": 880}, {"pitches": [-1], "duration": 40, "time": 888}, {"pitches": [52, 54, 57, 59], "duration": 8, "time": 928}, {"pitches": [-1], "duration": 40, "time": 936}, {"pitches": [49, 54, 55, 59], "duration": 8, "time": 976}, {"pitches": [-1], "duration": 16, "time": 984}, {"pitches": [54, 57, 59], "duration": 8, "time": 1000}, {"pitches": [-1], "duration": 24, "time": 1008}, {"pitches": [49, 54, 55, 59], "duration": 24, "time": 1032}, {"pitches": [-1], "duration": 40, "time": 1056}, {"pitches": [52, 54, 57, 59], "duration": 32, "time": 1096}, {"pitches": [52, 54, 57, 59], "duration": 16, "time": 1128}, {"pitches": [-1], "duration": 48, "time": 1144}, {"pitches": [54, 57, 59], "duration": 32, "time": 1192}, {"pitches": [54, 55, 61], "duration": 16, "time": 1224}, {"pitches": [-1], "duration": 48, "time": 1240}, {"pitches": [54, 57, 59, 62], "duration": 32, "time": 1288}, {"pitches": [52, 54, 57, 59], "duration": 16, "time": 1320}, {"pitches": [-1], "duration": 48, "time": 1336}, {"pitches": [54, 55, 59, 62], "duration": 8, "time": 1384}, {"pitches": [-1], "duration": 24, "time": 1392}, {"pitches": [59, 61], "duration": 24, "time": 1416}, {"pitches": [-1], "duration": 40, "time": 1440}, {"pitches": [52, 54, 57, 59], "duration": 8, "time": 1480}, {"pitches": [-1], "duration": 24, "time": 1488}, {"pitches": [52, 54, 57, 59], "duration": 24, "time": 1512}, {"pitches": [-1], "duration": 64, "time": 1536}, {"pitches": [52, 54, 57, 59], "duration": 8, "time": 1600}, {"pitches": [-1], "duration": 40, "time": 1608}, {"pitches": [49, 55, 59], "duration": 8, "time": 1648}, {"pitches": [-1], "duration": 40, "time": 1656}, {"pitches": [54, 57, 62], "duration": 8, "time": 1696}, {"pitches": [-1], "duration": 40, "time": 1704}, {"pitches": [49, 54, 55, 59], "duration": 8, "time": 1744}, {"pitches": [-1], "duration": 16, "time": 1752}, {"pitches": [52, 57, 59], "duration": 8, "time": 1768}, {"pitches": [-1], "duration": 24, "time": 1776}, {"pitches": [54, 57, 59], "duration": 24, "time": 1800}, {"pitches": [-1], "duration": 40, "time": 1824}, {"pitches": [52, 54, 57, 59], "duration": 32, "time": 1864}, {"pitches": [52, 54, 57, 59], "duration": 16, "time": 1896}, {"pitches": [-1], "duration": 48, "time": 1912}, {"pitches": [54, 57, 59, 62], "duration": 8, "time": 1960}, {"pitches": [-1], "duration": 24, "time": 1968}, {"pitches": [54, 57, 59], "duration": 24, "time": 1992}, {"pitches": [-1], "duration": 40, "time": 2016}, {"pitches": [54, 59], "duration": 8, "time": 2056}, {"pitches": [-1], "duration": 24, "time": 2064}, {"pitches": [52, 54, 57, 59], "duration": 24, "time": 2088}, {"pitches": [-1], "duration": 64, "time": 2112}, {"pitches": [54, 55, 59, 62], "duration": 8, "time": 2176}, {"pitches": [-1], "duration": 40, "time": 2184}, {"pitches": [54, 59, 61], "duration": 8, "time": 2224}, {"pitches": [-1], "duration": 40, "time": 2232}, {"pitches": [54, 57, 59], "duration": 8, "time": 2272}, {"pitches": [-1], "duration": 40, "time": 2280}, {"pitches": [54, 57, 59], "duration": 8, "time": 2320}], "basses": [{"pitch": 50, "duration": 24}, {"pitch": 50, "duration": 24}, {"pitch": 45, "duration": 24}, {"pitch": 39, "duration": 24}, {"pitch": 38, "duration": 24}, {"pitch": 32, "duration": 24}, {"pitch": 33, "duration": 24}, {"pitch": 37, "duration": 24}, {"pitch": 38, "duration": 24}, {"pitch": 44, "duration": 24}, {"pitch": 45, "duration": 24}, {"pitch": 51, "duration": 24}, {"pitch": 50, "duration": 24}, {"pitch": 45, "duration": 24}, {"pitch": 38, "duration": 24}, {"pitch": 30, "duration": 24}, {"pitch": 31, "duration": 24}, {"pitch": 38, "duration": 24}, {"pitch": 50, "duration": 24}, {"pitch": 45, "duration": 24}, {"pitch": 33, "duration": 24}, {"pitch": 27, "duration": 24}, {"pitch": 26, "duration": 24}, {"pitch": 32, "duration": 24}, {"pitch": 43, "duration": 24}, {"pitch": 41, "duration": 24}, {"pitch": 40, "duration": 24}, {"pitch": 34, "duration": 24}, {"pitch": 33, "duration": 24}, {"pitch": 28, "duration": 24}, {"pitch": 33, "duration": 24}, {"pitch": 39, "duration": 24}, {"pitch": 50, "duration": 24}, {"pitch": 44, "duration": 24}, {"pitch": 33, "duration": 24}, {"pitch": 25, "duration": 24}, {"pitch": 26, "duration": 24}, {"pitch": 32, "duration": 24}, {"pitch": 33, "duration": 24}, {"pitch": 40, "duration": 24}, {"pitch": 50, "duration": 24}, {"pitch": 46, "duration": 24}, {"pitch": 45, "duration": 24}, {"pitch": 39, "duration": 24}, {"pitch": 38, "duration": 24}, {"pitch": 33, "duration": 24}, {"pitch": 26, "duration": 24}, {"pitch": 33, "duration": 24}, {"pitch": 38, "duration": 24}, {"pitch": 45, "duration": 24}, {"pitch": 45, "duration": 24}, {"pitch": 45, "duration": 24}, {"pitch": 43, "duration": 24}, {"pitch": 39, "duration": 24}, {"pitch": 38, "duration": 24}, {"pitch": 29, "duration": 24}, {"pitch": 28, "duration": 24}, {"pitch": 34, "duration": 24}, {"pitch": 45, "duration": 24}, {"pitch": 52, "duration": 24}, {"pitch": 50, "duration": 24}, {"pitch": 38, "duration": 24}, {"pitch": 33, "duration": 24}, {"pitch": 25, "duration": 24}, {"pitch": 26, "duration": 24}, {"pitch": 33, "duration": 24}, {"pitch": 45, "duration": 24}, {"pitch": 46, "duration": 24}, {"pitch": 47, "duration": 24}, {"pitch": 44, "duration": 24}, {"pitch": 33, "duration": 24}, {"pitch": 27, "duration": 24}, {"pitch": 26, "duration": 24}, {"pitch": 30, "duration": 24}, {"pitch": 31, "duration": 24}, {"pitch": 37, "duration": 24}, {"pitch": 38, "duration": 24}, {"pitch": 45, "duration": 24}, {"pitch": 50, "duration": 24}, {"pitch": 44, "duration": 24}, {"pitch": 43, "duration": 24}, {"pitch": 37, "duration": 24}, {"pitch": 26, "duration": 24}, {"pitch": 33, "duration": 24}, {"pitch": 43, "duration": 24}, {"pitch": 50, "duration": 24}, {"pitch": 50, "duration": 24}, {"pitch": 50, "duration": 24}, {"pitch": 52, "duration": 24}, {"pitch": 46, "duration": 24}, {"pitch": 45, "duration": 24}, {"pitch": 39, "duration": 24}, {"pitch": 38, "duration": 24}, {"pitch": 26, "duration": 24}, {"pitch": 26, "duration": 24}, {"pitch": 50, "duration": 24}]}], "time_signatures": [{"numerator": 4, "denominator": 4, "time": 0}], "chord_symbols": [[50, "major", null], [45, "dominant-seventh", null], [50, "major", null], [45, "dominant-seventh", null], [50, "major", null], [45, "dominant-seventh", null], [50, "major", null], [55, "major", null], [50, "major", null], [45, "dominant-seventh", null], [50, "major", null], [55, "major", null], [52, "minor", null], [45, "dominant-seventh", null], [50, "major", null], [45, "dominant-seventh", null], [50, "major", null], [45, "dominant-seventh", null], [50, "major", null], [45, "dominant-seventh", null], [50, "major", null], [50, "major", null], [45, "major", null], [55, "major", null], [50, "major", null], [52, "minor", null], [45, "dominant-seventh", null], [50, "major", null], [50, "major", null], [45, "major", null], [47, "minor", null], [45, "major", null], [50, "major", null], [55, "major", null], [50, "major", null], [55, "major", null], [50, "major", null], [55, "major", null], [50, "major", null], [52, "minor", null], [45, "dominant-seventh", null], [50, "major", null]], "tempos": [{"qpm": 120, "time": 0}], "beats": [{"time": 0, "is_downbeat": true}, {"time": 24, "is_downbeat": true}, {"time": 48, "is_downbeat": false}, {"time": 72, "is_downbeat": false}, {"time": 96, "is_downbeat": false}, {"time": 120, "is_downbeat": true}, {"time": 144, "is_downbeat": false}, {"time": 168, "is_downbeat": false}, {"time": 192, "is_downbeat": false}, {"time": 216, "is_downbeat": true}, {"time": 240, "is_downbeat": false}, {"time": 264, "is_downbeat": false}, {"time": 288, "is_downbeat": false}, {"time": 312, "is_downbeat": true}, {"time": 336, "is_downbeat": false}, {"time": 360, "is_downbeat": false}, {"time": 384, "is_downbeat": false}, {"time": 408, "is_downbeat": true}, {"time": 432, "is_downbeat": false}, {"time": 456, "is_downbeat": false}, {"time": 480, "is_downbeat": false}, {"time": 504, "is_downbeat": true}, {"time": 528, "is_downbeat": false}, {"time": 552, "is_downbeat": false}, {"time": 576, "is_downbeat": false}, {"time": 600, "is_downbeat": true}, {"time": 624, "is_downbeat": false}, {"time": 648, "is_downbeat": false}, {"time": 672, "is_downbeat": false}, {"time": 696, "is_downbeat": true}, {"time": 720, "is_downbeat": false}, {"time": 744, "is_downbeat": false}, {"time": 768, "is_downbeat": false}, {"time": 792, "is_downbeat": true}, {"time": 816, "is_downbeat": false}, {"time": 840, "is_downbeat": false}, {"time": 864, "is_downbeat": false}, {"time": 888, "is_downbeat": true}, {"time": 912, "is_downbeat": false}, {"time": 936, "is_downbeat": false}, {"time": 960, "is_downbeat": false}, {"time": 984, "is_downbeat": true}, {"time": 1008, "is_downbeat": false}, {"time": 1032, "is_downbeat": false}, {"time": 1056, "is_downbeat": false}, {"time": 1080, "is_downbeat": true}, {"time": 1104, "is_downbeat": false}, {"time": 1128, "is_downbeat": false}, {"time": 1152, "is_downbeat": false}, {"time": 1176, "is_downbeat": true}, {"time": 1200, "is_downbeat": false}, {"time": 1224, "is_downbeat": false}, {"time": 1248, "is_downbeat": false}, {"time": 1272, "is_downbeat": true}, {"time": 1296, "is_downbeat": false}, {"time": 1320, "is_downbeat": false}, {"time": 1344, "is_downbeat": false}, {"time": 1368, "is_downbeat": true}, {"time": 1392, "is_downbeat": false}, {"time": 1416, "is_downbeat": false}, {"time": 1440, "is_downbeat": false}, {"time": 1464, "is_downbeat": true}, {"time": 1488, "is_downbeat": false}, {"time": 1512, "is_downbeat": false}, {"time": 1536, "is_downbeat": true}, {"time": 1560, "is_downbeat": true}, {"time": 1584, "is_downbeat": false}, {"time": 1608, "is_downbeat": false}, {"time": 1632, "is_downbeat": false}, {"time": 1656, "is_downbeat": true}, {"time": 1680, "is_downbeat": false}, {"time": 1704, "is_downbeat": false}, {"time": 1728, "is_downbeat": false}, {"time": 1752, "is_downbeat": true}, {"time": 1776, "is_downbeat": false}, {"time": 1800, "is_downbeat": false}, {"time": 1824, "is_downbeat": false}, {"time": 1848, "is_downbeat": true}, {"time": 1872, "is_downbeat": false}, {"time": 1896, "is_downbeat": false}, {"time": 1920, "is_downbeat": false}, {"time": 1944, "is_downbeat": true}, {"time": 1968, "is_downbeat": false}, {"time": 1992, "is_downbeat": false}, {"time": 2016, "is_downbeat": false}, {"time": 2040, "is_downbeat": true}, {"time": 2064, "is_downbeat": false}, {"time": 2088, "is_downbeat": false}, {"time": 2112, "is_downbeat": false}, {"time": 2136, "is_downbeat": true}, {"time": 2160, "is_downbeat": false}, {"time": 2184, "is_downbeat": false}, {"time": 2208, "is_downbeat": false}, {"time": 2232, "is_downbeat": true}, {"time": 2256, "is_downbeat": false}, {"time": 2280, "is_downbeat": false}, {"time": 2304, "is_downbeat": false}]}