{"metadata": {"title": "lambeth-walk"}, "tracks": [{"notes": [{"pitch": 74, "duration": 24}, {"pitch": 74, "duration": 24}, {"pitch": 76, "duration": 24}, {"pitch": 74, "duration": 24}, {"pitch": 71, "duration": 16}, {"pitch": 67, "duration": 24}, {"pitch": 62, "duration": 56}, {"pitch": 74, "duration": 24}, {"pitch": 74, "duration": 24}, {"pitch": 76, "duration": 24}, {"pitch": 74, "duration": 24}, {"pitch": 72, "duration": 16}, {"pitch": 69, "duration": 24}, {"pitch": 64, "duration": 56}, {"pitch": 64, "duration": 40}, {"pitch": 69, "duration": 32}, {"pitch": 72, "duration": 24}, {"pitch": 76, "duration": 96}, {"pitch": 78, "duration": 16}, {"pitch": 76, "duration": 24}, {"pitch": 74, "duration": 8}, {"pitch": 72, "duration": 24}, {"pitch": 69, "duration": 24}, {"pitch": 67, "duration": 48}, {"pitch": 74, "duration": 48}, {"pitch": 67, "duration": 96}, {"pitch": 67, "duration": 16}, {"pitch": 69, "duration": 24}, {"pitch": 67, "duration": 8}, {"pitch": 69, "duration": 24}, {"pitch": 69, "duration": 24}, {"pitch": 69, "duration": 24}, {"pitch": 71, "duration": 72}, {"pitch": 71, "duration": 16}, {"pitch": 73, "duration": 24}, {"pitch": 71, "duration": 8}, {"pitch": 72, "duration": 24}, {"pitch": 72, "duration": 24}, {"pitch": 73, "duration": 24}, {"pitch": 74, "duration": 72}, {"pitch": 73, "duration": 16}, {"pitch": 74, "duration": 24}, {"pitch": 72, "duration": 8}, {"pitch": 74, "duration": 24}, {"pitch": 74, "duration": 24}, {"pitch": 78, "duration": 24}, {"pitch": 74, "duration": 72}, {"pitch": 76, "duration": 24}, {"pitch": 69, "duration": 72}, {"pitch": 69, "duration": 24}, {"pitch": 74, "duration": 72}], "voicings": [{"pitches": [57, 59, 62, 64], "duration": 8, "time": 16}, {"pitches": [-1], "duration": 24, "time": 24}, {"pitches": [55, 59, 62], "duration": 24, "time": 48}, {"pitches": [-1], "duration": 40, "time": 72}, {"pitches": [52, 57, 59, 62], "duration": 8, "time": 112}, {"pitches": [-1], "duration": 16, "time": 120}, {"pitches": [52, 57, 59, 62], "duration": 8, "time": 136}, {"pitches": [-1], "duration": 16, "time": 144}, {"pitches": [52, 57, 59, 62], "duration": 8, "time": 160}, {"pitches": [-1], "duration": 16, "time": 168}, {"pitches": [52, 57, 59, 62], "duration": 8, "time": 184}, {"pitches": [-1], "duration": 16, "time": 192}, {"pitches": [52, 57, 59], "duration": 8, "time": 208}, {"pitches": [-1], "duration": 16, "time": 216}, {"pitches": [52, 57, 59], "duration": 8, "time": 232}, {"pitches": [-1], "duration": 16, "time": 240}, {"pitches": [55, 56, 60, 62], "duration": 8, "time": 256}, {"pitches": [-1], "duration": 16, "time": 264}, {"pitches": [55, 56, 60, 62], "duration": 8, "time": 280}, {"pitches": [-1], "duration": 16, "time": 288}, {"pitches": [55, 60, 62], "duration": 32, "time": 304}, {"pitches": [-1], "duration": 16, "time": 336}, {"pitches": [55, 60, 62], "duration": 8, "time": 352}, {"pitches": [-1], "duration": 40, "time": 360}, {"pitches": [52, 54, 59, 60], "duration": 32, "time": 400}, {"pitches": [52, 54, 59, 60], "duration": 16, "time": 432}, {"pitches": [-1], "duration": 48, "time": 448}, {"pitches": [52, 54, 59, 60], "duration": 32, "time": 496}, {"pitches": [-1], "duration": 16, "time": 528}, {"pitches": [52, 54, 59, 60], "duration": 8, "time": 544}, {"pitches": [-1], "duration": 40, "time": 552}, {"pitches": [53, 54, 60], "duration": 32, "time": 592}, {"pitches": [-1], "duration": 16, "time": 624}, {"pitches": [53, 54, 60], "duration": 8, "time": 640}, {"pitches": [-1], "duration": 40, "time": 648}, {"pitches": [52, 57, 59, 62], "duration": 8, "time": 688}, {"pitches": [-1], "duration": 16, "time": 696}, {"pitches": [52, 57, 59, 62], "duration": 8, "time": 712}, {"pitches": [-1], "duration": 16, "time": 720}, {"pitches": [52, 54, 59, 60], "duration": 8, "time": 736}, {"pitches": [-1], "duration": 16, "time": 744}, {"pitches": [52, 57, 59, 62], "duration": 32, "time": 760}, {"pitches": [-1], "duration": 16, "time": 792}, {"pitches": [52, 57, 59, 62], "duration": 8, "time": 808}, {"pitches": [-1], "duration": 16, "time": 816}, {"pitches": [52, 57, 59, 62], "duration": 8, "time": 832}, {"pitches": [-1], "duration": 40, "time": 840}, {"pitches": [54, 55, 59, 62], "duration": 32, "time": 880}, {"pitches": [49, 54, 55, 59], "duration": 16, "time": 912}, {"pitches": [-1], "duration": 48, "time": 928}, {"pitches": [52, 54, 59], "duration": 32, "time": 976}, {"pitches": [52, 54, 59], "duration": 16, "time": 1008}, {"pitches": [-1], "duration": 48, "time": 1024}, {"pitches": [49, 54, 55, 59], "duration": 8, "time": 1072}, {"pitches": [-1], "duration": 24, "time": 1080}, {"pitches": [49, 54, 55, 59], "duration": 24, "time": 1104}, {"pitches": [-1], "duration": 40, "time": 1128}, {"pitches": [52, 54, 59, 60], "duration": 32, "time": 1168}, {"pitches": [-1], "duration": 16, "time": 1200}, {"pitches": [52, 54, 59, 60], "duration": 8, "time": 1216}, {"pitches": [-1], "duration": 64, "time": 1224}, {"pitches": [50, 54, 57], "duration": 8, "time": 1288}, {"pitches": [-1], "duration": 40, "time": 1296}, {"pitches": [52, 54, 60], "duration": 24, "time": 1336}, {"pitches": [52, 54, 60], "duration": 24, "time": 1360}, {"pitches": [-1], "duration": 24, "time": 1384}, {"pitches": [52, 54, 60], "duration": 8, "time": 1408}, {"pitches": [-1], "duration": 40, "time": 1416}, {"pitches": [54, 55, 59, 61], "duration": 32, "time": 1456}, {"pitches": [54, 55, 59, 61], "duration": 16, "time": 1488}, {"pitches": [-1], "duration": 48, "time": 1504}, {"pitches": [52, 54, 59, 60], "duration": 8, "time": 1552}, {"pitches": [-1], "duration": 24, "time": 1560}, {"pitches": [52, 54, 59, 60], "duration": 24, "time": 1584}], "basses": [{"pitch": 43, "duration": 24}, {"pitch": 43, "duration": 24}, {"pitch": 48, "duration": 24}, {"pitch": 42, "duration": 24}, {"pitch": 31, "duration": 24}, {"pitch": 26, "duration": 24}, {"pitch": 31, "duration": 24}, {"pitch": 32, "duration": 24}, {"pitch": 43, "duration": 24}, {"pitch": 41, "duration": 24}, {"pitch": 40, "duration": 24}, {"pitch": 32, "duration": 24}, {"pitch": 33, "duration": 24}, {"pitch": 40, "duration": 24}, {"pitch": 52, "duration": 24}, {"pitch": 40, "duration": 24}, {"pitch": 33, "duration": 24}, {"pitch": 28, "duration": 24}, {"pitch": 33, "duration": 24}, {"pitch": 44, "duration": 24}, {"pitch": 45, "duration": 24}, {"pitch": 52, "duration": 24}, {"pitch": 45, "duration": 24}, {"pitch": 33, "duration": 24}, {"pitch": 26, "duration": 24}, {"pitch": 26, "duration": 24}, {"pitch": 26, "duration": 24}, {"pitch": 32, "duration": 24}, {"pitch": 43, "duration": 24}, {"pitch": 51, "duration": 24}, {"pitch": 50, "duration": 24}, {"pitch": 42, "duration": 24}, {"pitch": 31, "duration": 24}, {"pitch": 31, "duration": 24}, {"pitch": 31, "duration": 24}, {"pitch": 39, "duration": 24}, {"pitch": 40, "duration": 24}, {"pitch": 46, "duration": 24}, {"pitch": 45, "duration": 24}, {"pitch": 40, "duration": 24}, {"pitch": 38, "duration": 24}, {"pitch": 33, "duration": 24}, {"pitch": 26, "duration": 24}, {"pitch": 34, "duration": 24}, {"pitch": 45, "duration": 24}, {"pitch": 52, "duration": 24}, {"pitch": 45, "duration": 24}, {"pitch": 37, "duration": 24}, {"pitch": 26, "duration": 24}, {"pitch": 33, "duration": 24}, {"pitch": 38, "duration": 24}, {"pitch": 46, "duration": 24}, {"pitch": 47, "duration": 24}, {"pitch": 51, "duration": 24}, {"pitch": 52, "duration": 24}, {"pitch": 49, "duration": 24}, {"pitch": 38, "duration": 24}, {"pitch": 33, "duration": 24}, {"pitch": 26, "duration": 24}, {"pitch": 34, "duration": 24}, {"pitch": 45, "duration": 24}, {"pitch": 45, "duration": 24}, {"pitch": 45, "duration": 24}, {"pitch": 52, "duration": 24}, {"pitch": 50, "duration": 24}, {"pitch": 38, "duration": 24}, {"pitch": 26, "duration": 24}, {"pitch": 26, "duration": 24}, {"pitch": 50, "duration": 24}]}], "time_signatures": [{"numerator": 4, "denominator": 4, "time": 0}], "chord_symbols": [[55, "major", null], [48, "major", null], [55, "major", null], [55, "major", null], [52, "dominant-seventh", null], [45, "minor", null], [52, "dominant-seventh", null], [45, "minor", null], [50, "dominant-seventh", null], [55, "major", null], [50, "dominant-seventh", null], [55, "major", null], [52, "minor", null], [45, "dominant-seventh", null], [50, "major", null], [45, "dominant-seventh", null], [50, "major", null], [47, "minor", null], [52, "dominant-seventh", null], [50, "major", null], [45, "dominant-seventh", null], [50, "dominant-seventh", null]], "tempos": [{"qpm": 120, "time": 0}], "beats": [{"time": 0, "is_downbeat": true}, {"time": 24, "is_downbeat": false}, {"time": 48, "is_downbeat": false}, {"time": 72, "is_downbeat": false}, {"time": 96, "is_downbeat": true}, {"time": 120, "is_downbeat": false}, {"time": 144, "is_downbeat": false}, {"time": 168, "is_downbeat": false}, {"time": 192, "is_downbeat": true}, {"time": 216, "is_downbeat": false}, {"time": 240, "is_downbeat": false}, {"time": 264, "is_downbeat": false}, {"time": 288, "is_downbeat": true}, {"time": 312, "is_downbeat": false}, {"time": 336, "is_downbeat": false}, {"time": 360, "is_downbeat": false}, {"time": 384, "is_downbeat": true}, {"time": 408, "is_downbeat": false}, {"time": 432, "is_downbeat": false}, {"time": 456, "is_downbeat": false}, {"time": 480, "is_downbeat": true}, {"time": 504, "is_downbeat": false}, {"time": 528, "is_downbeat": false}, {"time": 552, "is_downbeat": false}, {"time": 576, "is_downbeat": true}, {"time": 600, "is_downbeat": false}, {"time": 624, "is_downbeat": false}, {"time": 648, "is_downbeat": false}, {"time": 672, "is_downbeat": true}, {"time": 696, "is_downbeat": false}, {"time": 720, "is_downbeat": false}, {"time": 744, "is_downbeat": false}, {"time": 768, "is_downbeat": true}, {"time": 792, "is_downbeat": false}, {"time": 816, "is_downbeat": false}, {"time": 840, "is_downbeat": false}, {"time": 864, "is_downbeat": true}, {"time": 888, "is_downbeat": false}, {"time": 912, "is_downbeat": false}, {"time": 936, "is_downbeat": false}, {"time": 960, "is_downbeat": true}, {"time": 984, "is_downbeat": false}, {"time": 1008, "is_downbeat": false}, {"time": 1032, "is_downbeat": false}, {"time": 1056, "is_downbeat": true}, {"time": 1080, "is_downbeat": false}, {"time": 1104, "is_downbeat": false}, {"time": 1128, "is_downbeat": false}, {"time": 1152, "is_downbeat": true}, {"time": 1176, "is_downbeat": false}, {"time": 1200, "is_downbeat": false}, {"time": 1224, "is_downbeat": false}, {"time": 1248, "is_downbeat": true}, {"time": 1272, "is_downbeat": false}, {"time": 1296, "is_downbeat": false}, {"time": 1320, "is_downbeat": false}, {"time": 1344, "is_downbeat": true}, {"time": 1368, "is_downbeat": false}, {"time": 1392, "is_downbeat": false}, {"time": 1416, "is_downbeat": false}, {"time": 1440, "is_downbeat": true}, {"time": 1464, "is_downbeat": false}, {"time": 1488, "is_downbeat": false}, {"time": 1512, "is_downbeat": false}, {"time": 1536, "is_downbeat": true}, {"time": 1560, "is_downbeat": false}, {"time": 1584, "is_downbeat": false}, {"time": 1608, "is_downbeat": false}]}