{"metadata": {"title": "outer-magnolia-reel"}, "tracks": [{"notes": [{"pitch": 73, "duration": 16}, {"pitch": 71, "duration": 8}, {"pitch": 69, "duration": 16}, {"pitch": 68, "duration": 8}, {"pitch": 69, "duration": 16}, {"pitch": 71, "duration": 8}, {"pitch": 73, "duration": 16}, {"pitch": 74, "duration": 8}, {"pitch": 76, "duration": 16}, {"pitch": 73, "duration": 8}, {"pitch": 78, "duration": 16}, {"pitch": 73, "duration": 8}, {"pitch": 76, "duration": 16}, {"pitch": 73, "duration": 24}, {"pitch": 76, "duration": 8}, {"pitch": 78, "duration": 16}, {"pitch": 76, "duration": 8}, {"pitch": 74, "duration": 16}, {"pitch": 73, "duration": 8}, {"pitch": 74, "duration": 16}, {"pitch": 76, "duration": 8}, {"pitch": 78, "duration": 16}, {"pitch": 80, "duration": 8}, {"pitch": 81, "duration": 16}, {"pitch": 76, "duration": 8}, {"pitch": 73, "duration": 16}, {"pitch": 69, "duration": 8}, {"pitch": 71, "duration": 16}, {"pitch": 69, "duration": 8}, {"pitch": 68, "duration": 16}, {"pitch": 71, "duration": 8}, {"pitch": 73, "duration": 16}, {"pitch": 71, "duration": 8}, {"pitch": 69, "duration": 16}, {"pitch": 68, "duration": 8}, {"pitch": 69, "duration": 16}, {"pitch": 71, "duration": 8}, {"pitch": 73, "duration": 16}, {"pitch": 74, "duration": 8}, {"pitch": 76, "duration": 16}, {"pitch": 73, "duration": 8}, {"pitch": 78, "duration": 16}, {"pitch": 73, "duration": 8}, {"pitch": 76, "duration": 16}, {"pitch": 73, "duration": 24}, {"pitch": 76, "duration": 8}, {"pitch": 78, "duration": 16}, {"pitch": 76, "duration": 8}, {"pitch": 74, "duration": 16}, {"pitch": 78, "duration": 8}, {"pitch": 76, "duration": 16}, {"pitch": 69, "duration": 8}, {"pitch": 73, "duration": 16}, {"pitch": 69, "duration": 8}, {"pitch": 71, "duration": 16}, {"pitch": 69, "duration": 8}, {"pitch": 68, "duration": 16}, {"pitch": 71, "duration": 8}, {"pitch": 69, "duration": 40}, {"pitch": 71, "duration": 8}, {"pitch": 71, "duration": 16}, {"pitch": 69, "duration": 8}, {"pitch": 68, "duration": 16}, {"pitch": 71, "duration": 8}, {"pitch": 69, "duration": 16}, {"pitch": 71, "duration": 8}, {"pitch": 73, "duration": 16}, {"pitch": 74, "duration": 8}, {"pitch": 76, "duration": 24}, {"pitch": 78, "duration": 24}, {"pitch": 76, "duration": 40}, {"pitch": 76, "duration": 8}, {"pitch": 78, "duration": 24}, {"pitch": 80, "duration": 24}, {"pitch": 81, "duration": 24}, {"pitch": 80, "duration": 16}, {"pitch": 78, "duration": 8}, {"pitch": 76, "duration": 16}, {"pitch": 78, "duration": 8}, {"pitch": 80, "duration": 16}, {"pitch": 81, "duration": 8}, {"pitch": 76, "duration": 16}, {"pitch": 74, "duration": 8}, {"pitch": 73, "duration": 16}, {"pitch": 76, "duration": 8}, {"pitch": 78, "duration": 16}, {"pitch": 76, "duration": 8}, {"pitch": 74, "duration": 16}, {"pitch": 73, "duration": 8}, {"pitch": 71, "duration": 24}, {"pitch": 73, "duration": 16}, {"pitch": 74, "duration": 8}, {"pitch": 76, "duration": 24}, {"pitch": 78, "duration": 24}, {"pitch": 76, "duration": 40}, {"pitch": 76, "duration": 8}, {"pitch": 78, "duration": 24}, {"pitch": 80, "duration": 24}, {"pitch": 81, "duration": 24}, {"pitch": 80, "duration": 16}, {"pitch": 78, "duration": 8}, {"pitch": 76, "duration": 16}, {"pitch": 78, "duration": 8}, {"pitch": 80, "duration": 16}, {"pitch": 81, "duration": 8}, {"pitch": 76, "duration": 16}, {"pitch": 74, "duration": 8}, {"pitch": 73, "duration": 16}, {"pitch": 76, "duration": 8}, {"pitch": 74, "duration": 16}, {"pitch": 71, "duration": 8}, {"pitch": 68, "duration": 16}, {"pitch": 71, "duration": 8}, {"pitch": 69, "duration": 16}, {"pitch": 71, "duration": 8}, {"pitch": 73, "duration": 16}, {"pitch": 74, "duration": 8}, {"pitch": 74, "duration": 16}, {"pitch": 71, "duration": 8}, {"pitch": 68, "duration": 16}, {"pitch": 71, "duration": 8}, {"pitch": 69, "duration": 40}, {"pitch": 71, "duration": 8}], "voicings": [{"pitches": [54, 55, 59, 61], "duration": 32, "time": 16}, {"pitches": [-1], "duration": 16, "time": 48}, {"pitches": [54, 55, 59, 61], "duration": 8, "time": 64}, {"pitches": [-1], "duration": 64, "time": 72}, {"pitches": [52, 54, 57, 59], "duration": 8, "time": 136}, {"pitches": [-1], "duration": 40, "time": 144}, {"pitches": [52, 54, 57, 59], "duration": 24, "time": 184}, {"pitches": [52, 54, 57, 59], "duration": 24, "time": 208}, {"pitches": [-1], "duration": 24, "time": 232}, {"pitches": [52, 54, 57, 59], "duration": 8, "time": 256}, {"pitches": [-1], "duration": 40, "time": 264}, {"pitches": [54, 59], "duration": 8, "time": 304}, {"pitches": [-1], "duration": 24, "time": 312}, {"pitches": [54, 56, 61, 62], "duration": 24, "time": 336}, {"pitches": [-1], "duration": 64, "time": 360}, {"pitches": [49, 54, 55, 59], "duration": 8, "time": 424}, {"pitches": [-1], "duration": 40, "time": 432}, {"pitches": [49, 54, 55, 59], "duration": 8, "time": 472}, {"pitches": [-1], "duration": 40, "time": 480}, {"pitches": [52, 57, 59], "duration": 8, "time": 520}, {"pitches": [-1], "duration": 40, "time": 528}, {"pitches": [54, 55, 59, 61], "duration": 8, "time": 568}, {"pitches": [-1], "duration": 16, "time": 576}, {"pitches": [52, 57, 59], "duration": 32, "time": 592}, {"pitches": [54, 55, 59, 61], "duration": 16, "time": 624}, {"pitches": [-1], "duration": 48, "time": 640}, {"pitches": [54, 61, 62], "duration": 8, "time": 688}, {"pitches": [-1], "duration": 24, "time": 696}, {"pitches": [54, 55, 59, 61], "duration": 24, "time": 720}, {"pitches": [-1], "duration": 64, "time": 744}, {"pitches": [54, 56, 61, 62], "duration": 8, "time": 808}, {"pitches": [-1], "duration": 40, "time": 816}, {"pitches": [54, 55, 59], "duration": 8, "time": 856}, {"pitches": [-1], "duration": 40, "time": 864}, {"pitches": [52, 54, 57, 59], "duration": 8, "time": 904}, {"pitches": [-1], "duration": 40, "time": 912}, {"pitches": [49, 54, 55, 59], "duration": 8, "time": 952}, {"pitches": [-1], "duration": 40, "time": 960}, {"pitches": [54, 56, 61, 62], "duration": 8, "time": 1000}, {"pitches": [-1], "duration": 40, "time": 1008}, {"pitches": [54, 55, 59, 61], "duration": 8, "time": 1048}, {"pitches": [-1], "duration": 40, "time": 1056}, {"pitches": [49, 54, 55, 59], "duration": 8, "time": 1096}, {"pitches": [-1], "duration": 40, "time": 1104}, {"pitches": [49, 54, 55, 59], "duration": 8, "time": 1144}, {"pitches": [-1], "duration": 40, "time": 1152}, {"pitches": [52, 54, 57, 59], "duration": 8, "time": 1192}, {"pitches": [-1], "duration": 40, "time": 1200}, {"pitches": [54, 56, 61, 62], "duration": 8, "time": 1240}, {"pitches": [-1], "duration": 40, "time": 1248}, {"pitches": [52, 54, 57, 59], "duration": 8, "time": 1288}, {"pitches": [-1], "duration": 40, "time": 1296}, {"pitches": [54, 55, 59, 61], "duration": 8, "time": 1336}, {"pitches": [-1], "duration": 16, "time": 1344}, {"pitches": [54, 61, 62], "duration": 32, "time": 1360}, {"pitches": [-1], "duration": 16, "time": 1392}, {"pitches": [49, 54, 55, 59], "duration": 8, "time": 1408}, {"pitches": [-1], "duration": 64, "time": 1416}, {"pitches": [54, 55, 59, 61], "duration": 8, "time": 1480}, {"pitches": [-1], "duration": 40, "time": 1488}, {"pitches": [54, 55, 59, 61], "duration": 8, "time": 1528}, {"pitches": [-1], "duration": 40, "time": 1536}, {"pitches": [54, 56, 61, 62], "duration": 8, "time": 1576}, {"pitches": [-1], "duration": 40, "time": 1584}, {"pitches": [54, 55, 59, 61], "duration": 8, "time": 1624}, {"pitches": [-1], "duration": 16, "time": 1632}, {"pitches": [54, 56, 61, 62], "duration": 32, "time": 1648}, {"pitches": [54, 59, 61], "duration": 16, "time": 1680}], "basses": [{"pitch": 45, "duration": 24}, {"pitch": 45, "duration": 24}, {"pitch": 52, "duration": 24}, {"pitch": 46, "duration": 24}, {"pitch": 45, "duration": 24}, {"pitch": 38, "duration": 24}, {"pitch": 33, "duration": 24}, {"pitch": 25, "duration": 24}, {"pitch": 26, "duration": 24}, {"pitch": 33, "duration": 24}, {"pitch": 38, "duration": 24}, {"pitch": 45, "duration": 24}, {"pitch": 45, "duration": 24}, {"pitch": 45, "duration": 24}, {"pitch": 52, "duration": 24}, {"pitch": 44, "duration": 24}, {"pitch": 33, "duration": 24}, {"pitch": 33, "duration": 24}, {"pitch": 33, "duration": 24}, {"pitch": 44, "duration": 24}, {"pitch": 45, "duration": 24}, {"pitch": 50, "duration": 24}, {"pitch": 45, "duration": 24}, {"pitch": 39, "duration": 24}, {"pitch": 38, "duration": 24}, {"pitch": 32, "duration": 24}, {"pitch": 33, "duration": 24}, {"pitch": 40, "duration": 24}, {"pitch": 52, "duration": 24}, {"pitch": 47, "duration": 24}, {"pitch": 45, "duration": 24}, {"pitch": 41, "duration": 24}, {"pitch": 40, "duration": 24}, {"pitch": 34, "duration": 24}, {"pitch": 33, "duration": 24}, {"pitch": 34, "duration": 24}, {"pitch": 45, "duration": 24}, {"pitch": 50, "duration": 24}, {"pitch": 45, "duration": 24}, {"pitch": 40, "duration": 24}, {"pitch": 38, "duration": 24}, {"pitch": 28, "duration": 24}, {"pitch": 33, "duration": 24}, {"pitch": 34, "duration": 24}, {"pitch": 45, "duration": 24}, {"pitch": 52, "duration": 24}, {"pitch": 45, "duration": 24}, {"pitch": 37, "duration": 24}, {"pitch": 26, "duration": 24}, {"pitch": 29, "duration": 24}, {"pitch": 40, "duration": 24}, {"pitch": 44, "duration": 24}, {"pitch": 45, "duration": 24}, {"pitch": 50, "duration": 24}, {"pitch": 45, "duration": 24}, {"pitch": 39, "duration": 24}, {"pitch": 38, "duration": 24}, {"pitch": 28, "duration": 24}, {"pitch": 33, "duration": 24}, {"pitch": 44, "duration": 24}, {"pitch": 45, "duration": 24}, {"pitch": 52, "duration": 24}, {"pitch": 45, "duration": 24}, {"pitch": 41, "duration": 24}, {"pitch": 40, "duration": 24}, {"pitch": 34, "duration": 24}, {"pitch": 33, "duration": 24}, {"pitch": 29, "duration": 24}, {"pitch": 28, "duration": 24}, {"pitch": 34, "duration": 24}, {"pitch": 45, "duration": 24}, {"pitch": 45, "duration": 24}, {"pitch": 45, "duration": 24}]}], "time_signatures": [{"numerator": 4, "denominator": 4, "time": 0}], "chord_symbols": [[45, "major", null], [45, "major", null], [50, "major", null], [45, "major", null], [50, "major", null], [45, "major", null], [52, "major", null], [45, "major", null], [45, "major", null], [50, "major", null], [45, "major", null], [50, "major", null], [45, "major", null], [52, "major", null], [45, "major", null], [52, "major", null], [45, "major", null], [45, "major", null], [50, "major", null], [45, "major", null], [50, "major", null], [52, "major", null], [45, "major", null], [45, "major", null], [50, "major", null], [52, "major", null], [45, "major", null], [50, "major", null], [45, "major", null], [50, "major", null], [52, "major", null], [45, "major", null], [45, "major", null], [52, "major", null], [45, "major", null], [52, "major", null], [45, "major", null]], "tempos": [{"qpm": 120, "time": 0}], "beats": [{"time": 0, "is_downbeat": true}, {"time": 24, "is_downbeat": false}, {"time": 48, "is_downbeat": false}, {"time": 72, "is_downbeat": false}, {"time": 96, "is_downbeat": true}, {"time": 120, "is_downbeat": false}, {"time": 144, "is_downbeat": false}, {"time": 168, "is_downbeat": false}, {"time": 192, "is_downbeat": true}, {"time": 216, "is_downbeat": false}, {"time": 240, "is_downbeat": false}, {"time": 264, "is_downbeat": false}, {"time": 288, "is_downbeat": true}, {"time": 312, "is_downbeat": false}, {"time": 336, "is_downbeat": false}, {"time": 360, "is_downbeat": false}, {"time": 384, "is_downbeat": true}, {"time": 408, "is_downbeat": false}, {"time": 432, "is_downbeat": false}, {"time": 456, "is_downbeat": false}, {"time": 480, "is_downbeat": true}, {"time": 504, "is_downbeat": false}, {"time": 528, "is_downbeat": false}, {"time": 552, "is_downbeat": false}, {"time": 576, "is_downbeat": true}, {"time": 600, "is_downbeat": false}, {"time": 624, "is_downbeat": false}, {"time": 648, "is_downbeat": false}, {"time": 672, "is_downbeat": true}, {"time": 696, "is_downbeat": false}, {"time": 720, "is_downbeat": false}, {"time": 744, "is_downbeat": false}, {"time": 768, "is_downbeat": true}, {"time": 792, "is_downbeat": false}, {"time": 816, "is_downbeat": false}, {"time": 840, "is_downbeat": false}, {"time": 864, "is_downbeat": true}, {"time": 888, "is_downbeat": false}, {"time": 912, "is_downbeat": false}, {"time": 936, "is_downbeat": false}, {"time": 960, "is_downbeat": true}, {"time": 984, "is_downbeat": false}, {"time": 1008, "is_downbeat": false}, {"time": 1032, "is_downbeat": false}, {"time": 1056, "is_downbeat": true}, {"time": 1080, "is_downbeat": false}, {"time": 1104, "is_downbeat": false}, {"time": 1128, "is_downbeat": false}, {"time": 1152, "is_downbeat": true}, {"time": 1176, "is_downbeat": false}, {"time": 1188, "is_downbeat": true}, {"time": 1212, "is_downbeat": false}, {"time": 1236, "is_downbeat": false}, {"time": 1248, "is_downbeat": true}, {"time": 1272, "is_downbeat": false}, {"time": 1296, "is_downbeat": false}, {"time": 1320, "is_downbeat": false}, {"time": 1344, "is_downbeat": true}, {"time": 1368, "is_downbeat": false}, {"time": 1392, "is_downbeat": false}, {"time": 1416, "is_downbeat": false}, {"time": 1440, "is_downbeat": true}, {"time": 1464, "is_downbeat": false}, {"time": 1488, "is_downbeat": false}, {"time": 1512, "is_downbeat": true}, {"time": 1536, "is_downbeat": true}, {"time": 1560, "is_downbeat": false}, {"time": 1584, "is_downbeat": false}, {"time": 1608, "is_downbeat": false}, {"time": 1632, "is_downbeat": true}, {"time": 1656, "is_downbeat": false}, {"time": 1680, "is_downbeat": false}, {"time": 1704, "is_downbeat": false}]}