{"metadata": {"title": "randel-s-reel"}, "tracks": [{"notes": [{"pitch": 70, "duration": 16}, {"pitch": 71, "duration": 8}, {"pitch": 74, "duration": 16}, {"pitch": 79, "duration": 8}, {"pitch": 74, "duration": 16}, {"pitch": 71, "duration": 8}, {"pitch": 76, "duration": 16}, {"pitch": 71, "duration": 8}, {"pitch": 70, "duration": 16}, {"pitch": 71, "duration": 8}, {"pitch": 74, "duration": 16}, {"pitch": 79, "duration": 8}, {"pitch": 74, "duration": 16}, {"pitch": 71, "duration": 8}, {"pitch": 76, "duration": 16}, {"pitch": 71, "duration": 8}, {"pitch": 74, "duration": 24}, {"pitch": 71, "duration": 8}, {"pitch": 74, "duration": 8}, {"pitch": 76, "duration": 8}, {"pitch": 79, "duration": 24}, {"pitch": 76, "duration": 24}, {"pitch": 78, "duration": 48}, {"pitch": 78, "duration": 48}, {"pitch": 69, "duration": 16}, {"pitch": 74, "duration": 8}, {"pitch": 78, "duration": 16}, {"pitch": 69, "duration": 8}, {"pitch": 79, "duration": 16}, {"pitch": 69, "duration": 8}, {"pitch": 78, "duration": 16}, {"pitch": 69, "duration": 8}, {"pitch": 81, "duration": 16}, {"pitch": 69, "duration": 8}, {"pitch": 79, "duration": 16}, {"pitch": 69, "duration": 8}, {"pitch": 78, "duration": 16}, {"pitch": 69, "duration": 8}, {"pitch": 76, "duration": 16}, {"pitch": 69, "duration": 8}, {"pitch": 78, "duration": 16}, {"pitch": 79, "duration": 8}, {"pitch": 78, "duration": 16}, {"pitch": 76, "duration": 8}, {"pitch": 74, "duration": 24}, {"pitch": 76, "duration": 24}, {"pitch": 71, "duration": 48}, {"pitch": 71, "duration": 48}, {"pitch": 70, "duration": 16}, {"pitch": 71, "duration": 8}, {"pitch": 74, "duration": 16}, {"pitch": 79, "duration": 8}, {"pitch": 74, "duration": 16}, {"pitch": 71, "duration": 8}, {"pitch": 76, "duration": 16}, {"pitch": 71, "duration": 8}, {"pitch": 70, "duration": 16}, {"pitch": 71, "duration": 8}, {"pitch": 74, "duration": 16}, {"pitch": 79, "duration": 8}, {"pitch": 74, "duration": 16}, {"pitch": 71, "duration": 8}, {"pitch": 76, "duration": 16}, {"pitch": 71, "duration": 8}, {"pitch": 74, "duration": 24}, {"pitch": 71, "duration": 8}, {"pitch": 74, "duration": 8}, {"pitch": 76, "duration": 8}, {"pitch": 79, "duration": 24}, {"pitch": 76, "duration": 24}, {"pitch": 78, "duration": 48}, {"pitch": 78, "duration": 48}, {"pitch": 78, "duration": 16}, {"pitch": 69, "duration": 8}, {"pitch": 79, "duration": 16}, {"pitch": 69, "duration": 8}, {"pitch": 81, "duration": 16}, {"pitch": 69, "duration": 8}, {"pitch": 79, "duration": 16}, {"pitch": 69, "duration": 8}, {"pitch": 78, "duration": 16}, {"pitch": 69, "duration": 8}, {"pitch": 76, "duration": 16}, {"pitch": 69, "duration": 8}, {"pitch": 74, "duration": 16}, {"pitch": 69, "duration": 8}, {"pitch": 72, "duration": 16}, {"pitch": 69, "duration": 8}, {"pitch": 72, "duration": 16}, {"pitch": 74, "duration": 8}, {"pitch": 72, "duration": 16}, {"pitch": 69, "duration": 8}, {"pitch": 62, "duration": 24}, {"pitch": 66, "duration": 24}, {"pitch": 67, "duration": 48}, {"pitch": 67, "duration": 40}, {"pitch": 70, "duration": 8}, {"pitch": 71, "duration": 16}, {"pitch": 74, "duration": 8}, {"pitch": 79, "duration": 16}, {"pitch": 71, "duration": 8}, {"pitch": 81, "duration": 16}, {"pitch": 71, "duration": 8}, {"pitch": 79, "duration": 16}, {"pitch": 71, "duration": 8}, {"pitch": 83, "duration": 16}, {"pitch": 71, "duration": 8}, {"pitch": 81, "duration": 16}, {"pitch": 71, "duration": 8}, {"pitch": 79, "duration": 16}, {"pitch": 71, "duration": 8}, {"pitch": 74, "duration": 16}, {"pitch": 71, "duration": 8}, {"pitch": 79, "duration": 16}, {"pitch": 74, "duration": 8}, {"pitch": 71, "duration": 16}, {"pitch": 74, "duration": 8}, {"pitch": 79, "duration": 24}, {"pitch": 83, "duration": 24}, {"pitch": 81, "duration": 48}, {"pitch": 81, "duration": 48}, {"pitch": 69, "duration": 16}, {"pitch": 74, "duration": 8}, {"pitch": 78, "duration": 16}, {"pitch": 69, "duration": 8}, {"pitch": 79, "duration": 16}, {"pitch": 69, "duration": 8}, {"pitch": 78, "duration": 16}, {"pitch": 69, "duration": 8}, {"pitch": 81, "duration": 16}, {"pitch": 69, "duration": 8}, {"pitch": 79, "duration": 16}, {"pitch": 69, "duration": 8}, {"pitch": 78, "duration": 16}, {"pitch": 69, "duration": 8}, {"pitch": 76, "duration": 16}, {"pitch": 69, "duration": 8}, {"pitch": 78, "duration": 16}, {"pitch": 79, "duration": 8}, {"pitch": 78, "duration": 16}, {"pitch": 76, "duration": 8}, {"pitch": 74, "duration": 24}, {"pitch": 76, "duration": 24}, {"pitch": 71, "duration": 48}, {"pitch": 71, "duration": 40}, {"pitch": 70, "duration": 8}, {"pitch": 71, "duration": 16}, {"pitch": 74, "duration": 8}, {"pitch": 79, "duration": 16}, {"pitch": 71, "duration": 8}, {"pitch": 81, "duration": 16}, {"pitch": 71, "duration": 8}, {"pitch": 79, "duration": 16}, {"pitch": 71, "duration": 8}, {"pitch": 83, "duration": 16}, {"pitch": 71, "duration": 8}, {"pitch": 81, "duration": 16}, {"pitch": 71, "duration": 8}, {"pitch": 79, "duration": 16}, {"pitch": 71, "duration": 8}, {"pitch": 74, "duration": 16}, {"pitch": 71, "duration": 8}, {"pitch": 79, "duration": 16}, {"pitch": 74, "duration": 8}, {"pitch": 71, "duration": 16}, {"pitch": 74, "duration": 8}, {"pitch": 79, "duration": 24}, {"pitch": 83, "duration": 24}, {"pitch": 81, "duration": 48}, {"pitch": 81, "duration": 40}, {"pitch": 69, "duration": 8}, {"pitch": 78, "duration": 16}, {"pitch": 69, "duration": 8}, {"pitch": 79, "duration": 16}, {"pitch": 69, "duration": 8}, {"pitch": 81, "duration": 16}, {"pitch": 69, "duration": 8}, {"pitch": 79, "duration": 16}, {"pitch": 69, "duration": 8}, {"pitch": 78, "duration": 16}, {"pitch": 69, "duration": 8}, {"pitch": 76, "duration": 16}, {"pitch": 69, "duration": 8}, {"pitch": 74, "duration": 16}, {"pitch": 69, "duration": 8}, {"pitch": 72, "duration": 16}, {"pitch": 69, "duration": 8}, {"pitch": 72, "duration": 16}, {"pitch": 74, "duration": 8}, {"pitch": 72, "duration": 16}, {"pitch": 69, "duration": 8}, {"pitch": 62, "duration": 24}, {"pitch": 66, "duration": 24}, {"pitch": 67, "duration": 48}, {"pitch": 67, "duration": 48}], "voicings": [{"pitches": [66, 69, 71, 74], "duration": 8, "time": 16}, {"pitches": [-1], "duration": 16, "time": 24}, {"pitches": [66, 69, 71, 74], "duration": 8, "time": 40}, {"pitches": [-1], "duration": 16, "time": 48}, {"pitches": [66, 69, 71, 74], "duration": 8, "time": 64}, {"pitches": [-1], "duration": 16, "time": 72}, {"pitches": [66, 69, 71, 74], "duration": 8, "time": 88}, {"pitches": [-1], "duration": 16, "time": 96}, {"pitches": [66, 69, 71, 74], "duration": 8, "time": 112}, {"pitches": [-1], "duration": 16, "time": 120}, {"pitches": [66, 69, 71, 74], "duration": 8, "time": 136}, {"pitches": [-1], "duration": 16, "time": 144}, {"pitches": [66, 69, 71, 74], "duration": 8, "time": 160}, {"pitches": [-1], "duration": 16, "time": 168}, {"pitches": [66, 69, 71, 74], "duration": 8, "time": 184}, {"pitches": [-1], "duration": 16, "time": 192}, {"pitches": [54, 57, 62], "duration": 8, "time": 208}, {"pitches": [-1], "duration": 24, "time": 216}, {"pitches": [54, 55, 56, 59, 61], "duration": 24, "time": 240}, {"pitches": [-1], "duration": 40, "time": 264}, {"pitches": [52, 54, 57, 59], "duration": 8, "time": 304}, {"pitches": [-1], "duration": 24, "time": 312}, {"pitches": [54, 55, 56, 61], "duration": 24, "time": 336}, {"pitches": [-1], "duration": 40, "time": 360}, {"pitches": [52, 54, 57, 59], "duration": 32, "time": 400}, {"pitches": [52, 54, 57, 59], "duration": 16, "time": 432}, {"pitches": [-1], "duration": 72, "time": 448}, {"pitches": [52, 54, 57, 59], "duration": 8, "time": 520}, {"pitches": [-1], "duration": 40, "time": 528}, {"pitches": [52, 54, 57, 59], "duration": 8, "time": 568}, {"pitches": [-1], "duration": 40, "time": 576}, {"pitches": [48, 52, 59], "duration": 8, "time": 616}, {"pitches": [-1], "duration": 40, "time": 624}, {"pitches": [52, 54, 59, 60, 61], "duration": 8, "time": 664}, {"pitches": [-1], "duration": 16, "time": 672}, {"pitches": [52, 57, 59, 62], "duration": 8, "time": 688}, {"pitches": [-1], "duration": 24, "time": 696}, {"pitches": [52, 54, 59, 60, 61], "duration": 24, "time": 720}, {"pitches": [-1], "duration": 40, "time": 744}, {"pitches": [57, 59, 62], "duration": 32, "time": 784}, {"pitches": [57, 59, 62], "duration": 16, "time": 816}, {"pitches": [-1], "duration": 48, "time": 832}, {"pitches": [57, 59, 62], "duration": 8, "time": 880}, {"pitches": [-1], "duration": 24, "time": 888}, {"pitches": [57, 59, 62], "duration": 24, "time": 912}, {"pitches": [-1], "duration": 40, "time": 936}, {"pitches": [52, 59, 62], "duration": 8, "time": 976}, {"pitches": [-1], "duration": 24, "time": 984}, {"pitches": [52, 59, 62], "duration": 24, "time": 1008}, {"pitches": [-1], "duration": 40, "time": 1032}, {"pitches": [48, 52, 55, 59], "duration": 8, "time": 1072}, {"pitches": [-1], "duration": 16, "time": 1080}, {"pitches": [48, 52, 55, 59], "duration": 8, "time": 1096}, {"pitches": [-1], "duration": 16, "time": 1104}, {"pitches": [52, 54, 59, 61], "duration": 8, "time": 1120}, {"pitches": [-1], "duration": 16, "time": 1128}, {"pitches": [48, 52, 59], "duration": 32, "time": 1144}, {"pitches": [-1], "duration": 16, "time": 1176}, {"pitches": [48, 52, 59], "duration": 8, "time": 1192}, {"pitches": [-1], "duration": 16, "time": 1200}, {"pitches": [48, 52, 59], "duration": 8, "time": 1216}, {"pitches": [-1], "duration": 24, "time": 1224}, {"pitches": [52, 54, 60, 61], "duration": 24, "time": 1248}, {"pitches": [-1], "duration": 16, "time": 1272}, {"pitches": [52, 54, 60, 61], "duration": 8, "time": 1288}, {"pitches": [-1], "duration": 16, "time": 1296}, {"pitches": [52, 54, 60, 61], "duration": 8, "time": 1312}, {"pitches": [-1], "duration": 24, "time": 1320}, {"pitches": [48, 52, 55], "duration": 24, "time": 1344}, {"pitches": [-1], "duration": 16, "time": 1368}, {"pitches": [48, 52, 55], "duration": 8, "time": 1384}, {"pitches": [-1], "duration": 16, "time": 1392}, {"pitches": [52, 54, 60], "duration": 8, "time": 1408}, {"pitches": [-1], "duration": 40, "time": 1416}, {"pitches": [52, 57, 59, 62], "duration": 8, "time": 1456}, {"pitches": [-1], "duration": 24, "time": 1464}, {"pitches": [52, 57, 59, 62], "duration": 24, "time": 1488}, {"pitches": [-1], "duration": 40, "time": 1512}, {"pitches": [52, 57, 62], "duration": 32, "time": 1552}, {"pitches": [52, 57, 62], "duration": 16, "time": 1584}, {"pitches": [-1], "duration": 48, "time": 1600}, {"pitches": [52, 57, 62], "duration": 32, "time": 1648}, {"pitches": [52, 57, 62], "duration": 16, "time": 1680}, {"pitches": [-1], "duration": 48, "time": 1696}, {"pitches": [52, 57, 59, 62], "duration": 8, "time": 1744}, {"pitches": [-1], "duration": 16, "time": 1752}, {"pitches": [52, 57, 59, 62], "duration": 8, "time": 1768}, {"pitches": [-1], "duration": 16, "time": 1776}, {"pitches": [54, 55, 59, 62], "duration": 8, "time": 1792}, {"pitches": [-1], "duration": 16, "time": 1800}, {"pitches": [54, 55, 59, 62], "duration": 8, "time": 1816}, {"pitches": [-1], "duration": 16, "time": 1824}, {"pitches": [48, 52, 55, 59], "duration": 8, "time": 1840}, {"pitches": [-1], "duration": 16, "time": 1848}, {"pitches": [48, 52, 55, 59], "duration": 8, "time": 1864}, {"pitches": [-1], "duration": 16, "time": 1872}, {"pitches": [54, 55, 56, 59, 61], "duration": 8, "time": 1888}, {"pitches": [-1], "duration": 16, "time": 1896}, {"pitches": [54, 55, 56, 59, 61], "duration": 8, "time": 1912}, {"pitches": [-1], "duration": 16, "time": 1920}, {"pitches": [52, 54, 59, 60, 61], "duration": 32, "time": 1936}, {"pitches": [-1], "duration": 16, "time": 1968}, {"pitches": [52, 54, 59, 60, 61], "duration": 8, "time": 1984}, {"pitches": [-1], "duration": 40, "time": 1992}, {"pitches": [52, 54, 59, 60, 61], "duration": 32, "time": 2032}, {"pitches": [52, 54, 59, 60, 61], "duration": 16, "time": 2064}, {"pitches": [-1], "duration": 48, "time": 2080}, {"pitches": [48, 55, 59], "duration": 8, "time": 2128}, {"pitches": [-1], "duration": 16, "time": 2136}, {"pitches": [48, 55, 59], "duration": 8, "time": 2152}, {"pitches": [-1], "duration": 16, "time": 2160}, {"pitches": [54, 59, 61], "duration": 8, "time": 2176}, {"pitches": [-1], "duration": 16, "time": 2184}, {"pitches": [54, 59, 61], "duration": 8, "time": 2200}, {"pitches": [-1], "duration": 16, "time": 2208}, {"pitches": [57, 59, 62], "duration": 8, "time": 2224}, {"pitches": [-1], "duration": 16, "time": 2232}, {"pitches": [57, 59, 62], "duration": 8, "time": 2248}, {"pitches": [-1], "duration": 16, "time": 2256}, {"pitches": [52, 54, 60, 61], "duration": 8, "time": 2272}, {"pitches": [-1], "duration": 16, "time": 2280}, {"pitches": [52, 54, 60, 61], "duration": 8, "time": 2296}, {"pitches": [-1], "duration": 16, "time": 2304}, {"pitches": [52, 57, 59, 62], "duration": 8, "time": 2320}, {"pitches": [-1], "duration": 24, "time": 2328}, {"pitches": [52, 57, 59, 62], "duration": 24, "time": 2352}, {"pitches": [-1], "duration": 40, "time": 2376}, {"pitches": [52, 57, 59, 62], "duration": 8, "time": 2416}, {"pitches": [-1], "duration": 24, "time": 2424}, {"pitches": [52, 57, 59, 62], "duration": 24, "time": 2448}, {"pitches": [-1], "duration": 64, "time": 2472}, {"pitches": [52, 53, 54, 57, 59], "duration": 8, "time": 2536}, {"pitches": [-1], "duration": 40, "time": 2544}, {"pitches": [52, 53, 54, 57, 59], "duration": 8, "time": 2584}, {"pitches": [-1], "duration": 40, "time": 2592}, {"pitches": [52, 57, 62], "duration": 8, "time": 2632}, {"pitches": [-1], "duration": 40, "time": 2640}, {"pitches": [54, 55, 56, 59, 61], "duration": 8, "time": 2680}, {"pitches": [-1], "duration": 16, "time": 2688}, {"pitches": [54, 59, 60, 61], "duration": 32, "time": 2704}, {"pitches": [54, 59, 60, 61], "duration": 16, "time": 2736}, {"pitches": [-1], "duration": 48, "time": 2752}, {"pitches": [54, 59, 60, 61], "duration": 8, "time": 2800}, {"pitches": [-1], "duration": 24, "time": 2808}, {"pitches": [54, 59, 60, 61], "duration": 24, "time": 2832}, {"pitches": [-1], "duration": 40, "time": 2856}, {"pitches": [52, 55, 57, 60], "duration": 8, "time": 2896}, {"pitches": [-1], "duration": 24, "time": 2904}, {"pitches": [52, 54, 59, 61], "duration": 24, "time": 2928}, {"pitches": [-1], "duration": 40, "time": 2952}, {"pitches": [52, 53, 54, 57, 59], "duration": 32, "time": 2992}, {"pitches": [-1], "duration": 16, "time": 3024}, {"pitches": [52, 53, 54, 57, 59], "duration": 8, "time": 3040}], "basses": [{"pitch": 43, "duration": 24}, {"pitch": 43, "duration": 24}, {"pitch": 50, "duration": 24}, {"pitch": 44, "duration": 24}, {"pitch": 43, "duration": 24}, {"pitch": 31, "duration": 24}, {"pitch": 26, "duration": 24}, {"pitch": 31, "duration": 24}, {"pitch": 43, "duration": 24}, {"pitch": 44, "duration": 24}, {"pitch": 45, "duration": 24}, {"pitch": 49, "duration": 24}, {"pitch": 50, "duration": 24}, {"pitch": 46, "duration": 24}, {"pitch": 45, "duration": 24}, {"pitch": 37, "duration": 24}, {"pitch": 26, "duration": 24}, {"pitch": 33, "duration": 24}, {"pitch": 38, "duration": 24}, {"pitch": 49, "duration": 24}, {"pitch": 50, "duration": 24}, {"pitch": 50, "duration": 24}, {"pitch": 50, "duration": 24}, {"pitch": 44, "duration": 24}, {"pitch": 33, "duration": 24}, {"pitch": 25, "duration": 24}, {"pitch": 26, "duration": 24}, {"pitch": 32, "duration": 24}, {"pitch": 43, "duration": 24}, {"pitch": 51, "duration": 24}, {"pitch": 50, "duration": 24}, {"pitch": 44, "duration": 24}, {"pitch": 43, "duration": 24}, {"pitch": 38, "duration": 24}, {"pitch": 31, "duration": 24}, {"pitch": 32, "duration": 24}, {"pitch": 43, "duration": 24}, {"pitch": 50, "duration": 24}, {"pitch": 43, "duration": 24}, {"pitch": 31, "duration": 24}, {"pitch": 31, "duration": 24}, {"pitch": 31, "duration": 24}, {"pitch": 38, "duration": 24}, {"pitch": 44, "duration": 24}, {"pitch": 45, "duration": 24}, {"pitch": 49, "duration": 24}, {"pitch": 50, "duration": 24}, {"pitch": 46, "duration": 24}, {"pitch": 45, "duration": 24}, {"pitch": 40, "duration": 24}, {"pitch": 33, "duration": 24}, {"pitch": 28, "duration": 24}, {"pitch": 26, "duration": 24}, {"pitch": 26, "duration": 24}, {"pitch": 26, "duration": 24}, {"pitch": 33, "duration": 24}, {"pitch": 45, "duration": 24}, {"pitch": 51, "duration": 24}, {"pitch": 50, "duration": 24}, {"pitch": 44, "duration": 24}, {"pitch": 43, "duration": 24}, {"pitch": 38, "duration": 24}, {"pitch": 31, "duration": 24}, {"pitch": 32, "duration": 24}, {"pitch": 43, "duration": 24}, {"pitch": 50, "duration": 24}, {"pitch": 43, "duration": 24}, {"pitch": 38, "duration": 24}, {"pitch": 31, "duration": 24}, {"pitch": 26, "duration": 24}, {"pitch": 31, "duration": 24}, {"pitch": 43, "duration": 24}, {"pitch": 43, "duration": 24}, {"pitch": 43, "duration": 24}, {"pitch": 52, "duration": 24}, {"pitch": 46, "duration": 24}, {"pitch": 45, "duration": 24}, {"pitch": 34, "duration": 24}, {"pitch": 33, "duration": 24}, {"pitch": 27, "duration": 24}, {"pitch": 26, "duration": 24}, {"pitch": 26, "duration": 24}, {"pitch": 26, "duration": 24}, {"pitch": 27, "duration": 24}, {"pitch": 38, "duration": 24}, {"pitch": 50, "duration": 24}, {"pitch": 45, "duration": 24}, {"pitch": 34, "duration": 24}, {"pitch": 33, "duration": 24}, {"pitch": 25, "duration": 24}, {"pitch": 26, "duration": 24}, {"pitch": 30, "duration": 24}, {"pitch": 31, "duration": 24}, {"pitch": 37, "duration": 24}, {"pitch": 38, "duration": 24}, {"pitch": 45, "duration": 24}, {"pitch": 43, "duration": 24}, {"pitch": 38, "duration": 24}, {"pitch": 31, "duration": 24}, {"pitch": 32, "duration": 24}, {"pitch": 43, "duration": 24}, {"pitch": 50, "duration": 24}, {"pitch": 43, "duration": 24}, {"pitch": 31, "duration": 24}, {"pitch": 31, "duration": 24}, {"pitch": 31, "duration": 24}, {"pitch": 38, "duration": 24}, {"pitch": 47, "duration": 24}, {"pitch": 48, "duration": 24}, {"pitch": 44, "duration": 24}, {"pitch": 33, "duration": 24}, {"pitch": 28, "duration": 24}, {"pitch": 26, "duration": 24}, {"pitch": 33, "duration": 24}, {"pitch": 38, "duration": 24}, {"pitch": 49, "duration": 24}, {"pitch": 50, "duration": 24}, {"pitch": 45, "duration": 24}, {"pitch": 38, "duration": 24}, {"pitch": 33, "duration": 24}, {"pitch": 29, "duration": 24}, {"pitch": 27, "duration": 24}, {"pitch": 26, "duration": 24}, {"pitch": 32, "duration": 24}, {"pitch": 43, "duration": 24}, {"pitch": 43, "duration": 24}, {"pitch": 43, "duration": 24}, {"pitch": 43, "duration": 24}, {"pitch": 43, "duration": 24}]}], "time_signatures": [{"numerator": 4, "denominator": 4, "time": 0}], "chord_symbols": [[55, "major", null], [55, "major", null], [45, "dominant-seventh", null], [50, "major", null], [45, "dominant-seventh", null], [50, "major", null], [50, "major", null], [45, "minor", null], [50, "dominant-seventh", null], [55, "major", null], [50, "dominant-seventh", null], [55, "major", null], [55, "major", null], [45, "minor", null], [50, "major", null], [45, "minor", null], [50, "major", null], [45, "minor", null], [50, "dominant-seventh", null], [55, "major", null], [55, "major", null], [55, "major", null], [52, "minor", null], [45, "minor", null], [45, "dominant-seventh", null], [50, "major", null], [50, "major", null], [45, "minor", null], [50, "dominant-seventh", null], [55, "major", null], [50, "dominant-seventh", null], [55, "major", null], [43, "dominant-seventh", null], [48, "major", null], [45, "dominant-seventh", null], [50, "major", null], [53, "major", null], [50, "dominant-seventh", null], [55, "major", null]], "tempos": [{"qpm": 120, "time": 0}], "beats": [{"time": 0, "is_downbeat": true}, {"time": 24, "is_downbeat": false}, {"time": 48, "is_downbeat": false}, {"time": 72, "is_downbeat": false}, {"time": 96, "is_downbeat": true}, {"time": 120, "is_downbeat": false}, {"time": 144, "is_downbeat": false}, {"time": 168, "is_downbeat": false}, {"time": 192, "is_downbeat": true}, {"time": 216, "is_downbeat": false}, {"time": 240, "is_downbeat": false}, {"time": 264, "is_downbeat": false}, {"time": 288, "is_downbeat": true}, {"time": 312, "is_downbeat": false}, {"time": 336, "is_downbeat": false}, {"time": 360, "is_downbeat": false}, {"time": 384, "is_downbeat": true}, {"time": 408, "is_downbeat": false}, {"time": 432, "is_downbeat": false}, {"time": 456, "is_downbeat": false}, {"time": 480, "is_downbeat": true}, {"time": 504, "is_downbeat": false}, {"time": 528, "is_downbeat": false}, {"time": 552, "is_downbeat": false}, {"time": 576, "is_downbeat": true}, {"time": 600, "is_downbeat": false}, {"time": 624, "is_downbeat": false}, {"time": 648, "is_downbeat": false}, {"time": 672, "is_downbeat": true}, {"time": 696, "is_downbeat": false}, {"time": 720, "is_downbeat": false}, {"time": 744, "is_downbeat": false}, {"time": 768, "is_downbeat": true}, {"time": 792, "is_downbeat": false}, {"time": 816, "is_downbeat": false}, {"time": 840, "is_downbeat": false}, {"time": 864, "is_downbeat": true}, {"time": 888, "is_downbeat": false}, {"time": 912, "is_downbeat": false}, {"time": 936, "is_downbeat": false}, {"time": 960, "is_downbeat": true}, {"time": 984, "is_downbeat": false}, {"time": 1008, "is_downbeat": false}, {"time": 1032, "is_downbeat": false}, {"time": 1056, "is_downbeat": true}, {"time": 1080, "is_downbeat": false}, {"time": 1104, "is_downbeat": false}, {"time": 1128, "is_downbeat": false}, {"time": 1152, "is_downbeat": true}, {"time": 1176, "is_downbeat": false}, {"time": 1200, "is_downbeat": false}, {"time": 1224, "is_downbeat": false}, {"time": 1248, "is_downbeat": true}, {"time": 1272, "is_downbeat": false}, {"time": 1296, "is_downbeat": false}, {"time": 1320, "is_downbeat": false}, {"time": 1344, "is_downbeat": true}, {"time": 1368, "is_downbeat": false}, {"time": 1392, "is_downbeat": false}, {"time": 1416, "is_downbeat": false}, {"time": 1440, "is_downbeat": true}, {"time": 1464, "is_downbeat": false}, {"time": 1488, "is_downbeat": false}, {"time": 1512, "is_downbeat": false}, {"time": 1536, "is_downbeat": true}, {"time": 1560, "is_downbeat": false}, {"time": 1584, "is_downbeat": false}, {"time": 1608, "is_downbeat": false}, {"time": 1632, "is_downbeat": true}, {"time": 1656, "is_downbeat": false}, {"time": 1680, "is_downbeat": false}, {"time": 1704, "is_downbeat": false}, {"time": 1728, "is_downbeat": true}, {"time": 1752, "is_downbeat": false}, {"time": 1776, "is_downbeat": false}, {"time": 1800, "is_downbeat": false}, {"time": 1824, "is_downbeat": true}, {"time": 1848, "is_downbeat": false}, {"time": 1872, "is_downbeat": false}, {"time": 1896, "is_downbeat": false}, {"time": 1920, "is_downbeat": true}, {"time": 1944, "is_downbeat": false}, {"time": 1968, "is_downbeat": false}, {"time": 1992, "is_downbeat": false}, {"time": 2016, "is_downbeat": true}, {"time": 2040, "is_downbeat": false}, {"time": 2064, "is_downbeat": false}, {"time": 2088, "is_downbeat": false}, {"time": 2112, "is_downbeat": true}, {"time": 2136, "is_downbeat": false}, {"time": 2160, "is_downbeat": false}, {"time": 2184, "is_downbeat": false}, {"time": 2208, "is_downbeat": true}, {"time": 2232, "is_downbeat": false}, {"time": 2256, "is_downbeat": false}, {"time": 2280, "is_downbeat": false}, {"time": 2304, "is_downbeat": true}, {"time": 2328, "is_downbeat": false}, {"time": 2352, "is_downbeat": false}, {"time": 2376, "is_downbeat": false}, {"time": 2400, "is_downbeat": true}, {"time": 2424, "is_downbeat": false}, {"time": 2448, "is_downbeat": false}, {"time": 2472, "is_downbeat": false}, {"time": 2496, "is_downbeat": true}, {"time": 2520, "is_downbeat": false}, {"time": 2544, "is_downbeat": false}, {"time": 2568, "is_downbeat": false}, {"time": 2592, "is_downbeat": true}, {"time": 2616, "is_downbeat": false}, {"time": 2640, "is_downbeat": false}, {"time": 2664, "is_downbeat": false}, {"time": 2688, "is_downbeat": true}, {"time": 2712, "is_downbeat": false}, {"time": 2736, "is_downbeat": false}, {"time": 2760, "is_downbeat": false}, {"time": 2784, "is_downbeat": true}, {"time": 2808, "is_downbeat": false}, {"time": 2832, "is_downbeat": false}, {"time": 2856, "is_downbeat": false}, {"time": 2880, "is_downbeat": true}, {"time": 2904, "is_downbeat": false}, {"time": 2928, "is_downbeat": false}, {"time": 2952, "is_downbeat": false}, {"time": 2976, "is_downbeat": true}, {"time": 3000, "is_downbeat": false}, {"time": 3024, "is_downbeat": false}, {"time": 3048, "is_downbeat": false}]}