{"metadata": {"title": "s-h-reel"}, "tracks": [{"notes": [{"pitch": 71, "duration": 24}, {"pitch": 72, "duration": 24}, {"pitch": 74, "duration": 24}, {"pitch": 74, "duration": 24}, {"pitch": 71, "duration": 24}, {"pitch": 71, "duration": 24}, {"pitch": 67, "duration": 24}, {"pitch": 67, "duration": 24}, {"pitch": 62, "duration": 48}, {"pitch": 67, "duration": 24}, {"pitch": 67, "duration": 24}, {"pitch": 69, "duration": 24}, {"pitch": 67, "duration": 24}, {"pitch": 66, "duration": 24}, {"pitch": 69, "duration": 24}, {"pitch": 76, "duration": 24}, {"pitch": 75, "duration": 24}, {"pitch": 74, "duration": 24}, {"pitch": 74, "duration": 24}, {"pitch": 71, "duration": 24}, {"pitch": 71, "duration": 24}, {"pitch": 67, "duration": 16}, {"pitch": 69, "duration": 8}, {"pitch": 67, "duration": 24}, {"pitch": 62, "duration": 48}, {"pitch": 69, "duration": 16}, {"pitch": 71, "duration": 8}, {"pitch": 72, "duration": 24}, {"pitch": 62, "duration": 16}, {"pitch": 64, "duration": 8}, {"pitch": 66, "duration": 24}, {"pitch": 67, "duration": 48}, {"pitch": 67, "duration": 48}, {"pitch": 67, "duration": 48}, {"pitch": 76, "duration": 24}, {"pitch": 76, "duration": 24}, {"pitch": 72, "duration": 16}, {"pitch": 74, "duration": 8}, {"pitch": 76, "duration": 24}, {"pitch": 74, "duration": 24}, {"pitch": 74, "duration": 24}, {"pitch": 71, "duration": 48}, {"pitch": 72, "duration": 24}, {"pitch": 72, "duration": 24}, {"pitch": 69, "duration": 24}, {"pitch": 76, "duration": 24}, {"pitch": 74, "duration": 16}, {"pitch": 73, "duration": 8}, {"pitch": 74, "duration": 24}, {"pitch": 71, "duration": 48}, {"pitch": 76, "duration": 24}, {"pitch": 76, "duration": 24}, {"pitch": 72, "duration": 16}, {"pitch": 74, "duration": 8}, {"pitch": 76, "duration": 24}, {"pitch": 74, "duration": 24}, {"pitch": 74, "duration": 24}, {"pitch": 71, "duration": 40}, {"pitch": 70, "duration": 8}, {"pitch": 69, "duration": 24}, {"pitch": 71, "duration": 24}, {"pitch": 72, "duration": 24}, {"pitch": 73, "duration": 24}, {"pitch": 74, "duration": 24}, {"pitch": 76, "duration": 24}, {"pitch": 77, "duration": 24}, {"pitch": 78, "duration": 24}, {"pitch": 79, "duration": 24}, {"pitch": 79, "duration": 24}, {"pitch": 74, "duration": 16}, {"pitch": 76, "duration": 8}, {"pitch": 74, "duration": 24}, {"pitch": 71, "duration": 16}, {"pitch": 72, "duration": 8}, {"pitch": 71, "duration": 24}, {"pitch": 67, "duration": 40}, {"pitch": 62, "duration": 8}, {"pitch": 67, "duration": 24}, {"pitch": 67, "duration": 24}, {"pitch": 69, "duration": 24}, {"pitch": 67, "duration": 24}, {"pitch": 66, "duration": 24}, {"pitch": 67, "duration": 24}, {"pitch": 68, "duration": 24}, {"pitch": 69, "duration": 24}, {"pitch": 74, "duration": 24}, {"pitch": 74, "duration": 24}, {"pitch": 71, "duration": 16}, {"pitch": 72, "duration": 8}, {"pitch": 71, "duration": 24}, {"pitch": 67, "duration": 16}, {"pitch": 69, "duration": 8}, {"pitch": 67, "duration": 24}, {"pitch": 62, "duration": 48}, {"pitch": 69, "duration": 16}, {"pitch": 71, "duration": 8}, {"pitch": 72, "duration": 24}, {"pitch": 62, "duration": 16}, {"pitch": 64, "duration": 8}, {"pitch": 66, "duration": 24}, {"pitch": 67, "duration": 48}], "voicings": [{"pitches": [57, 59, 62, 64], "duration": 32, "time": 64}, {"pitches": [57, 59, 62, 64], "duration": 16, "time": 96}, {"pitches": [-1], "duration": 48, "time": 112}, {"pitches": [57, 59, 62, 64], "duration": 32, "time": 160}, {"pitches": [-1], "duration": 16, "time": 192}, {"pitches": [57, 59, 62, 64], "duration": 8, "time": 208}, {"pitches": [-1], "duration": 40, "time": 216}, {"pitches": [57, 59, 62, 64], "duration": 32, "time": 256}, {"pitches": [57, 59, 62, 64], "duration": 16, "time": 288}, {"pitches": [-1], "duration": 48, "time": 304}, {"pitches": [52, 54, 59, 60], "duration": 32, "time": 352}, {"pitches": [-1], "duration": 16, "time": 384}, {"pitches": [52, 54, 59, 60], "duration": 8, "time": 400}, {"pitches": [-1], "duration": 40, "time": 408}, {"pitches": [52, 59, 62], "duration": 32, "time": 448}, {"pitches": [52, 59, 62], "duration": 16, "time": 480}, {"pitches": [-1], "duration": 48, "time": 496}, {"pitches": [52, 59, 62], "duration": 32, "time": 544}, {"pitches": [-1], "duration": 16, "time": 576}, {"pitches": [52, 59, 62], "duration": 8, "time": 592}, {"pitches": [-1], "duration": 40, "time": 600}, {"pitches": [48, 52, 55, 59], "duration": 8, "time": 640}, {"pitches": [-1], "duration": 16, "time": 648}, {"pitches": [48, 52, 55, 59], "duration": 8, "time": 664}, {"pitches": [-1], "duration": 16, "time": 672}, {"pitches": [52, 54, 59, 60], "duration": 8, "time": 688}, {"pitches": [-1], "duration": 16, "time": 696}, {"pitches": [52, 54, 59, 60], "duration": 8, "time": 712}, {"pitches": [-1], "duration": 16, "time": 720}, {"pitches": [52, 57, 59, 62], "duration": 8, "time": 736}, {"pitches": [-1], "duration": 16, "time": 744}, {"pitches": [52, 57, 59, 62], "duration": 8, "time": 760}, {"pitches": [-1], "duration": 16, "time": 768}, {"pitches": [52, 57, 59, 62], "duration": 8, "time": 784}, {"pitches": [-1], "duration": 16, "time": 792}, {"pitches": [52, 57, 59, 62], "duration": 8, "time": 808}, {"pitches": [-1], "duration": 16, "time": 816}, {"pitches": [52, 57, 59, 62], "duration": 32, "time": 832}, {"pitches": [52, 55, 59], "duration": 16, "time": 864}, {"pitches": [-1], "duration": 48, "time": 880}, {"pitches": [52, 55, 59], "duration": 32, "time": 928}, {"pitches": [52, 57, 59, 62], "duration": 16, "time": 960}, {"pitches": [-1], "duration": 48, "time": 976}, {"pitches": [52, 57, 59, 62], "duration": 32, "time": 1024}, {"pitches": [52, 54, 59], "duration": 16, "time": 1056}, {"pitches": [-1], "duration": 48, "time": 1072}, {"pitches": [52, 54, 59], "duration": 32, "time": 1120}, {"pitches": [-1], "duration": 16, "time": 1152}, {"pitches": [52, 57, 59, 62], "duration": 8, "time": 1168}, {"pitches": [-1], "duration": 40, "time": 1176}, {"pitches": [52, 57, 59, 62], "duration": 32, "time": 1216}, {"pitches": [52, 55, 59, 62], "duration": 16, "time": 1248}, {"pitches": [-1], "duration": 48, "time": 1264}, {"pitches": [52, 55, 59, 62], "duration": 32, "time": 1312}, {"pitches": [52, 57, 59, 62], "duration": 16, "time": 1344}, {"pitches": [-1], "duration": 48, "time": 1360}, {"pitches": [52, 57, 59, 62], "duration": 32, "time": 1408}, {"pitches": [49, 55, 59], "duration": 16, "time": 1440}, {"pitches": [-1], "duration": 48, "time": 1456}, {"pitches": [49, 55, 59], "duration": 32, "time": 1504}, {"pitches": [-1], "duration": 16, "time": 1536}, {"pitches": [52, 54, 59, 60], "duration": 8, "time": 1552}, {"pitches": [-1], "duration": 40, "time": 1560}, {"pitches": [52, 54, 59, 60], "duration": 8, "time": 1600}, {"pitches": [-1], "duration": 24, "time": 1608}, {"pitches": [52, 57, 62], "duration": 24, "time": 1632}, {"pitches": [-1], "duration": 40, "time": 1656}, {"pitches": [52, 57, 62], "duration": 32, "time": 1696}, {"pitches": [-1], "duration": 16, "time": 1728}, {"pitches": [52, 57, 62], "duration": 8, "time": 1744}, {"pitches": [-1], "duration": 40, "time": 1752}, {"pitches": [52, 57, 62], "duration": 8, "time": 1792}, {"pitches": [-1], "duration": 16, "time": 1800}, {"pitches": [52, 57, 62], "duration": 8, "time": 1816}, {"pitches": [-1], "duration": 16, "time": 1824}, {"pitches": [52, 57, 62], "duration": 8, "time": 1840}, {"pitches": [-1], "duration": 16, "time": 1848}, {"pitches": [52, 57, 62], "duration": 8, "time": 1864}, {"pitches": [-1], "duration": 16, "time": 1872}, {"pitches": [52, 57, 62], "duration": 8, "time": 1888}, {"pitches": [-1], "duration": 16, "time": 1896}, {"pitches": [52, 57, 62], "duration": 8, "time": 1912}, {"pitches": [-1], "duration": 16, "time": 1920}, {"pitches": [52, 59], "duration": 8, "time": 1936}, {"pitches": [-1], "duration": 16, "time": 1944}, {"pitches": [52, 59], "duration": 8, "time": 1960}, {"pitches": [-1], "duration": 16, "time": 1968}, {"pitches": [52, 59], "duration": 8, "time": 1984}, {"pitches": [-1], "duration": 24, "time": 1992}, {"pitches": [52, 57, 59, 62], "duration": 24, "time": 2016}, {"pitches": [-1], "duration": 40, "time": 2040}, {"pitches": [52, 57, 59, 62], "duration": 32, "time": 2080}, {"pitches": [52, 57, 59, 62], "duration": 16, "time": 2112}, {"pitches": [-1], "duration": 48, "time": 2128}, {"pitches": [52, 57, 59, 62], "duration": 32, "time": 2176}, {"pitches": [-1], "duration": 16, "time": 2208}, {"pitches": [55, 59, 60], "duration": 8, "time": 2224}, {"pitches": [-1], "duration": 64, "time": 2232}, {"pitches": [52, 54, 59, 60], "duration": 8, "time": 2296}], "basses": [{"pitch": 43, "duration": 24}, {"pitch": 43, "duration": 24}, {"pitch": 50, "duration": 24}, {"pitch": 42, "duration": 24}, {"pitch": 31, "duration": 24}, {"pitch": 31, "duration": 24}, {"pitch": 31, "duration": 24}, {"pitch": 43, "duration": 24}, {"pitch": 43, "duration": 24}, {"pitch": 43, "duration": 24}, {"pitch": 43, "duration": 24}, {"pitch": 43, "duration": 24}, {"pitch": 50, "duration": 24}, {"pitch": 45, "duration": 24}, {"pitch": 38, "duration": 24}, {"pitch": 32, "duration": 24}, {"pitch": 31, "duration": 24}, {"pitch": 31, "duration": 24}, {"pitch": 31, "duration": 24}, {"pitch": 32, "duration": 24}, {"pitch": 43, "duration": 24}, {"pitch": 50, "duration": 24}, {"pitch": 43, "duration": 24}, {"pitch": 31, "duration": 24}, {"pitch": 33, "duration": 24}, {"pitch": 37, "duration": 24}, {"pitch": 38, "duration": 24}, {"pitch": 42, "duration": 24}, {"pitch": 43, "duration": 24}, {"pitch": 42, "duration": 24}, {"pitch": 31, "duration": 24}, {"pitch": 26, "duration": 24}, {"pitch": 31, "duration": 24}, {"pitch": 37, "duration": 24}, {"pitch": 48, "duration": 24}, {"pitch": 43, "duration": 24}, {"pitch": 36, "duration": 24}, {"pitch": 32, "duration": 24}, {"pitch": 31, "duration": 24}, {"pitch": 26, "duration": 24}, {"pitch": 31, "duration": 24}, {"pitch": 38, "duration": 24}, {"pitch": 50, "duration": 24}, {"pitch": 45, "duration": 24}, {"pitch": 38, "duration": 24}, {"pitch": 33, "duration": 24}, {"pitch": 31, "duration": 24}, {"pitch": 31, "duration": 24}, {"pitch": 31, "duration": 24}, {"pitch": 38, "duration": 24}, {"pitch": 48, "duration": 24}, {"pitch": 43, "duration": 24}, {"pitch": 36, "duration": 24}, {"pitch": 30, "duration": 24}, {"pitch": 31, "duration": 24}, {"pitch": 38, "duration": 24}, {"pitch": 43, "duration": 24}, {"pitch": 50, "duration": 24}, {"pitch": 45, "duration": 24}, {"pitch": 33, "duration": 24}, {"pitch": 28, "duration": 24}, {"pitch": 25, "duration": 24}, {"pitch": 26, "duration": 24}, {"pitch": 33, "duration": 24}, {"pitch": 38, "duration": 24}, {"pitch": 44, "duration": 24}, {"pitch": 43, "duration": 24}, {"pitch": 38, "duration": 24}, {"pitch": 31, "duration": 24}, {"pitch": 32, "duration": 24}, {"pitch": 43, "duration": 24}, {"pitch": 50, "duration": 24}, {"pitch": 43, "duration": 24}, {"pitch": 31, "duration": 24}, {"pitch": 31, "duration": 24}, {"pitch": 31, "duration": 24}, {"pitch": 43, "duration": 24}, {"pitch": 44, "duration": 24}, {"pitch": 50, "duration": 24}, {"pitch": 45, "duration": 24}, {"pitch": 38, "duration": 24}, {"pitch": 32, "duration": 24}, {"pitch": 31, "duration": 24}, {"pitch": 26, "duration": 24}, {"pitch": 31, "duration": 24}, {"pitch": 42, "duration": 24}, {"pitch": 43, "duration": 24}, {"pitch": 43, "duration": 24}, {"pitch": 43, "duration": 24}, {"pitch": 43, "duration": 24}, {"pitch": 45, "duration": 24}, {"pitch": 51, "duration": 24}, {"pitch": 50, "duration": 24}, {"pitch": 42, "duration": 24}, {"pitch": 31, "duration": 24}, {"pitch": 31, "duration": 24}, {"pitch": 43, "duration": 24}]}], "time_signatures": [{"numerator": 4, "denominator": 4, "time": 0}], "chord_symbols": [[55, "major", null], [50, "dominant-seventh", null], [55, "major", null], [45, "minor", null], [50, "dominant-seventh", null], [55, "major", null], [55, "major", null], [48, "major", null], [55, "major", null], [50, "dominant-seventh", null], [55, "major", null], [48, "major", null], [55, "major", null], [45, "dominant-seventh", null], [50, "dominant-seventh", null], [55, "major", null], [50, "dominant-seventh", null], [55, "major", null], [45, "minor", null], [50, "dominant-seventh", null], [55, "major", null]], "tempos": [{"qpm": 120, "time": 0}], "beats": [{"time": 0, "is_downbeat": true}, {"time": 24, "is_downbeat": false}, {"time": 48, "is_downbeat": true}, {"time": 72, "is_downbeat": false}, {"time": 96, "is_downbeat": false}, {"time": 120, "is_downbeat": false}, {"time": 144, "is_downbeat": true}, {"time": 168, "is_downbeat": false}, {"time": 192, "is_downbeat": false}, {"time": 216, "is_downbeat": false}, {"time": 240, "is_downbeat": true}, {"time": 264, "is_downbeat": false}, {"time": 288, "is_downbeat": false}, {"time": 312, "is_downbeat": false}, {"time": 336, "is_downbeat": true}, {"time": 360, "is_downbeat": false}, {"time": 384, "is_downbeat": false}, {"time": 408, "is_downbeat": false}, {"time": 432, "is_downbeat": true}, {"time": 456, "is_downbeat": false}, {"time": 480, "is_downbeat": false}, {"time": 504, "is_downbeat": false}, {"time": 528, "is_downbeat": true}, {"time": 552, "is_downbeat": false}, {"time": 576, "is_downbeat": false}, {"time": 600, "is_downbeat": false}, {"time": 624, "is_downbeat": true}, {"time": 648, "is_downbeat": false}, {"time": 672, "is_downbeat": false}, {"time": 696, "is_downbeat": false}, {"time": 720, "is_downbeat": true}, {"time": 744, "is_downbeat": false}, {"time": 768, "is_downbeat": true}, {"time": 792, "is_downbeat": false}, {"time": 816, "is_downbeat": false}, {"time": 840, "is_downbeat": false}, {"time": 864, "is_downbeat": true}, {"time": 888, "is_downbeat": false}, {"time": 912, "is_downbeat": false}, {"time": 936, "is_downbeat": false}, {"time": 960, "is_downbeat": true}, {"time": 984, "is_downbeat": false}, {"time": 1008, "is_downbeat": false}, {"time": 1032, "is_downbeat": false}, {"time": 1056, "is_downbeat": true}, {"time": 1080, "is_downbeat": false}, {"time": 1104, "is_downbeat": false}, {"time": 1128, "is_downbeat": false}, {"time": 1152, "is_downbeat": true}, {"time": 1176, "is_downbeat": false}, {"time": 1200, "is_downbeat": false}, {"time": 1224, "is_downbeat": false}, {"time": 1248, "is_downbeat": true}, {"time": 1272, "is_downbeat": false}, {"time": 1296, "is_downbeat": false}, {"time": 1320, "is_downbeat": false}, {"time": 1344, "is_downbeat": true}, {"time": 1368, "is_downbeat": false}, {"time": 1392, "is_downbeat": false}, {"time": 1416, "is_downbeat": false}, {"time": 1440, "is_downbeat": true}, {"time": 1464, "is_downbeat": false}, {"time": 1488, "is_downbeat": false}, {"time": 1512, "is_downbeat": false}, {"time": 1536, "is_downbeat": true}, {"time": 1560, "is_downbeat": false}, {"time": 1584, "is_downbeat": false}, {"time": 1608, "is_downbeat": false}, {"time": 1632, "is_downbeat": true}, {"time": 1656, "is_downbeat": false}, {"time": 1680, "is_downbeat": false}, {"time": 1704, "is_downbeat": false}, {"time": 1728, "is_downbeat": true}, {"time": 1752, "is_downbeat": false}, {"time": 1776, "is_downbeat": false}, {"time": 1800, "is_downbeat": false}, {"time": 1824, "is_downbeat": true}, {"time": 1848, "is_downbeat": false}, {"time": 1872, "is_downbeat": false}, {"time": 1896, "is_downbeat": false}, {"time": 1920, "is_downbeat": true}, {"time": 1944, "is_downbeat": false}, {"time": 1968, "is_downbeat": false}, {"time": 1992, "is_downbeat": false}, {"time": 2016, "is_downbeat": true}, {"time": 2040, "is_downbeat": false}, {"time": 2064, "is_downbeat": false}, {"time": 2088, "is_downbeat": false}, {"time": 2112, "is_downbeat": true}, {"time": 2136, "is_downbeat": false}, {"time": 2160, "is_downbeat": false}, {"time": 2184, "is_downbeat": false}, {"time": 2208, "is_downbeat": true}, {"time": 2232, "is_downbeat": false}, {"time": 2256, "is_downbeat": false}, {"time": 2280, "is_downbeat": false}, {"time": 2304, "is_downbeat": true}, {"time": 2328, "is_downbeat": false}, {"time": 2352, "is_downbeat": false}, {"time": 2376, "is_downbeat": false}]}