{"metadata": {"title": "walking-in-my-sleep"}, "tracks": [{"notes": [{"pitch": 55, "duration": 16}, {"pitch": 57, "duration": 8}, {"pitch": 59, "duration": 16}, {"pitch": 60, "duration": 8}, {"pitch": 62, "duration": 16}, {"pitch": 67, "duration": 8}, {"pitch": 71, "duration": 16}, {"pitch": 74, "duration": 8}, {"pitch": 71, "duration": 64}, {"pitch": 74, "duration": 8}, {"pitch": 71, "duration": 16}, {"pitch": 69, "duration": 8}, {"pitch": 67, "duration": 48}, {"pitch": -1, "duration": 120}, {"pitch": 74, "duration": 16}, {"pitch": 71, "duration": 8}, {"pitch": 69, "duration": 16}, {"pitch": 67, "duration": 8}, {"pitch": 66, "duration": 16}, {"pitch": 69, "duration": 8}, {"pitch": 62, "duration": 16}, {"pitch": 64, "duration": 8}, {"pitch": 62, "duration": 16}, {"pitch": 64, "duration": 8}, {"pitch": 72, "duration": 40}, {"pitch": 74, "duration": 8}, {"pitch": 72, "duration": 24}, {"pitch": 69, "duration": 24}, {"pitch": 71, "duration": 16}, {"pitch": 69, "duration": 8}, {"pitch": 67, "duration": 16}, {"pitch": 71, "duration": 8}, {"pitch": 69, "duration": 16}, {"pitch": 67, "duration": 8}, {"pitch": 66, "duration": 16}, {"pitch": 69, "duration": 8}, {"pitch": 67, "duration": 72}, {"pitch": -1, "duration": 24}, {"pitch": 79, "duration": 16}, {"pitch": 83, "duration": 8}, {"pitch": 79, "duration": 16}, {"pitch": 76, "duration": 8}, {"pitch": 74, "duration": 16}, {"pitch": 79, "duration": 8}, {"pitch": 76, "duration": 16}, {"pitch": 78, "duration": 8}, {"pitch": 79, "duration": 16}, {"pitch": 78, "duration": 8}, {"pitch": 79, "duration": 16}, {"pitch": 83, "duration": 8}, {"pitch": 79, "duration": 16}, {"pitch": 76, "duration": 8}, {"pitch": 79, "duration": 16}, {"pitch": 83, "duration": 8}, {"pitch": 79, "duration": 16}, {"pitch": 76, "duration": 8}, {"pitch": 74, "duration": 16}, {"pitch": 72, "duration": 8}, {"pitch": 71, "duration": 16}, {"pitch": 69, "duration": 8}, {"pitch": 67, "duration": 16}, {"pitch": 62, "duration": 8}, {"pitch": 66, "duration": 24}, {"pitch": 69, "duration": 72}, {"pitch": 78, "duration": 16}, {"pitch": 81, "duration": 24}, {"pitch": 83, "duration": 8}, {"pitch": 81, "duration": 40}, {"pitch": 76, "duration": 8}, {"pitch": 78, "duration": 16}, {"pitch": 76, "duration": 8}, {"pitch": 74, "duration": 16}, {"pitch": 78, "duration": 8}, {"pitch": 76, "duration": 16}, {"pitch": 78, "duration": 8}, {"pitch": 76, "duration": 16}, {"pitch": 78, "duration": 8}, {"pitch": 79, "duration": 16}, {"pitch": 76, "duration": 8}, {"pitch": 74, "duration": 16}, {"pitch": 72, "duration": 8}, {"pitch": 71, "duration": 16}, {"pitch": 74, "duration": 8}, {"pitch": 69, "duration": 16}, {"pitch": 66, "duration": 8}], "voicings": [{"pitches": [64, 69, 72, 82, 86], "duration": 32, "time": 16}, {"pitches": [64, 69, 72, 82, 86], "duration": 16, "time": 48}, {"pitches": [-1], "duration": 48, "time": 64}, {"pitches": [52, 57, 59, 62], "duration": 8, "time": 112}, {"pitches": [-1], "duration": 24, "time": 120}, {"pitches": [52, 57, 59, 62], "duration": 24, "time": 144}, {"pitches": [-1], "duration": 40, "time": 168}, {"pitches": [52, 57, 59, 62], "duration": 8, "time": 208}, {"pitches": [-1], "duration": 24, "time": 216}, {"pitches": [91], "duration": 24, "time": 240}, {"pitches": [-1], "duration": 64, "time": 264}, {"pitches": [90], "duration": 8, "time": 328}, {"pitches": [-1], "duration": 40, "time": 336}, {"pitches": [60, 64, 66, 71], "duration": 24, "time": 376}, {"pitches": [60, 64, 66, 71], "duration": 24, "time": 400}, {"pitches": [-1], "duration": 24, "time": 424}, {"pitches": [60, 64, 66, 71], "duration": 8, "time": 448}, {"pitches": [-1], "duration": 24, "time": 456}, {"pitches": [55, 59, 62], "duration": 24, "time": 480}, {"pitches": [-1], "duration": 16, "time": 504}, {"pitches": [55, 59, 62], "duration": 8, "time": 520}, {"pitches": [-1], "duration": 16, "time": 528}, {"pitches": [55, 59, 62], "duration": 8, "time": 544}, {"pitches": [-1], "duration": 40, "time": 552}, {"pitches": [52, 57, 59, 62], "duration": 32, "time": 592}, {"pitches": [54, 59, 60], "duration": 16, "time": 624}, {"pitches": [-1], "duration": 48, "time": 640}, {"pitches": [52, 57, 59, 62], "duration": 32, "time": 688}, {"pitches": [-1], "duration": 16, "time": 720}, {"pitches": [52, 57, 59, 62], "duration": 8, "time": 736}, {"pitches": [-1], "duration": 40, "time": 744}, {"pitches": [52, 57, 59, 62], "duration": 8, "time": 784}, {"pitches": [-1], "duration": 24, "time": 792}, {"pitches": [52, 57, 59, 62], "duration": 24, "time": 816}, {"pitches": [-1], "duration": 40, "time": 840}, {"pitches": [52, 57, 59, 62], "duration": 32, "time": 880}, {"pitches": [52, 57, 59, 62], "duration": 16, "time": 912}, {"pitches": [-1], "duration": 72, "time": 928}, {"pitches": [52, 57, 59, 62], "duration": 8, "time": 1000}, {"pitches": [-1], "duration": 40, "time": 1008}, {"pitches": [52, 57, 59, 62], "duration": 8, "time": 1048}, {"pitches": [-1], "duration": 40, "time": 1056}, {"pitches": [52, 54, 59], "duration": 8, "time": 1096}, {"pitches": [-1], "duration": 40, "time": 1104}, {"pitches": [52, 54, 59], "duration": 8, "time": 1144}, {"pitches": [-1], "duration": 16, "time": 1152}, {"pitches": [52, 54, 59], "duration": 32, "time": 1168}, {"pitches": [52, 54, 59], "duration": 16, "time": 1200}, {"pitches": [-1], "duration": 48, "time": 1216}, {"pitches": [52, 54, 59, 60], "duration": 32, "time": 1264}, {"pitches": [52, 54, 59, 60], "duration": 16, "time": 1296}, {"pitches": [-1], "duration": 48, "time": 1312}, {"pitches": [52, 54, 59, 60], "duration": 8, "time": 1360}, {"pitches": [-1], "duration": 16, "time": 1368}, {"pitches": [52, 54, 59, 60], "duration": 8, "time": 1384}, {"pitches": [-1], "duration": 16, "time": 1392}, {"pitches": [52, 54, 59, 60], "duration": 8, "time": 1408}, {"pitches": [-1], "duration": 16, "time": 1416}, {"pitches": [52, 54, 59, 60], "duration": 8, "time": 1432}, {"pitches": [-1], "duration": 16, "time": 1440}, {"pitches": [83], "duration": 8, "time": 1456}, {"pitches": [-1], "duration": 16, "time": 1464}, {"pitches": [83], "duration": 8, "time": 1480}, {"pitches": [-1], "duration": 16, "time": 1488}, {"pitches": [83], "duration": 8, "time": 1504}, {"pitches": [-1], "duration": 16, "time": 1512}, {"pitches": [83], "duration": 8, "time": 1528}], "basses": [{"pitch": 43, "duration": 24}, {"pitch": 43, "duration": 24}, {"pitch": 45, "duration": 24}, {"pitch": 44, "duration": 24}, {"pitch": 43, "duration": 24}, {"pitch": 38, "duration": 24}, {"pitch": 31, "duration": 24}, {"pitch": 32, "duration": 24}, {"pitch": 43, "duration": 24}, {"pitch": 41, "duration": 24}, {"pitch": 40, "duration": 24}, {"pitch": 39, "duration": 24}, {"pitch": 38, "duration": 24}, {"pitch": 33, "duration": 24}, {"pitch": 26, "duration": 24}, {"pitch": 27, "duration": 24}, {"pitch": 38, "duration": 24}, {"pitch": 45, "duration": 24}, {"pitch": 50, "duration": 24}, {"pitch": 47, "duration": 24}, {"pitch": 36, "duration": 24}, {"pitch": 24, "duration": 24}, {"pitch": 31, "duration": 24}, {"pitch": 43, "duration": 24}, {"pitch": 43, "duration": 24}, {"pitch": 43, "duration": 24}, {"pitch": 50, "duration": 24}, {"pitch": 44, "duration": 24}, {"pitch": 43, "duration": 24}, {"pitch": 31, "duration": 24}, {"pitch": 26, "duration": 24}, {"pitch": 30, "duration": 24}, {"pitch": 31, "duration": 24}, {"pitch": 38, "duration": 24}, {"pitch": 43, "duration": 24}, {"pitch": 44, "duration": 24}, {"pitch": 43, "duration": 24}, {"pitch": 38, "duration": 24}, {"pitch": 31, "duration": 24}, {"pitch": 26, "duration": 24}, {"pitch": 31, "duration": 24}, {"pitch": 38, "duration": 24}, {"pitch": 43, "duration": 24}, {"pitch": 51, "duration": 24}, {"pitch": 50, "duration": 24}, {"pitch": 45, "duration": 24}, {"pitch": 38, "duration": 24}, {"pitch": 33, "duration": 24}, {"pitch": 26, "duration": 24}, {"pitch": 33, "duration": 24}, {"pitch": 38, "duration": 24}, {"pitch": 50, "duration": 24}, {"pitch": 50, "duration": 24}, {"pitch": 50, "duration": 24}, {"pitch": 45, "duration": 24}, {"pitch": 37, "duration": 24}, {"pitch": 26, "duration": 24}, {"pitch": 26, "duration": 24}, {"pitch": 26, "duration": 24}, {"pitch": 38, "duration": 24}, {"pitch": 43, "duration": 24}, {"pitch": 43, "duration": 24}, {"pitch": 43, "duration": 24}, {"pitch": 43, "duration": 24}, {"pitch": 43, "duration": 24}]}], "time_signatures": [{"numerator": 4, "denominator": 4, "time": 0}], "chord_symbols": [[50, "minor-sixth-11th", 55], [55, "major", null], [55, "major", null], [76, "minor-third-interval", null], [50, "dominant-seventh", null], [74, "major-third-interval", null], [50, "dominant-seventh", null], [48, "major", null], [55, "major", null], [50, "dominant-seventh", null], [55, "major", null], [55, "major", null], [55, "major", null], [50, "dominant-seventh", null], [50, "dominant-seventh", null], [55, "major", null], [67, "major-third-interval", null]], "tempos": [{"qpm": 120, "time": 0}], "beats": [{"time": 0, "is_downbeat": true}, {"time": 24, "is_downbeat": false}, {"time": 48, "is_downbeat": false}, {"time": 72, "is_downbeat": false}, {"time": 96, "is_downbeat": true}, {"time": 120, "is_downbeat": false}, {"time": 144, "is_downbeat": false}, {"time": 168, "is_downbeat": false}, {"time": 192, "is_downbeat": true}, {"time": 216, "is_downbeat": false}, {"time": 240, "is_downbeat": false}, {"time": 264, "is_downbeat": false}, {"time": 288, "is_downbeat": true}, {"time": 312, "is_downbeat": false}, {"time": 336, "is_downbeat": false}, {"time": 360, "is_downbeat": false}, {"time": 384, "is_downbeat": true}, {"time": 408, "is_downbeat": false}, {"time": 432, "is_downbeat": false}, {"time": 456, "is_downbeat": false}, {"time": 480, "is_downbeat": true}, {"time": 504, "is_downbeat": false}, {"time": 528, "is_downbeat": false}, {"time": 552, "is_downbeat": false}, {"time": 576, "is_downbeat": true}, {"time": 600, "is_downbeat": false}, {"time": 624, "is_downbeat": false}, {"time": 648, "is_downbeat": false}, {"time": 672, "is_downbeat": true}, {"time": 696, "is_downbeat": false}, {"time": 720, "is_downbeat": false}, {"time": 744, "is_downbeat": false}, {"time": 768, "is_downbeat": true}, {"time": 792, "is_downbeat": false}, {"time": 816, "is_downbeat": false}, {"time": 840, "is_downbeat": false}, {"time": 864, "is_downbeat": true}, {"time": 888, "is_downbeat": false}, {"time": 912, "is_downbeat": false}, {"time": 936, "is_downbeat": false}, {"time": 960, "is_downbeat": true}, {"time": 984, "is_downbeat": false}, {"time": 1008, "is_downbeat": false}, {"time": 1032, "is_downbeat": false}, {"time": 1056, "is_downbeat": true}, {"time": 1080, "is_downbeat": false}, {"time": 1104, "is_downbeat": false}, {"time": 1128, "is_downbeat": false}, {"time": 1152, "is_downbeat": true}, {"time": 1176, "is_downbeat": false}, {"time": 1200, "is_downbeat": false}, {"time": 1224, "is_downbeat": false}, {"time": 1248, "is_downbeat": true}, {"time": 1272, "is_downbeat": false}, {"time": 1296, "is_downbeat": false}, {"time": 1320, "is_downbeat": false}, {"time": 1344, "is_downbeat": true}, {"time": 1368, "is_downbeat": false}, {"time": 1392, "is_downbeat": false}, {"time": 1416, "is_downbeat": false}, {"time": 1440, "is_downbeat": true}, {"time": 1464, "is_downbeat": false}, {"time": 1488, "is_downbeat": false}, {"time": 1512, "is_downbeat": false}]}