{"metadata": {"title": "ways-of-the-world"}, "tracks": [{"notes": [{"pitch": 73, "duration": 6}, {"pitch": 71, "duration": 6}, {"pitch": 69, "duration": 16}, {"pitch": 71, "duration": 8}, {"pitch": 74, "duration": 16}, {"pitch": 76, "duration": 8}, {"pitch": 78, "duration": 16}, {"pitch": 74, "duration": 8}, {"pitch": 78, "duration": 16}, {"pitch": 74, "duration": 8}, {"pitch": 76, "duration": 16}, {"pitch": 74, "duration": 8}, {"pitch": 71, "duration": 16}, {"pitch": 74, "duration": 8}, {"pitch": 69, "duration": 24}, {"pitch": 69, "duration": 40}, {"pitch": 71, "duration": 8}, {"pitch": 74, "duration": 16}, {"pitch": 76, "duration": 8}, {"pitch": 78, "duration": 24}, {"pitch": 81, "duration": 24}, {"pitch": 76, "duration": 40}, {"pitch": 78, "duration": 8}, {"pitch": 76, "duration": 24}, {"pitch": 69, "duration": 40}, {"pitch": 71, "duration": 8}, {"pitch": 74, "duration": 16}, {"pitch": 76, "duration": 8}, {"pitch": 78, "duration": 16}, {"pitch": 74, "duration": 8}, {"pitch": 78, "duration": 16}, {"pitch": 74, "duration": 8}, {"pitch": 76, "duration": 16}, {"pitch": 74, "duration": 8}, {"pitch": 71, "duration": 16}, {"pitch": 74, "duration": 8}, {"pitch": 69, "duration": 24}, {"pitch": 69, "duration": 16}, {"pitch": 71, "duration": 8}, {"pitch": 69, "duration": 24}, {"pitch": 66, "duration": 24}, {"pitch": 64, "duration": 16}, {"pitch": 66, "duration": 24}, {"pitch": 64, "duration": 8}, {"pitch": 62, "duration": 24}, {"pitch": -1, "duration": 24}, {"pitch": 62, "duration": 24}, {"pitch": 69, "duration": 16}, {"pitch": 71, "duration": 8}, {"pitch": 69, "duration": 24}, {"pitch": 66, "duration": 24}, {"pitch": 69, "duration": 40}, {"pitch": 71, "duration": 8}, {"pitch": 69, "duration": 24}, {"pitch": 66, "duration": 48}, {"pitch": 69, "duration": 16}, {"pitch": 71, "duration": 8}, {"pitch": 69, "duration": 24}, {"pitch": 66, "duration": 24}, {"pitch": 64, "duration": 16}, {"pitch": 66, "duration": 24}, {"pitch": 64, "duration": 8}, {"pitch": 62, "duration": 72}, {"pitch": 69, "duration": 16}, {"pitch": 71, "duration": 8}, {"pitch": 69, "duration": 24}, {"pitch": 66, "duration": 24}, {"pitch": 69, "duration": 40}, {"pitch": 71, "duration": 8}, {"pitch": 69, "duration": 24}, {"pitch": 66, "duration": 48}, {"pitch": 62, "duration": 16}, {"pitch": 64, "duration": 24}, {"pitch": 66, "duration": 8}, {"pitch": 64, "duration": 16}, {"pitch": 62, "duration": 8}, {"pitch": 64, "duration": 16}, {"pitch": 66, "duration": 24}, {"pitch": 64, "duration": 8}, {"pitch": 62, "duration": 24}, {"pitch": -1, "duration": 24}, {"pitch": 62, "duration": 24}], "voicings": [{"pitches": [54, 57, 59], "duration": 32, "time": 28}, {"pitches": [-1], "duration": 16, "time": 60}, {"pitches": [54, 57, 59], "duration": 8, "time": 76}, {"pitches": [-1], "duration": 40, "time": 84}, {"pitches": [54, 57, 59], "duration": 8, "time": 124}, {"pitches": [-1], "duration": 24, "time": 132}, {"pitches": [54, 57, 59], "duration": 24, "time": 156}, {"pitches": [-1], "duration": 40, "time": 180}, {"pitches": [54, 57, 59], "duration": 32, "time": 220}, {"pitches": [-1], "duration": 16, "time": 252}, {"pitches": [54, 57, 59], "duration": 8, "time": 268}, {"pitches": [-1], "duration": 40, "time": 276}, {"pitches": [49, 54, 55, 59], "duration": 32, "time": 316}, {"pitches": [-1], "duration": 16, "time": 348}, {"pitches": [49, 54, 55, 59], "duration": 8, "time": 364}, {"pitches": [-1], "duration": 40, "time": 372}, {"pitches": [54, 57, 59], "duration": 32, "time": 412}, {"pitches": [54, 57, 59], "duration": 16, "time": 444}, {"pitches": [-1], "duration": 48, "time": 460}, {"pitches": [54, 57, 59, 62], "duration": 32, "time": 508}, {"pitches": [52, 54, 59], "duration": 16, "time": 540}, {"pitches": [-1], "duration": 48, "time": 556}, {"pitches": [52, 54, 57, 59], "duration": 32, "time": 604}, {"pitches": [54, 55, 59, 61], "duration": 16, "time": 636}, {"pitches": [-1], "duration": 48, "time": 652}, {"pitches": [81], "duration": 32, "time": 700}, {"pitches": [-1], "duration": 16, "time": 732}, {"pitches": [81], "duration": 8, "time": 748}, {"pitches": [-1], "duration": 40, "time": 756}, {"pitches": [59, 66, 69], "duration": 32, "time": 796}, {"pitches": [59, 66, 69], "duration": 16, "time": 828}, {"pitches": [-1], "duration": 48, "time": 844}, {"pitches": [59, 66, 69], "duration": 32, "time": 892}, {"pitches": [59, 66, 69], "duration": 16, "time": 924}, {"pitches": [-1], "duration": 48, "time": 940}, {"pitches": [52, 54, 57, 59], "duration": 32, "time": 988}, {"pitches": [54, 55, 59, 61], "duration": 16, "time": 1020}, {"pitches": [-1], "duration": 48, "time": 1036}, {"pitches": [52, 54, 57, 59], "duration": 8, "time": 1084}, {"pitches": [-1], "duration": 24, "time": 1092}, {"pitches": [52, 54, 57, 59], "duration": 24, "time": 1116}, {"pitches": [-1], "duration": 64, "time": 1140}, {"pitches": [52, 54, 57, 59], "duration": 8, "time": 1204}, {"pitches": [-1], "duration": 40, "time": 1212}, {"pitches": [52, 54, 57, 59], "duration": 8, "time": 1252}, {"pitches": [-1], "duration": 40, "time": 1260}, {"pitches": [52, 54, 57, 59], "duration": 8, "time": 1300}, {"pitches": [-1], "duration": 40, "time": 1308}, {"pitches": [52, 54, 57, 59], "duration": 8, "time": 1348}, {"pitches": [-1], "duration": 16, "time": 1356}, {"pitches": [54, 55, 59, 61], "duration": 32, "time": 1372}, {"pitches": [54, 55, 59, 61], "duration": 16, "time": 1404}, {"pitches": [-1], "duration": 48, "time": 1420}, {"pitches": [81], "duration": 32, "time": 1468}, {"pitches": [81], "duration": 16, "time": 1500}], "basses": [{"pitch": 50, "duration": 24}, {"pitch": 50, "duration": 24}, {"pitch": 45, "duration": 24}, {"pitch": 37, "duration": 24}, {"pitch": 26, "duration": 24}, {"pitch": 26, "duration": 24}, {"pitch": 26, "duration": 24}, {"pitch": 38, "duration": 24}, {"pitch": 50, "duration": 24}, {"pitch": 50, "duration": 24}, {"pitch": 50, "duration": 24}, {"pitch": 49, "duration": 24}, {"pitch": 45, "duration": 24}, {"pitch": 33, "duration": 24}, {"pitch": 28, "duration": 24}, {"pitch": 28, "duration": 24}, {"pitch": 38, "duration": 24}, {"pitch": 50, "duration": 24}, {"pitch": 45, "duration": 24}, {"pitch": 44, "duration": 24}, {"pitch": 43, "duration": 24}, {"pitch": 39, "duration": 24}, {"pitch": 38, "duration": 24}, {"pitch": 37, "duration": 24}, {"pitch": 26, "duration": 24}, {"pitch": 32, "duration": 24}, {"pitch": 33, "duration": 24}, {"pitch": 40, "duration": 24}, {"pitch": 45, "duration": 24}, {"pitch": 50, "duration": 24}, {"pitch": 50, "duration": 24}, {"pitch": 50, "duration": 24}, {"pitch": 50, "duration": 24}, {"pitch": 50, "duration": 24}, {"pitch": 45, "duration": 24}, {"pitch": 39, "duration": 24}, {"pitch": 38, "duration": 24}, {"pitch": 33, "duration": 24}, {"pitch": 26, "duration": 24}, {"pitch": 26, "duration": 24}, {"pitch": 38, "duration": 24}, {"pitch": 46, "duration": 24}, {"pitch": 45, "duration": 24}, {"pitch": 39, "duration": 24}, {"pitch": 38, "duration": 24}, {"pitch": 33, "duration": 24}, {"pitch": 26, "duration": 24}, {"pitch": 27, "duration": 24}, {"pitch": 38, "duration": 24}, {"pitch": 45, "duration": 24}, {"pitch": 50, "duration": 24}, {"pitch": 45, "duration": 24}, {"pitch": 38, "duration": 24}, {"pitch": 26, "duration": 24}, {"pitch": 33, "duration": 24}, {"pitch": 39, "duration": 24}, {"pitch": 45, "duration": 24}, {"pitch": 52, "duration": 24}, {"pitch": 45, "duration": 24}, {"pitch": 39, "duration": 24}, {"pitch": 38, "duration": 24}, {"pitch": 26, "duration": 24}, {"pitch": 26, "duration": 24}, {"pitch": 50, "duration": 24}]}], "time_signatures": [{"numerator": 4, "denominator": 4, "time": 0}], "chord_symbols": [[50, "major", null], [45, "dominant-seventh", null], [50, "major", null], [55, "major", null], [50, "major", null], [50, "major", null], [45, "dominant-seventh", null], [62, "fifth-interval", null], [50, "major", null], [50, "major", null], [45, "dominant-seventh", null], [50, "major", null], [45, "dominant-seventh", null], [50, "major", null], [62, "fifth-interval", null]], "tempos": [{"qpm": 120, "time": 0}], "beats": [{"time": 0, "is_downbeat": true}, {"time": 12, "is_downbeat": true}, {"time": 36, "is_downbeat": false}, {"time": 60, "is_downbeat": false}, {"time": 84, "is_downbeat": false}, {"time": 108, "is_downbeat": true}, {"time": 132, "is_downbeat": false}, {"time": 156, "is_downbeat": false}, {"time": 180, "is_downbeat": false}, {"time": 204, "is_downbeat": true}, {"time": 228, "is_downbeat": false}, {"time": 252, "is_downbeat": false}, {"time": 276, "is_downbeat": false}, {"time": 300, "is_downbeat": true}, {"time": 324, "is_downbeat": false}, {"time": 348, "is_downbeat": false}, {"time": 372, "is_downbeat": false}, {"time": 396, "is_downbeat": true}, {"time": 420, "is_downbeat": false}, {"time": 444, "is_downbeat": false}, {"time": 468, "is_downbeat": false}, {"time": 492, "is_downbeat": true}, {"time": 516, "is_downbeat": false}, {"time": 540, "is_downbeat": false}, {"time": 564, "is_downbeat": false}, {"time": 588, "is_downbeat": true}, {"time": 612, "is_downbeat": false}, {"time": 636, "is_downbeat": false}, {"time": 660, "is_downbeat": false}, {"time": 684, "is_downbeat": true}, {"time": 708, "is_downbeat": false}, {"time": 732, "is_downbeat": false}, {"time": 756, "is_downbeat": false}, {"time": 780, "is_downbeat": true}, {"time": 804, "is_downbeat": false}, {"time": 828, "is_downbeat": false}, {"time": 852, "is_downbeat": false}, {"time": 876, "is_downbeat": true}, {"time": 900, "is_downbeat": false}, {"time": 924, "is_downbeat": false}, {"time": 948, "is_downbeat": false}, {"time": 972, "is_downbeat": true}, {"time": 996, "is_downbeat": false}, {"time": 1020, "is_downbeat": false}, {"time": 1044, "is_downbeat": false}, {"time": 1068, "is_downbeat": true}, {"time": 1092, "is_downbeat": false}, {"time": 1116, "is_downbeat": false}, {"time": 1140, "is_downbeat": false}, {"time": 1164, "is_downbeat": true}, {"time": 1188, "is_downbeat": false}, {"time": 1212, "is_downbeat": false}, {"time": 1236, "is_downbeat": false}, {"time": 1260, "is_downbeat": true}, {"time": 1284, "is_downbeat": false}, {"time": 1308, "is_downbeat": false}, {"time": 1332, "is_downbeat": false}, {"time": 1356, "is_downbeat": true}, {"time": 1380, "is_downbeat": false}, {"time": 1404, "is_downbeat": false}, {"time": 1428, "is_downbeat": false}, {"time": 1452, "is_downbeat": true}, {"time": 1476, "is_downbeat": false}, {"time": 1500, "is_downbeat": false}, {"time": 1524, "is_downbeat": false}]}